tree
version=v4
num_class=1
num_tree_per_iteration=1
label_index=0
max_feature_idx=43
objective=binary sigmoid:1
feature_names=Column_0 Column_1 Column_2 Column_3 Column_4 Column_5 Column_6 Column_7 Column_8 Column_9 Column_10 Column_11 Column_12 Column_13 Column_14 Column_15 Column_16 Column_17 Column_18 Column_19 Column_20 Column_21 Column_22 Column_23 Column_24 Column_25 Column_26 Column_27 Column_28 Column_29 Column_30 Column_31 Column_32 Column_33 Column_34 Column_35 Column_36 Column_37 Column_38 Column_39 Column_40 Column_41 Column_42 Column_43
feature_infos=[5000:35000] [8.8599999999999994:30.989999999999998] [116.29000000000001:1504.8499999999999] [18000:350000] [1:45] [0:4] [602:847] [0:5] [2:28] [0:3] [500:115700] [0:115] [6:46] [0:13] [0:2] [3:43.5] [0.0056509552829849055:0.99945114160324422] [0.014285673469504373:1.9443364257541247] [0.0017985546814579803:0.50687308889562266] [0:1] [0:1] [513.5:10846.5] [0:1] [0:1] [0:1] [0:1] [0:1] [0:1] [0:1] [0:1] [0:1] [0:1] [0:1] [0:1] [0:1] [0:1] [0:1] [0:1] [0:1] [0:1] [0:1] [0:1] [0:1] [0:1]
tree_sizes=3452 3480 3485 3466 3491 3505 3508 3521 3511 3514 3484 3485 3492 3515 3499 3494 3491 3506 3500 3511 3502 3508 3497 3528 3509 3493 3518 3509 3502 3534 3528 3511 3535 3496 3523 3492 3503 3519 3514 3529 3514 3518 3506 3541 3507 3515 3536 3527 3504 3509 3529 3531 3548 3508 3520 3514 3505 3511 3514 3504 3509 3507 3525 3485 3513 3504 3484 3522 3528 3500 3498 3500 3513 3528 3538 3499 3496 3515 3527 3565 3519 3478 3492 3489 3522 3519 3524 3491 3493 3508 3487 3494 3495 3498 3484 3500 3495 3492 3490 3488 3519 3494 3509 3476 3497 3510 3502 3502 3489 3495 3506 3487 3480 3474 3485 3480 3499 3490 3498 3489 3485 3475 3505 3488 3490 3467 3474 3475 3471 3496 3470 3494 3458 3487 3489 3491 3475 3474 3493 3482 3475 3478 3482 3495 3484 3482 3470 3491 3488 3481 3462 3486 3462 3467 3505 3502 3485 3513 3464 3499 3470 3478 3506 3478 3459 3496 3493 3474 3489 3480 3485 3486 3501 3466 3472 3477 3483 3502 3485 3452 3447 3472 3441 3432 3465 3457 3481 3489 3472 3447 3461 3443 3431 3484 3461 3481 3474 3480 3451 3479

Tree=0
num_leaves=31
num_cat=0
split_feature=1 16 1 16 1 5 5 9 1 7 9 5 1 5 11 7 11 5 5 9 7 1 9 1 1 11 5 1 11 11
split_gain=18057.1 3454.85 2536.35 2193.9 2043.66 954.816 860.205 614.657 567.812 483.29 478.817 436.769 421.001 482.597 382.217 352.056 351.865 252.896 223.271 217.43 205.064 196.864 189.625 183.609 179.215 133.537 123.032 120.191 108.62 103.592
threshold=24.735000000000003 0.12175275209719195 27.715000000000003 0.11515276991912404 21.655000000000005 1.0000000180025095e-35 1.0000000180025095e-35 1.0000000180025095e-35 27.005000000000006 1.5000000000000002 1.0000000180025095e-35 1.0000000180025095e-35 22.545000000000005 1.0000000180025095e-35 52.150000000000013 1.5000000000000002 44.550000000000004 1.0000000180025095e-35 1.0000000180025095e-35 1.0000000180025095e-35 1.5000000000000002 18.975000000000005 1.0000000180025095e-35 30.985000000000003 29.695000000000004 58.850000000000001 1.0000000180025095e-35 20.035000000000004 59.650000000000013 53.250000000000007
decision_type=2 2 2 2 2 2 2 2 2 2 2 2 2 2 2 2 2 2 2 2 2 2 2 2 2 2 2 2 2 2
left_child=3 2 6 12 11 7 10 9 14 -6 15 19 -1 22 17 -2 18 20 23 -5 -3 -13 -14 -4 26 -8 -18 -21 -15 -7
right_child=1 8 16 4 5 29 25 -9 -10 -11 -12 21 13 28 -16 -17 24 -19 -20 27 -22 -23 -24 -25 -26 -27 -28 -29 -30 -31
leaf_value=-0.67435230516423961 -0.63238101799743229 -0.56185278396037419 -0.56724528740589741 -0.66686440850112483 -0.61780411163310045 -0.51779026400885986 -0.54260811835417722 -0.50336519543248515 -0.4432682842046477 -0.53675878112978281 -0.53395056067785696 -0.64395484244191314 -0.66271471875732502 -0.60534047061012453 -0.46431743617195298 -0.56625877756389176 -0.51185268020432639 -0.45342361232370609 -0.45895435687573638 -0.64299014181776315 -0.47394282953455497 -0.56382368363711255 -0.60589641658910121 -0.48494889542044883 -0.45007679668295808 -0.4765469039498389 -0.44438139131103138 -0.56386346776101359 -0.53980907060366812 -0.45971554431454986
leaf_weight=4046.9978145360947 1419.6491228342056 461.9766252040863 420.68775105476379 1737.8028364181519 1290.5066998004913 225.71251201629639 286.04014480113983 269.75397777557373 1563.7014170885086 333.29296743869781 275.94730889797211 178.91845464706421 1536.1755009889603 249.56830596923828 709.48048746585846 364.2596230506897 490.87883710861206 138.31772840023041 123.86662244796753 167.44932293891907 120.42588293552399 288.10458850860596 245.21003592014313 127.07797932624817 500.51290774345398 179.14783728122711 121.3434134721756 117.67329132556915 143.36414635181427 216.76658928394318
leaf_count=17643 6189 2014 1834 7576 5626 984 1247 1176 6817 1453 1203 780 6697 1088 3093 1588 2140 603 540 730 525 1256 1069 554 2182 781 529 513 625 945
internal_value=-0.590969 -0.517768 -0.552165 -0.639362 -0.609004 -0.568693 -0.59086 -0.587236 -0.468258 -0.601169 -0.607502 -0.646822 -0.662912 -0.641618 -0.49558 -0.618879 -0.497408 -0.526355 -0.531702 -0.658897 -0.543675 -0.594522 -0.654894 -0.548153 -0.476708 -0.517167 -0.49848 -0.610334 -0.581431 -0.48934
internal_weight=18350.6 7303.31 4309.41 11047.3 4825.98 2336.03 2525.04 1893.55 2993.9 1623.8 2059.86 2489.95 6221.32 2174.32 1430.2 1783.91 1784.37 720.72 671.632 2022.93 582.403 467.023 1781.39 547.766 1112.74 465.188 612.222 285.123 392.932 442.479
internal_count=80000 31839 18787 48161 21039 10184 11008 8255 13052 7079 8980 10855 27122 9479 6235 7777 7779 3142 2928 8819 2539 2036 7766 2388 4851 2028 2669 1243 1713 1929
is_linear=0
shrinkage=1


Tree=1
num_leaves=31
num_cat=0
split_feature=1 17 17 1 1 20 20 20 7 20 1 1 1 20 18 20 11 11 11 18 7 7 11 1 18 7 1 7 7 1
split_gain=15881.7 3790.09 2821.97 2421.24 1956.45 1291.4 1187.08 870.245 494.802 462.326 485.547 441.234 433.708 410.864 384.98 373.038 328.358 324.353 313.857 223.87 205.731 188.708 182.823 175.782 147.723 142.117 131.765 133.485 120.55 116.236
threshold=24.985000000000003 0.24971626387090243 0.24971626387090243 22.185000000000006 28.005000000000006 1.0000000180025095e-35 1.0000000180025095e-35 1.0000000180025095e-35 1.5000000000000002 1.0000000180025095e-35 22.275000000000002 27.005000000000006 19.755000000000006 1.0000000180025095e-35 0.075828036234244736 1.0000000180025095e-35 61.250000000000007 46.850000000000001 50.050000000000004 0.062044795807522403 1.5000000000000002 1.5000000000000002 49.250000000000007 29.795000000000005 0.036312088435672241 1.5000000000000002 20.705000000000002 1.5000000000000002 1.5000000000000002 29.895000000000003
decision_type=2 2 2 2 2 2 2 2 2 2 2 2 2 2 2 2 2 2 2 2 2 2 2 2 2 2 2 2 2 2
left_child=2 4 9 7 6 8 16 26 14 -1 -11 15 -9 18 -5 17 25 28 23 -8 -12 -18 -14 -6 -7 -2 -4 -28 -3 -20
right_child=1 11 3 5 13 24 19 12 -10 10 20 -13 22 -15 -16 -17 21 -19 29 -21 -22 -23 -24 -25 -26 -27 27 -29 -30 -31
leaf_value=-0.083438160270374068 -0.067042375511457294 0.01616905888901438 -0.08002159019913907 -0.039558720444363357 -0.010362051964989837 0.055067079188472493 0.02457066594977847 -0.043714545653346024 0.06769014422043583 -0.073488554968334383 -0.026590681099199674 0.13681409967296998 -0.0031643188240040318 0.13062570745357802 0.028839471847379502 0.13794643327743894 -0.016173814830385245 0.10127004297146372 0.066535440649905409 0.094430613136069916 0.049721355019534022 0.069754287379179589 0.069261938323735506 0.063067554166189949 0.11696636008464517 -0.011063778610628155 -0.061272984418964338 0.0026815750906180689 0.096626414771504396 0.12140042932914757
leaf_weight=4169.8442876189947 799.16028328239918 336.9163616001606 1371.9322184920311 781.55012367665768 239.74707719683647 188.29928201436996 318.64662759006023 436.29723876714706 342.67971819639206 1029.2364250421524 577.00748920440674 1859.9950850754976 222.08553102612495 447.20452871918678 477.08261843025684 452.83092521131039 434.09611585736275 584.57395745813847 297.96517364680767 342.77646026015282 163.13660918176174 116.75337886810303 288.41408039629459 229.91539092361927 527.95487010478973 205.18981009721756 592.98126035928726 146.51680438220501 83.694624185562134 260.58544927835464
leaf_count=18612 3520 1461 6122 3432 1035 804 1366 1927 1474 4603 2517 7831 961 1891 2092 1919 1911 2485 1270 1463 711 505 1246 981 2245 888 2632 645 355 1096
internal_value=-6.09427e-05 0.070904 -0.0440262 -0.0125311 0.0290804 0.0337249 -0.00655356 -0.0475845 0.00377049 -0.0725335 -0.0468349 0.117442 0.000212119 0.0826158 -0.0136325 0.0927294 -0.0351882 0.0723594 0.0617346 0.0607749 -0.0097706 0.00203878 0.0377539 0.0255842 0.100693 -0.0556059 -0.0690172 -0.0486017 0.0321787 0.0921321
internal_weight=18325.1 7010.05 11315 5375.79 3692.04 2317.57 2216.62 3058.23 1601.31 5939.22 1769.38 3318.01 946.797 1475.42 1258.63 1458.02 1555.2 1005.18 1028.21 661.423 740.144 550.849 510.5 469.662 716.254 1004.35 2111.43 739.498 420.611 558.551
internal_count=80000 29977 50023 23580 15926 10047 9653 13533 6998 26443 7831 14051 4134 6273 5524 6220 6824 4301 4382 2829 3228 2416 2207 2016 3049 4408 9399 3277 1816 2366
is_linear=0
shrinkage=0.06


Tree=2
num_leaves=31
num_cat=0
split_feature=1 17 17 1 20 20 1 1 1 20 20 11 20 1 11 11 18 11 18 1 18 1 18 1 1 11 18 18 1 1
split_gain=14074.7 3660.47 2211.87 1993.73 1778.64 1077.33 1035.09 976.792 490.735 414.806 360.912 354.216 345.308 354.882 321.534 316.487 286.998 247.329 211.183 192.053 152.811 152.809 121.099 115.124 107.267 100.917 87.5211 84.5854 82.0735 81.7355
threshold=24.615000000000006 0.24971626387090243 0.24971626387090243 27.715000000000003 1.0000000180025095e-35 1.0000000180025095e-35 20.095000000000002 22.505000000000006 26.515000000000004 1.0000000180025095e-35 1.0000000180025095e-35 57.150000000000013 1.0000000180025095e-35 22.275000000000002 40.95000000000001 51.850000000000001 0.1197441737293143 40.050000000000004 0.067539352603938424 29.605000000000004 0.044154983995680054 20.705000000000002 0.069766028348669365 30.875000000000004 22.275000000000002 61.250000000000007 0.03062466378133754 0.039472515616741088 18.555000000000003 23.195000000000004
decision_type=2 2 2 2 2 2 2 2 2 2 2 2 2 2 2 2 2 2 2 2 2 2 2 2 2 2 2 2 2 2
left_child=2 3 12 5 7 16 28 21 10 14 15 -9 -1 -14 23 27 25 29 -7 -16 -15 -4 -23 -5 -19 -2 -10 -3 -6 -8
right_child=1 8 4 9 6 18 17 11 26 -11 -12 -13 13 20 19 -17 -18 24 -20 -21 -22 22 -24 -25 -26 -27 -28 -29 -30 -31
leaf_value=-0.081704766136703105 -0.062650934827790966 -0.0034247035731681755 -0.077358073497061502 -0.01351519987551561 -0.058837950547890219 0.016853090776669626 0.002368133216008633 -0.025528236550906275 0.096294985706934816 0.11690866914445221 0.12118865667583129 0.039819905148391073 -0.070888864035613328 -0.052193687007587794 0.044968788061528098 0.090440516198313767 0.010757203251541865 0.061327345655578486 0.08167258605235668 0.10422005301175637 0.009150576863781807 -0.063392220733729854 -0.018315361603074738 0.064118011370030578 0.10663613424624376 -0.025250060208080564 0.12747266506348534 0.04616258587615394 -0.0097505314144080268 0.065946419609490159
leaf_weight=3828.1869408935308 975.50852988660336 230.64371427893639 1335.1460421979427 276.74828259646893 265.09069009125233 385.73409068584442 209.70951515436172 702.58662286400795 393.35906559228897 512.46766993403435 463.50451539456844 519.3354247957468 1003.7459636777639 231.18444730341434 406.39676590263844 510.06341986358166 318.02055239677429 330.1171869635582 340.82636250555515 382.1009114086628 397.61294494569302 534.36253802478313 358.49341297149658 91.502455949783325 437.27502554655075 353.95797665417194 1841.9083217084408 267.4284183382988 228.15901862084866 111.49653029441833
leaf_count=17592 4373 990 6122 1198 1192 1646 898 3086 1622 2114 1913 2265 4603 1016 1722 2130 1409 1403 1431 1578 1741 2397 1603 383 1816 1563 7574 1145 1007 468
internal_value=-0.000113648 0.0612075 -0.0454079 0.0217251 -0.0167096 -0.0136038 0.0359718 -0.0408648 0.104273 0.0719717 0.0773676 0.00224572 -0.0718518 -0.0487475 0.0520635 0.0572202 -0.0404452 0.0686424 0.0472596 0.0736816 -0.0134033 -0.0645083 -0.0452933 0.005775 0.0871452 -0.0526933 0.121986 0.0232001 -0.0361319 0.0244373
internal_weight=18242.7 7750.17 10492.5 4043.26 5031.77 2374.05 1581.85 3449.92 3706.91 1669.22 1471.64 1221.92 5460.73 1632.54 1156.75 1008.14 1647.49 1088.6 726.56 788.498 628.797 2228 892.856 368.251 767.392 1329.47 2235.27 498.072 493.25 321.206
internal_count=80000 32791 47209 17417 22257 10422 6784 15473 15374 6995 6178 5351 24952 7360 4881 4265 7345 4585 3077 3300 2757 10122 4000 1581 3219 5936 9196 2135 2199 1366
is_linear=0
shrinkage=0.06


Tree=3
num_leaves=31
num_cat=0
split_feature=1 17 17 1 20 20 1 1 1 20 1 20 11 20 1 11 7 11 7 7 7 7 11 7 7 11 11 11 1 7
split_gain=12488.8 3278.4 1920.85 1859.16 1519.83 899.314 856.944 811.553 480.67 457.166 361.531 360.855 302.817 294.969 292.671 282.176 243.872 220.678 217.446 189.297 175.19 161.561 161.04 159.361 158.192 152.772 151.359 150.018 132.538 131.844
threshold=24.455000000000002 0.24971626387090243 0.24971626387090243 27.315000000000001 1.0000000180025095e-35 1.0000000180025095e-35 20.095000000000002 22.505000000000006 26.515000000000004 1.0000000180025095e-35 29.025000000000002 1.0000000180025095e-35 51.850000000000001 1.0000000180025095e-35 21.985000000000003 56.250000000000007 1.5000000000000002 51.550000000000004 1.5000000000000002 1.5000000000000002 1.5000000000000002 1.5000000000000002 58.850000000000001 1.5000000000000002 1.5000000000000002 40.050000000000004 49.850000000000001 85.050000000000011 20.095000000000002 1.5000000000000002
decision_type=2 2 2 2 2 2 2 2 2 2 2 2 2 2 2 2 2 2 2 2 2 2 2 2 2 2 2 2 2 2
left_child=2 3 13 5 7 16 -6 23 11 10 18 12 19 -1 -15 21 27 29 -5 -3 22 -9 -7 -4 -16 -12 -18 -2 -25 -8
right_child=1 8 4 9 6 20 17 15 -10 -11 25 -13 -14 14 24 -17 26 -19 -20 -21 -22 -23 -24 28 -26 -27 -28 -29 -30 -31
leaf_value=-0.079713973844524597 -0.062695502697391464 0.00024042056235468396 -0.070256958215825019 -0.0095467586762256734 -0.034402608530886399 -0.0022584732614325024 0.017223455616870085 -0.042397078674038718 0.11275124217325645 0.10567727949411962 0.028744853706093181 0.11134451097070117 0.081534809959627891 -0.070536548867505169 -0.03367882490920935 0.033871949164283252 -0.0426086259445475 0.087466258226359409 0.079114226502297769 0.086169800429913179 0.097746335290260888 0.031427894347468795 0.063780870996539174 -0.062855433476211406 0.037297681071285262 0.089440761295469573 0.03884630373914881 0.010120340851002205 0.0032873578554266001 0.095587448606861719
leaf_weight=3616.0149283707142 1117.631604000926 427.12395162880421 1740.0989366322756 488.25057792663574 487.23818400502205 348.13967180252075 396.94644844532013 491.5157362818718 2271.9583564549685 593.25312875211239 212.66684871912003 518.52354817092419 563.70397983491421 908.12384748458862 507.55327141284943 505.16811563074589 150.18608203530312 562.8034128844738 125.09885513782501 117.73078136146069 140.98298813402653 136.31247271597385 215.0429363399744 217.58154714107513 145.44001093506813 500.93873634934425 181.22018465399742 112.07139430940151 218.67235980927944 95.979962036013603
leaf_count=17139 5114 1841 8115 2117 2199 1477 1669 2198 9196 2415 901 2105 2326 4276 2262 2181 670 2320 534 489 591 581 895 1027 635 2050 791 502 980 404
internal_value=-0.000153537 0.0553367 -0.044883 0.0184592 -0.0177606 -0.018358 0.0314169 -0.0406893 0.0949233 0.0618926 0.0423174 0.0700295 0.0507046 -0.0703038 -0.048507 0.000490921 -0.0437482 0.0617938 0.00853655 0.0188078 0.0379313 -0.0263684 0.0229577 -0.0621275 -0.0178704 0.0713523 0.00193271 -0.0560593 -0.0297013 0.0324821
internal_weight=18114 8084.52 10029.4 4185.48 4852.32 2265.27 1542.97 3309.35 3899.04 1920.21 1326.96 1627.08 1108.56 5177.13 1561.12 1133 1561.11 1055.73 613.349 544.855 704.166 627.828 563.183 2176.35 652.993 713.606 331.406 1229.7 436.254 492.926
internal_count=80000 34014 45986 18057 21674 10040 6592 15082 15957 8017 5602 6761 4656 24312 7173 4960 7077 4393 2651 2330 2963 2779 2372 10122 2897 2951 1461 5616 2007 2073
is_linear=0
shrinkage=0.06


Tree=4
num_leaves=31
num_cat=0
split_feature=1 17 17 1 28 20 20 20 20 1 11 1 18 7 7 1 20 18 11 7 7 7 7 18 1 18 7 20 18 18
split_gain=11147.2 2497.68 2073.69 2029.8 1093.88 865.243 802.002 797.457 469.759 452.471 388.09 360.06 324.848 245.97 231.062 216.737 193.473 189.697 187.458 181.433 161.418 155.691 140.482 133.19 130.533 127.009 123.428 114.576 91.3639 85.7604
threshold=25.325000000000003 0.24971626387090243 0.25167468530620707 22.585000000000004 1.0000000180025095e-35 1.0000000180025095e-35 1.0000000180025095e-35 1.0000000180025095e-35 1.0000000180025095e-35 22.545000000000005 43.050000000000004 19.755000000000006 0.1197441737293143 1.5000000000000002 1.5000000000000002 27.715000000000003 1.0000000180025095e-35 0.042439474017635086 53.050000000000004 1.5000000000000002 1.5000000000000002 1.5000000000000002 1.5000000000000002 0.062044795807522403 20.095000000000002 0.069766028348669365 1.5000000000000002 1.0000000180025095e-35 0.036312088435672241 0.10791687556475567
decision_type=2 2 2 2 2 2 2 2 2 2 2 2 2 2 2 2 2 2 2 2 2 2 2 2 2 2 2 2 2 2
left_child=1 8 4 7 17 12 10 20 -1 -10 22 -9 13 -6 -12 16 18 27 26 25 29 -13 -5 -7 -22 -11 -4 -2 -8 -3
right_child=2 3 15 6 5 23 28 11 9 19 14 21 -14 -15 -16 -17 -18 -19 -20 -21 24 -23 -24 -25 -26 -27 -28 -29 -30 -31
leaf_value=-0.075261808379188389 0.011617835250910823 -0.073306037896953322 0.030674626368642512 -0.045390740021543648 -0.050733969470289748 0.031393724087509615 0.051180824412596429 -0.038253867461568142 -0.064497022783071178 -0.043786810644254562 0.017778318650198559 0.018545770180301645 0.033331599016999038 0.015556136938230294 0.086524955456737718 0.11321372725283085 0.11260319459881779 0.087333324623225142 0.09314719351513652 0.05025890744541095 -0.060651010790109393 0.093168434940472916 0.027750529065120374 0.084644456081801156 0.0046323639960455191 0.012247510883034336 0.097500880805018231 0.087569965247580345 0.099103108308967583 -0.037385892406988301
leaf_weight=4008.5877941250801 233.71560002863407 1444.0450798124075 470.1229442358017 433.15376763045788 926.55963867902756 319.03207466006279 193.70476873219013 419.35757726430893 1016.3037682920694 333.34409539401531 801.25885328650475 497.41295306384563 302.70703995227814 257.50814554095268 225.55171427130699 1505.1320970654488 509.67749942839146 940.62055312097073 560.48442642390728 174.8224438726902 212.12877205014229 126.18633277714252 120.92937424778938 359.78116720914841 229.60060587525368 258.58812384307384 126.21150720119476 103.0181989222765 549.5122647434473 286.80898204445839
leaf_count=19516 980 6925 1958 1945 4251 1333 794 1927 4897 1477 3451 2085 1328 1118 937 6031 2045 3829 2260 739 1027 525 507 1465 1025 1121 511 414 2221 1358
internal_value=-0.000185655 -0.0363153 0.0617074 -0.00751215 0.0294634 0.00348939 0.0352083 -0.0383894 -0.0638652 -0.0382439 0.0110416 0.004736 -0.0221368 -0.0363174 0.0328794 0.0967096 0.0818036 0.0734989 0.0682338 -0.00344651 -0.0590919 0.0336458 -0.0294276 0.0596174 -0.0267182 -0.019308 0.0448181 0.0348541 0.0866131 -0.0673539
internal_weight=17945.9 11331.3 6614.57 5539.65 3442.94 2165.59 2324.11 3215.54 5791.65 1783.06 1580.89 1042.96 1486.77 1184.07 1026.81 3171.63 1666.5 1277.35 1156.82 766.755 2172.58 623.599 554.083 678.813 441.729 591.932 596.334 336.734 743.217 1730.85
internal_count=80000 52477 27523 24727 14718 9495 9855 14872 27750 8234 6840 4537 6697 5369 4388 12805 6774 5223 4729 3337 10335 2610 2452 2798 2052 2598 2469 1394 3015 8283
is_linear=0
shrinkage=0.06


Tree=5
num_leaves=31
num_cat=0
split_feature=1 17 17 1 20 20 1 1 1 20 20 18 11 11 20 1 11 1 11 18 18 18 1 1 1 11 11 18 18 11
split_gain=10038.6 2624.98 1551.48 1548.8 1186.18 764.387 634.789 614.619 410.13 362.495 342.503 301.358 287.816 286.973 241.698 225.469 223.373 185.071 174.813 150.753 122.098 102.853 102.624 96.2755 96.1071 85.8652 71.173 67.3311 66.4263 62.2969
threshold=24.295000000000005 0.24971626387090243 0.24971626387090243 27.315000000000001 1.0000000180025095e-35 1.0000000180025095e-35 20.385000000000002 21.405000000000005 27.005000000000006 1.0000000180025095e-35 1.0000000180025095e-35 0.077635864499495402 53.050000000000004 51.550000000000004 1.0000000180025095e-35 21.985000000000003 69.050000000000011 29.795000000000005 52.45000000000001 0.067539352603938424 0.044871147691895326 0.034681245635543728 30.755000000000006 23.155000000000005 18.555000000000003 46.050000000000004 60.45000000000001 0.133326211207275 0.032346359340783427 72.350000000000009
decision_type=2 2 2 2 2 2 2 2 2 2 2 2 2 2 2 2 2 2 2 2 2 2 2 2 2 2 2 2 2 2
left_child=2 3 14 5 7 16 24 -4 10 13 12 25 21 17 -1 -16 27 -5 28 -7 -17 -3 -15 -13 -6 -9 -26 -2 -8 -22
right_child=1 8 4 9 6 19 18 11 -10 -11 -12 23 -14 22 15 20 -18 -19 -20 -21 29 -23 -24 -25 26 -27 -28 -29 -30 -31
leaf_value=-0.075907393860557545 -0.058499990342542663 -0.0073354313187318932 -0.066180160491929124 -0.017247181467556102 -0.053613905276722738 0.0067888808664506835 0.00045199161828259689 -0.048526042718401614 0.10188038526067832 0.093236810650729057 0.099216299518036066 0.00028225288113292848 0.074753650448881548 0.050962570663280277 -0.066274082457665751 -0.053331038763122174 -0.0028759648626154933 0.048731421335048722 0.079291689273707777 0.060420869863893278 -0.012119528322947309 0.038731248110335265 0.10495380095461225 0.049653529091631718 -0.025525286729333629 -0.013069661502505483 0.036822740701300573 -0.0048455811995308006 0.046609377786454506 0.043177559260735895
leaf_weight=3296.2004027962685 1102.9137585610151 281.89223785698414 1540.295021623373 394.57895581424236 252.79843583703041 404.45601408183575 186.02569800615311 557.94252176582813 1956.4506339430809 601.74826768040657 670.19191834330559 331.22975794970989 704.96076615154743 527.01062607765198 858.50573337078094 224.16782443225384 405.78895644843578 250.03492569923401 500.20405340194702 353.65801160037518 274.56376379728317 457.90008878707886 166.86519950628281 249.14155879616737 180.58840188384056 439.62741483747959 103.79875428974628 91.158377408981323 282.99574913084507 100.07768911123276
leaf_count=16694 5258 1202 7628 1722 1192 1716 776 2567 7831 2415 2685 1481 2861 2188 4276 1028 1849 1024 2024 1449 1226 1926 668 1064 805 1969 456 415 1164 441
internal_value=-0.000210638 0.0475558 -0.0428402 0.0148527 -0.0180982 -0.0178183 0.0256208 -0.0392187 0.0820808 0.0545579 0.0637651 -0.0129005 0.0473199 0.0371689 -0.0669114 -0.0465639 -0.0413343 0.00834481 0.0546172 0.031808 -0.0183056 0.0211779 0.0639465 0.0214763 -0.0266964 -0.0329005 -0.00276882 -0.0544039 0.0283022 0.00265194
internal_weight=17747.8 8369.61 9378.16 4298.21 4624.65 2357.98 1506.41 3118.24 4071.4 1940.24 2114.95 1577.94 1444.75 1338.49 4753.52 1457.32 1599.86 644.614 969.226 758.114 598.809 739.792 693.876 580.371 537.186 997.57 284.387 1194.07 469.021 374.641
internal_count=80000 35209 44791 18704 21126 10687 6417 14709 16505 8017 8674 7081 5989 5602 23665 6971 7522 2746 3964 3165 2695 3128 2856 2545 2453 4536 1261 5673 1940 1667
is_linear=0
shrinkage=0.06


Tree=6
num_leaves=31
num_cat=0
split_feature=1 1 16 20 16 20 16 1 20 16 1 20 11 1 22 16 18 1 11 11 11 18 11 11 1 18 18 22 22 16
split_gain=9010.42 1776.65 1543.8 1066.89 692.287 677.786 458.357 428.894 381.099 355.28 366.851 340.005 294.954 257.126 236.243 359.538 190.225 184.232 173.689 145.773 143.641 101.886 100.693 94.9942 92.8054 78.3586 76.8246 74.2809 67.9321 103.788
threshold=23.895000000000003 27.005000000000006 0.11980588407949559 1.0000000180025095e-35 0.11515276991912404 1.0000000180025095e-35 0.10229721760017789 20.385000000000002 1.0000000180025095e-35 0.11242932645206684 21.305000000000003 1.0000000180025095e-35 53.250000000000007 29.025000000000002 1.0000000180025095e-35 0.091088865779001729 0.07815182768980064 21.305000000000003 50.95000000000001 54.850000000000001 64.550000000000011 0.13953105292688242 67.550000000000011 40.050000000000004 25.745000000000001 0.036312088435672241 0.054157139340349027 1.0000000180025095e-35 1.0000000180025095e-35 0.12557380605498161
decision_type=2 2 2 2 2 2 2 2 2 2 2 2 2 2 2 2 2 2 2 2 2 2 2 2 2 2 2 2 2 2
left_child=3 2 5 9 17 14 11 26 12 -1 -11 13 24 18 15 -2 -12 -5 -3 27 25 -16 -19 -15 -4 -9 -6 -7 -8 -30
right_child=1 6 8 4 7 19 28 20 -10 10 16 -13 -14 23 21 -17 -18 22 -20 -21 -22 -23 -24 -25 -26 -27 -28 -29 29 -31
leaf_value=-0.072993250147122088 -0.029825435498637223 -0.021352397456762082 -0.0051508589717674507 -0.062713137813569547 -0.049868871385346784 0.037504986643296073 0.10208161637201513 -0.002215740656261993 0.091649983875632474 -0.06498860124838933 -0.038044659038796003 0.087128147248459492 0.064841711296640459 0.026628262592712577 -0.058483509314987726 0.069928220478635672 0.0090036504119541481 -0.032963556247479625 0.037543659957591714 0.057354748105939123 0.081385847615715254 -0.0064991303045141323 0.020595099919285442 0.075044048243621972 0.03802280060476896 0.044626705644912106 -0.0018277564531267287 -0.010208095644857222 0.03808109754174227 0.088735086290773729
leaf_weight=3086.1687822490931 575.89370566606522 345.99822470545769 464.7275465130806 754.48223730921745 249.06929068267345 193.2313174456358 1001.5602720975876 203.20213486254215 693.13855150341988 1370.3621808737516 842.32993939518929 638.45255379378796 736.54317253828049 208.66239030659199 946.67704185843468 168.02446956932545 488.95721320807934 503.33288429677486 376.32064618170261 397.01012364029884 261.49345424771309 158.44460208714008 168.73243400454521 484.95494748651981 291.77721662819386 349.99429860711098 230.9474101215601 299.57130166888237 175.2556899189949 861.15179517865181
leaf_count=16146 2771 1550 2006 3838 1154 812 4024 843 2781 6996 3908 2565 2993 866 4637 705 2160 2354 1602 1634 1052 733 769 1948 1206 1422 1057 1277 730 3461
internal_value=-0.000229723 0.0415607 0.0172838 -0.0445167 -0.0135323 -0.0127286 0.0707774 0.0182341 0.0548834 -0.0590846 -0.0431965 0.0507777 0.0378147 0.034387 -0.0334343 -0.00729466 -0.0207647 -0.0423628 0.00933184 0.0302979 0.0447418 -0.0510304 -0.0195168 0.060479 0.0115008 0.0274204 -0.0267552 0.00850053 0.0909382 0.0801695
internal_weight=17526.5 9017.4 4925.04 8509.07 2721.25 2738.85 4092.36 1294.71 2186.19 5787.82 2701.65 2054.39 1493.05 1415.94 1849.04 743.918 1331.29 1426.55 722.319 889.813 814.69 1105.12 672.065 693.617 756.505 553.196 480.017 492.803 2037.97 1036.41
internal_count=80000 38301 21555 41699 12489 12569 16746 5528 8986 29210 13064 8531 6205 5966 8846 3476 6068 6961 3152 3723 3317 5370 3123 2814 3212 2265 2211 2089 8215 4191
is_linear=0
shrinkage=0.06


Tree=7
num_leaves=31
num_cat=0
split_feature=29 28 16 27 16 20 20 20 7 27 20 11 7 7 20 18 22 16 18 22 16 18 11 11 7 7 22 20 20 7
split_gain=4762.33 4139.74 1383.3 1090.71 1066.99 828.263 566.808 435.287 413.519 287.934 271.258 262.583 259.197 214.75 181.505 163.396 163.329 162.891 151.168 128.472 173.277 128.386 103.207 96.1691 95.422 86.1152 75.454 70.6847 62.4111 65.9642
threshold=1.0000000180025095e-35 1.0000000180025095e-35 0.11515276991912404 1.0000000180025095e-35 0.092454592916501793 1.0000000180025095e-35 1.0000000180025095e-35 1.0000000180025095e-35 1.5000000000000002 1.0000000180025095e-35 1.0000000180025095e-35 52.750000000000007 1.5000000000000002 1.5000000000000002 1.0000000180025095e-35 0.062959523526995895 1.0000000180025095e-35 0.10229721760017789 0.036312088435672241 1.0000000180025095e-35 0.086975710945321 0.042890026806625681 58.850000000000001 48.350000000000001 1.5000000000000002 1.5000000000000002 1.0000000180025095e-35 1.0000000180025095e-35 1.0000000180025095e-35 1.5000000000000002
decision_type=2 2 2 2 2 2 2 2 2 2 2 2 2 2 2 2 2 2 2 2 2 2 2 2 2 2 2 2 2 2
left_child=1 2 7 14 6 8 12 19 -5 -9 11 16 15 -11 -4 -3 -6 21 -7 20 -1 27 25 -14 -16 -8 -13 -2 29 -23
right_child=17 4 3 5 10 18 22 9 -10 13 -12 26 23 -15 24 -17 -18 -19 -20 -21 -22 28 -24 -25 -26 -27 -28 -29 -30 -31
leaf_value=-0.060069781646625527 0.012669362550075601 -0.059466974093141653 -0.068355090406586619 -0.026311662805774832 0.05754602829663185 0.014570252735896018 0.014312569303723285 -0.065048554116914639 0.036925771940265792 -0.026923779709856436 0.086751856869570348 0.092551076750563496 -0.012927580001994572 0.035168318960039573 -0.03670510819443102 -0.012672974167635274 0.0051394360898168031 0.094496461443305105 0.065340095150535987 -0.072555555074174952 0.0085375260504098761 0.055126408085251516 0.076792210851525863 0.055213614718829442 0.030059429299333269 0.082230495165554654 0.056110738437795606 0.072749287729781439 0.099460575132741702 0.10445362105894114
leaf_weight=607.01098681986332 228.5406024903059 510.7734898775816 986.19175697863102 1714.1868967711926 328.3727889508009 288.54480944573879 332.26276297867298 574.11668112874031 475.53183987736702 899.01593439280987 834.45698840916157 310.68905867636204 125.72525557875633 258.0875282138586 400.06109201908112 566.66565084457397 615.14039942622185 1166.0496284216642 786.93808311223984 2913.9262443631887 169.5420723259449 504.34897397458553 250.41200876235962 183.22463390231133 95.452818900346756 84.247596144676208 598.83919461071491 101.94238841533661 264.02446632087231 121.01517048478127
leaf_count=3246 949 2479 5233 7979 1345 1185 1368 3013 2043 4213 3377 1250 571 1159 1854 2619 2619 4729 3171 15764 796 2040 1007 783 440 342 2465 410 1063 488
internal_value=-0.000242966 -0.0128379 -0.0344254 -0.0107748 0.0334654 0.00859949 0.000900314 -0.0551323 -0.0125787 -0.0303103 0.0583459 0.0455543 -0.020964 -0.0130744 -0.0534696 -0.0348563 0.0233786 0.0784614 0.0517189 -0.0667764 -0.045091 0.0631338 0.0463516 0.027484 -0.023844 0.0280503 0.0685585 0.0312019 0.0749992 0.0646718
internal_weight=17295.3 14909.4 10168.6 4746.91 4740.81 3265.2 2053.31 5421.7 2189.72 1731.22 2687.5 1853.04 1386.39 1157.1 1481.71 1077.44 943.513 2385.92 1075.48 3690.48 776.553 1219.87 666.922 308.95 495.514 416.51 909.528 330.483 889.389 625.364
internal_count=80000 70321 50096 21905 20225 14378 9169 28191 10022 8385 11056 7679 6452 5372 7527 5098 3964 9679 4356 19806 4042 4950 2717 1354 2294 1710 3715 1359 3591 2528
is_linear=0
shrinkage=0.06


Tree=8
num_leaves=31
num_cat=0
split_feature=1 17 1 17 1 5 1 5 11 11 18 11 5 1 9 5 9 18 1 9 9 11 5 5 9 18 5 11 1 9
split_gain=7396.47 2205.55 1322.74 1005.27 642.337 458.882 431.78 358.819 256.515 253.982 251.005 232.377 214.549 157.111 145.988 141.545 129.342 119.175 117.804 116.876 114.522 109.056 108.292 103.279 95.4482 88.9646 86.8377 77.9289 77.3377 75.0222
threshold=23.735000000000003 0.25167468530620707 27.315000000000001 0.24971626387090243 20.955000000000002 1.0000000180025095e-35 25.795000000000005 1.0000000180025095e-35 39.45000000000001 58.850000000000001 0.099676883636957855 51.550000000000004 1.0000000180025095e-35 30.315000000000001 1.0000000180025095e-35 1.0000000180025095e-35 1.0000000180025095e-35 0.045723388290352142 21.985000000000003 1.0000000180025095e-35 1.0000000180025095e-35 58.650000000000013 1.0000000180025095e-35 1.0000000180025095e-35 1.0000000180025095e-35 0.093343724399960817 1.0000000180025095e-35 85.050000000000011 27.885000000000002 1.0000000180025095e-35
decision_type=2 2 2 2 2 2 2 2 2 2 2 2 2 2 2 2 2 2 2 2 2 2 2 2 2 2 2 2 2 2
left_child=3 2 5 15 12 10 8 9 26 20 14 13 -5 22 -2 -1 21 28 -17 -14 -6 -7 -4 25 -11 -10 -3 -12 -8 -20
right_child=1 6 11 4 7 16 17 -9 23 24 27 -13 19 -15 -16 18 -18 -19 29 -21 -22 -23 -24 -25 -26 -27 -28 -29 -30 -31
leaf_value=-0.070230363139130558 -0.052212206994719082 -0.0060717392218972962 -0.0034797860495665999 -0.05802332271903745 -0.039306047999121976 -0.0053435834414741002 0.045910930518435679 0.049113230137345289 0.033807776213420876 0.0067144954640292196 -0.010027129271654306 0.065703299684179997 -0.021669817197046172 0.061962475700193101 -0.0025285082044477947 -0.058944884118133221 0.099884885745343877 0.08975163887789811 -0.02362025004252866 0.071048530793721532 0.017135980366834478 0.052032942422153172 0.056912934148593601 0.092774765258784489 0.067433867563421609 0.070639375451897454 0.058391771792348911 0.04235298065738051 0.081717065659499655 0.0615675369092199
leaf_weight=3132.3694879114628 1320.4323626756668 396.26345896720886 537.46873345971107 1466.5998935699463 857.37451881170273 302.34167902171612 457.30240745842457 439.66843454539776 575.2475251108408 560.44146175682545 483.28937332332134 1002.1325057148933 341.39087189733982 281.12795493006706 253.83611524105072 488.4911455065012 79.059584066271782 1885.1324788630009 226.06557592749596 57.134599581360817 152.42316262423992 196.93751922249794 133.42269016802311 241.14829796552658 111.79044641554356 400.43530777096748 92.856984436511993 129.69013194739819 413.53492650389671 44.550990849733353
leaf_count=17461 6751 1718 2314 7787 4093 1282 1864 1784 2397 2543 2280 4085 1569 1137 1073 2636 330 7701 1040 261 622 805 539 977 449 1637 376 591 1693 205
internal_value=-0.000253545 0.0363422 0.00774974 -0.0429035 -0.0217287 -0.0189505 0.0665867 0.000851675 0.0428634 -0.0117635 -0.031518 0.0455369 -0.0474153 0.0243089 -0.0442012 -0.0645971 0.0285793 0.0812715 -0.0413523 -0.00837725 -0.0307864 0.0172882 0.00853074 0.0576143 0.016812 0.048924 0.00616632 0.00105511 0.0629142 -0.00959598
internal_weight=17060 9181.66 4719.74 7878.3 3986.82 2765.59 4461.92 2121.7 1705.95 1682.03 2187.25 1954.15 1865.13 952.019 1574.27 3891.48 578.339 2755.97 759.108 398.525 1009.8 499.279 670.891 1216.83 672.232 975.683 489.12 612.98 870.837 270.617
internal_count=80000 39550 21187 40450 19108 13112 18363 9491 7105 7707 10695 8075 9617 3990 7824 21342 2417 11258 3881 1830 4715 2087 2853 5011 2992 4034 2094 2871 3557 1245
is_linear=0
shrinkage=0.06


Tree=9
num_leaves=31
num_cat=0
split_feature=1 1 16 20 20 16 16 20 1 16 1 20 18 22 16 1 18 11 11 1 18 22 11 4 11 11 18 20 18 22
split_gain=6650.83 1356.25 1161 828.172 529.674 491.582 349.97 323.161 287.57 285.334 274.393 264.509 248.892 212.913 268.614 196.523 191.53 177.077 163.781 149.06 145.419 90.1161 87.7224 84.3957 81.6574 81.6189 79.3495 65.5134 77.5482 68.0293
threshold=23.735000000000003 27.005000000000006 0.11980588407949559 1.0000000180025095e-35 1.0000000180025095e-35 0.11242932645206684 0.10229721760017789 1.0000000180025095e-35 18.975000000000005 0.11242932645206684 20.705000000000002 1.0000000180025095e-35 0.069176053305331289 1.0000000180025095e-35 0.088311385425868957 30.755000000000006 0.064338295454867175 61.050000000000004 50.350000000000001 21.005000000000006 0.036722385826990493 1.0000000180025095e-35 82.250000000000014 21.635000000000002 67.550000000000011 75.65000000000002 0.022564461905683331 1.0000000180025095e-35 0.048329682957441507 1.0000000180025095e-35
decision_type=2 2 2 2 2 2 2 2 2 2 2 2 2 2 2 2 2 2 2 2 2 2 2 2 2 2 2 2 2 2
left_child=3 2 4 9 13 19 11 12 -7 -1 -11 15 26 14 -2 18 -12 23 -3 -5 -6 -22 -15 -10 -21 -18 -4 28 29 -8
right_child=1 6 7 5 20 8 27 -9 17 10 16 -13 -14 22 -16 -17 25 -19 -20 24 21 -23 -24 -25 -26 -27 -28 -29 -30 -31
leaf_value=-0.068741710500357919 -0.027431673499784596 -0.0082356138087449817 -0.026450714181762619 -0.061065446428582838 -0.014437581171182141 -0.043482634580592684 0.072922556180440051 0.078742181340856865 -0.0059785573458152209 -0.064315290786490967 -0.043685817459725516 0.07539691905240474 0.055830796657184108 -0.053524584888415841 0.054256092735260504 0.071308142192694407 -0.013356693357723813 0.059683517251279315 0.038051947999318929 -0.032231173959659791 0.067116424407543354 0.022151813374571436 -0.0004971313846692892 0.042174900397073424 0.016507254225304399 0.033078758722615037 0.01785925711087372 0.095054167841659293 0.081140137749422955 0.026102641135475304
leaf_weight=2681.9702438414097 553.10446400940418 506.44959619641304 186.25856363773346 613.52423706650734 251.50389376282692 259.34151370823383 236.0446512401104 719.00597769021988 452.86372819542885 1018.5455557107925 785.38875065743923 629.59553134441376 734.73075672984123 979.74365371465683 196.36454835534096 304.86847653985023 468.45837637782097 380.45274116098881 602.67366763949394 489.57551817595959 255.61799328029156 431.02605085074902 126.84898126125336 184.37521134316921 165.61656066775322 192.1665368527174 664.77251912653446 597.46358996629715 930.94380386173725 212.11915972828865
leaf_count=15668 2809 2236 800 3428 1076 1285 977 2944 1907 5756 3849 2565 3001 5117 818 1233 2176 1563 2497 2401 1050 1791 607 766 782 869 2791 2486 3874 878
internal_value=-0.000262426 0.0343983 0.0138525 -0.0413524 -0.0121498 -0.0133605 0.0604576 0.0453765 0.0129194 -0.0551988 -0.0404611 0.0430474 0.0302481 -0.0307221 -0.00602908 0.0286434 -0.0236587 0.0272924 0.016916 -0.0398126 0.0245943 0.0388909 -0.047446 0.0079539 -0.0199113 0.000150729 0.00816148 0.0784582 0.0712684 0.0507624
internal_weight=16811.4 9119.14 5098.98 7692.28 2794.21 2545.75 4020.16 2304.77 1277.03 5146.53 2464.56 2043.59 1585.76 1856.06 749.469 1413.99 1446.01 1017.69 1109.12 1268.72 938.148 686.644 1106.59 637.239 655.192 660.625 851.031 1976.57 1379.11 448.164
internal_count=80000 39550 22804 40450 13268 12132 16746 9536 5521 28318 12650 8531 6592 9351 3627 5966 6894 4236 4733 6611 3917 2841 5724 2673 3183 3045 3591 8215 5729 1855
is_linear=0
shrinkage=0.06


Tree=10
num_leaves=31
num_cat=0
split_feature=1 17 1 17 20 20 1 7 1 7 20 20 11 7 18 1 7 7 18 20 18 7 11 11 11 7 18 1 1 1
split_gain=5985.37 1783.4 1047.44 914.15 669.045 539.733 389.631 312.835 300.654 269.969 259.857 229.505 214.19 208.77 205.845 184.824 173.197 162.832 158.713 149.038 144.722 141.618 138.103 134.313 129.556 121.825 111.433 85.6719 82.1499 78.0817
threshold=23.735000000000003 0.25167468530620707 27.425000000000004 0.24971626387090243 1.0000000180025095e-35 1.0000000180025095e-35 25.705000000000002 1.5000000000000002 19.755000000000006 1.5000000000000002 1.0000000180025095e-35 1.0000000180025095e-35 54.050000000000004 1.5000000000000002 0.055552609584189429 20.095000000000002 1.5000000000000002 1.5000000000000002 0.10791687556475567 1.0000000180025095e-35 0.069766028348669365 1.5000000000000002 50.95000000000001 52.750000000000007 84.65000000000002 1.5000000000000002 0.03062466378133754 20.095000000000002 22.635000000000002 19.755000000000006
decision_type=2 2 2 2 2 2 2 2 2 2 2 2 2 2 2 2 2 2 2 2 2 2 2 2 2 2 2 2 2 2
left_child=3 2 5 19 7 9 10 18 -6 24 12 13 21 14 -4 -9 20 23 28 -1 -7 -3 -11 -10 -2 -21 -8 -20 -5 -27
right_child=1 6 11 4 8 16 26 15 17 22 -12 -13 -14 -15 -16 -17 -18 -19 27 25 -22 -23 -24 -25 -26 29 -28 -29 -30 -31
leaf_value=-0.069880217635829675 -0.054124188860900833 -0.021325141747484178 -0.01834396596242888 -0.064176637015190524 -0.029720205634287417 -0.01722544623963183 0.04796400370138567 -0.047854274429901228 -0.0058441377542683259 -0.030185864291966142 0.072470844230723253 0.073181393882858173 0.047388089875091563 0.075836289652932085 0.036403012071678904 0.026979240289880673 0.069709583167918102 0.082529960099317734 -0.062421343895743289 -0.054099054852981242 0.035709033638505132 0.049197050594195088 0.040402709125774913 0.044679250031876262 0.005691724740215994 -0.058552764187114095 0.079390663405820572 0.0040741503846361991 -0.032344440280154846 0.014073899352547088
leaf_weight=2458.07141238451 1279.4330204427242 440.64234229922295 398.56280370056629 1245.9887303411961 388.51815436780453 409.9933889657259 494.92307868599892 175.84042564034462 363.45085953176022 185.97128169238567 506.9854523986578 568.02626276016235 553.4593815356493 258.23965473473072 651.2102313041687 366.36264227330685 199.26966696977615 190.51017218828201 93.812060639262199 921.83380445837975 340.22933551669121 133.58870275318623 215.28460647165775 395.60719877481461 145.14289847016335 75.570653289556503 2265.2935052961111 271.96781983971596 381.13927978277206 180.76622402667999
leaf_count=15030 6813 1935 1697 6993 1927 1751 2053 1027 1512 948 2084 2339 2254 1059 2683 1644 810 774 543 4986 1393 545 1007 1607 687 442 9492 1278 1803 884
internal_value=-0.000268782 0.0326007 0.0067051 -0.039865 -0.0195813 -0.0167043 0.0600074 -0.0376983 0.0147429 -0.0357852 0.0367929 0.0413359 0.0207529 0.0275064 0.0156175 0.00271018 0.0199875 0.0329352 -0.0486921 -0.0614705 0.00678058 -0.00491891 0.00768681 0.0204877 -0.0480298 -0.043925 0.0737557 -0.01298 -0.0567202 -0.00733716
internal_weight=16555.7 9046.26 4651.36 7509.44 3873.2 2775.32 4394.89 2535.11 1338.09 1825.83 1634.68 1876.04 1127.69 1308.01 1049.77 542.203 949.492 949.568 1992.91 3636.24 750.223 574.231 401.256 759.058 1424.58 1178.17 2760.22 365.78 1627.13 256.337
internal_count=80000 39550 21187 40450 19108 13409 18363 13288 5820 9455 6818 7778 4734 5439 4380 2671 3954 3893 10617 21342 3144 2480 1955 3119 7500 6312 11545 1821 8796 1326
is_linear=0
shrinkage=0.06


Tree=11
num_leaves=31
num_cat=0
split_feature=1 17 1 17 1 1 7 7 5 11 5 1 7 11 11 11 7 11 5 9 5 7 1 9 9 5 11 5 11 9
split_gain=5408.49 1719.1 1067.28 706.711 460.749 406.048 371.291 365.374 269.657 258.013 253.211 221.464 210.595 188.116 164.303 138.016 128.673 127.814 123.57 117.288 107.909 104.432 90.0353 85.624 85.27 82.3089 82.0668 80.1797 71.9232 57.4703
threshold=23.315000000000001 0.24971626387090243 27.005000000000006 0.24971626387090243 25.985000000000003 19.755000000000006 1.5000000000000002 1.5000000000000002 1.0000000180025095e-35 39.45000000000001 1.0000000180025095e-35 30.315000000000001 1.5000000000000002 52.750000000000007 57.95000000000001 52.750000000000007 1.5000000000000002 84.65000000000002 1.0000000180025095e-35 1.0000000180025095e-35 1.0000000180025095e-35 1.5000000000000002 27.825000000000003 1.0000000180025095e-35 1.0000000180025095e-35 1.0000000180025095e-35 29.450000000000003 1.0000000180025095e-35 36.050000000000004 1.0000000180025095e-35
decision_type=2 2 2 2 2 2 2 2 2 2 2 2 2 2 2 2 2 2 2 2 2 2 2 2 2 2 2 2 2 2
left_child=3 2 7 20 9 25 10 8 17 21 14 12 13 -4 -7 29 18 -2 -11 -10 -1 27 28 -12 -22 -5 -8 -3 -6 -9
right_child=1 4 11 5 22 6 26 15 19 16 23 -13 -14 -15 -16 -17 -18 -19 -20 -21 24 -23 -24 -25 -26 -27 -28 -29 -30 -31
leaf_value=-0.067534506542249087 -0.049530742391383491 -0.022402874732332073 -0.01060702952095754 -0.061451550783252866 0.034338551525731377 -0.050213192956881855 -0.01629801405098184 -0.020160361546877798 -0.0050863957311339724 0.028903041429418935 0.0099094511190579038 0.067375499731476801 0.06758849008076856 0.036286898350222314 -0.009255748037724781 0.048573176848336556 0.080321155467281788 0.006197489132820649 0.076329673818568741 0.079441392705596733 -0.049340066776163122 0.048565087849650732 0.082350245454596543 0.09162043705465088 0.011309753583894525 -0.021854070075220444 0.048439603831480001 0.037949432863377174 0.068309007836407462 0.051837540651162389
leaf_weight=2565.6899710595608 1509.6501065045595 403.60275077819824 624.46406324207783 868.95028221607208 300.91348291933537 836.09733836352825 85.112316682934761 252.87945993244648 399.84664872288704 988.7062806636095 357.1332982480526 572.60282984375954 313.63188543915749 607.60697901248932 609.74259895086288 303.58598624169827 334.8353433161974 164.28280335664749 247.2278618067503 69.344520017504692 551.73840644955635 136.89369228482246 1347.7714857310057 53.021872997283936 98.324509561061859 241.50083656609058 410.46185666322708 98.607727378606796 882.08988066017628 47.392218708992004
leaf_count=16066 8151 1807 2732 5154 1241 4371 381 1278 1706 4135 1469 2360 1297 2526 2963 1386 1368 789 1035 291 3056 564 5824 217 537 1200 1800 406 3696 194
internal_value=-0.000276419 0.0285545 0.00349939 -0.0417495 0.0542684 -0.0229376 -0.00881727 -0.0211782 -0.0327937 0.034251 -0.0211368 0.0355009 0.023693 0.0125191 -0.0329405 0.0200456 0.0473283 -0.0440615 0.0383899 0.00740646 -0.0620021 0.00210998 0.0717476 0.0204725 -0.0401665 -0.0528399 0.0373213 -0.0105529 0.0596681 -0.00879685
internal_weight=16283.7 9605.94 4865.29 6677.77 4740.65 3462.02 2351.57 2746.98 2143.12 2209.87 1856 2118.31 1545.7 1232.07 1445.84 603.858 1570.77 1673.93 1235.93 469.191 3215.75 639.104 2530.77 410.155 650.063 1110.45 495.574 502.21 1183 300.272
internal_count=80000 42786 22710 37214 20076 17555 11201 13795 10937 9315 9020 8915 6555 5258 7334 2858 6538 8940 5170 1997 19659 2777 10761 1686 3593 6354 2181 2213 4937 1472
is_linear=0
shrinkage=0.06


Tree=12
num_leaves=31
num_cat=0
split_feature=1 1 16 16 1 16 7 11 7 18 22 16 18 1 22 16 7 9 7 18 9 11 22 9 7 7 7 18 11 18
split_gain=4881.7 1061.06 745.047 590.494 386.777 349.607 273.444 239.605 233.621 223.819 211.657 198.704 177.958 164.476 139.851 131.017 128.83 119.911 114.8 113.987 99.0571 94.8682 92.6193 92.5718 91.6815 80.663 67.7152 62.386 61.518 60.3272
threshold=23.605000000000004 26.515000000000004 0.11980588407949559 0.11242932645206684 20.955000000000002 0.12557380605498161 1.5000000000000002 52.750000000000007 1.5000000000000002 0.042890026806625681 1.0000000180025095e-35 0.086975710945321 0.066963239416672579 29.515000000000004 1.0000000180025095e-35 0.082084568332929889 1.5000000000000002 1.0000000180025095e-35 1.5000000000000002 0.038340654978445354 1.0000000180025095e-35 68.750000000000014 1.0000000180025095e-35 1.0000000180025095e-35 1.5000000000000002 1.5000000000000002 1.5000000000000002 0.044871147691895326 84.65000000000002 0.050549672780975323
decision_type=2 2 2 2 2 2 2 2 2 2 2 2 2 2 2 2 2 2 2 2 2 2 2 2 2 2 2 2 2 2
left_child=3 2 6 14 17 7 10 13 12 24 11 -2 23 16 15 -1 -3 25 21 -8 -12 -11 -9 -6 -4 -5 -16 -7 -14 -27
right_child=1 5 9 4 8 27 19 22 -10 18 20 -13 28 -15 26 -17 -18 -19 -20 -21 -22 -23 -24 -25 -26 29 -28 -29 -30 -31
leaf_value=-0.04597194223723805 -0.019039352528988227 -0.0071418681753733703 -0.006636346728226182 -0.057227736967861209 -0.041191455218822039 0.052991429585956734 -0.02167913071844443 0.06653272558852831 0.037670909157587175 0.027131669718671717 -0.048595911438532917 0.05075749066927937 0.0012501705187978405 0.047550933215259453 -0.065969886991504009 0.017042846453057134 0.047846921828580816 -0.006192984344447071 0.081334734783971574 0.039957368744014406 -0.0019719379618890814 0.064142079283586853 0.034654837451781419 0.014521128723222296 0.04794242259173731 -0.049173541409637249 -0.043218845012998552 0.077549839117519712 0.049530560233583272 0.0075174321750262436
leaf_weight=464.6117676794529 528.33086085319519 748.29580701887608 504.61269560456276 1057.6840300112963 677.26482133567333 534.3312179595232 148.32970957458019 824.056631103158 413.29337519407272 762.27245730161667 976.11660350859165 203.35649512708187 548.37666927278042 471.30051483213902 2255.0186800211668 159.57719677686691 192.92524701356888 274.55002899467945 293.65686047077179 397.41576665639877 197.18701280653477 370.52466823160648 545.19349625706673 127.59590271115303 141.97246825695038 133.61747466027737 595.28823359310627 1228.630462706089 114.91886202991009 136.71902084350586
leaf_count=2882 2692 3381 2176 6217 3425 2292 713 3488 1749 3206 5250 852 2487 1954 14349 806 822 1309 1213 1817 847 1538 2309 524 581 751 3693 5413 503 761
internal_value=-0.000280437 0.0287264 0.00815533 -0.0380829 -0.0206284 0.0492026 -0.0142395 0.0359547 -0.0021781 0.0346304 -0.0249667 0.000359153 -0.0133958 0.0186174 -0.0555852 -0.0298619 0.00412937 -0.0422894 0.0479037 0.023205 -0.0407602 0.0392373 0.0538399 -0.0323592 0.00534766 -0.0497519 -0.0612183 0.0701065 0.00961496 -0.0205028
internal_weight=16027 9068.51 4523.78 6958.52 3484.02 4544.73 2450.74 2781.77 1881.45 2073.04 1904.99 731.687 1468.16 1412.52 3474.5 624.189 941.221 1602.57 1426.45 545.745 1173.3 1132.8 1369.25 804.861 646.585 1328.02 2850.31 1762.96 663.296 270.336
internal_count=80000 40544 20885 39456 17726 19659 12171 11954 8688 8714 9641 3544 6939 6157 21730 3688 4203 9038 5957 2530 6097 4744 5797 3949 2757 7729 18042 7705 2990 1512
is_linear=0
shrinkage=0.06


Tree=13
num_leaves=31
num_cat=0
split_feature=29 28 17 17 20 20 26 20 7 7 26 20 17 25 7 11 11 20 7 11 7 7 11 26 11 10 7 7 11 7
split_gain=2643.45 2239.23 1205.03 861.485 681.639 410.043 340.017 315.516 284.421 216.277 192.537 192.463 179.923 173.34 168.154 159.284 148.264 114.998 103.356 103.464 94.8676 91.2509 89.1023 86.5925 79.3176 76.0639 72.1303 58.703 52.679 46.2698
threshold=1.0000000180025095e-35 1.0000000180025095e-35 0.24971626387090243 0.24971626387090243 1.0000000180025095e-35 1.0000000180025095e-35 1.0000000180025095e-35 1.0000000180025095e-35 1.5000000000000002 1.5000000000000002 1.0000000180025095e-35 1.0000000180025095e-35 0.25167468530620707 1.0000000180025095e-35 1.5000000000000002 46.850000000000001 56.850000000000001 1.0000000180025095e-35 1.5000000000000002 40.95000000000001 1.5000000000000002 1.5000000000000002 58.850000000000001 1.0000000180025095e-35 47.750000000000007 3450.0000000000005 1.5000000000000002 1.5000000000000002 76.250000000000014 1.5000000000000002
decision_type=2 2 2 2 2 2 2 2 2 2 2 2 2 2 2 2 2 2 2 2 2 2 2 2 2 2 2 2 2 2
left_child=1 2 7 5 6 9 8 27 -4 16 13 15 17 -6 23 21 -3 18 19 -2 -12 -5 26 -9 -11 -16 -7 -1 -29 -17
right_child=12 3 4 11 10 22 -8 14 -10 24 20 -13 -14 -15 25 29 -18 -19 -20 -21 -22 -23 -24 -25 -26 -27 -28 28 -30 -31
leaf_value=-0.067135282345850492 -0.0090842307622169115 -0.051138674194706801 -0.023381664713101141 0.0055179556392101837 0.042096977088028432 0.0067682134039842258 -0.057801856766734334 -0.029159804896296826 0.025990262807551449 -0.013262773708561914 -0.022386041898141081 0.077871512048719713 0.079444397381737294 -0.067645034557260106 -0.025325160789444148 0.048597866169158579 -0.0083309351567984608 0.073764591885023267 0.0764296535460047 0.03941260685656172 0.045982576434408971 0.061482311009755597 0.060246162940901717 -0.067078879128242924 0.044375376480832091 0.033524715253491578 0.06542935540173471 -0.053588549623693853 -0.0043913592689134731 0.081966221155773664
leaf_weight=2202.9640177488327 233.33733204007149 648.54379211366177 1825.1186391115189 524.09736357629299 1134.475734397769 386.62885549664497 774.83050069212914 819.14765575528145 545.62941056489944 143.20295642316341 365.86572407186031 661.89096955955029 981.59719483554363 54.294788122177124 132.93038782477379 723.65166546404362 528.72265055775642 359.67539995908737 165.05459801852703 492.90101285278797 91.296822965145111 131.12802435457706 291.95576229691505 294.83917799592018 214.98839485645294 195.1250761449337 93.760120987892151 493.37379249930382 93.146503955125809 188.58598227798939
leaf_count=14839 967 3465 9066 2188 4670 1599 4989 4269 2366 665 1801 2919 4456 292 697 3068 2497 1546 683 2027 432 542 1195 1906 900 968 381 3212 589 806
internal_value=-0.000281873 -0.0102423 -0.0275318 0.0241414 -0.00692619 -0.00155509 -0.0232962 -0.0508643 -0.0120187 -0.0194922 0.0243588 0.0507421 0.0602157 0.0370847 -0.0280773 0.0392862 -0.0319133 0.0451276 0.0335713 0.0238308 -0.00873261 0.0167179 0.0341048 -0.0391959 0.021332 0.00967833 0.0182174 -0.0626441 -0.0457754 0.0554961
internal_weight=15792.8 13560.2 9023.04 4537.16 4791.51 2307.8 3145.58 4231.53 2370.75 1535.46 1645.93 2229.35 2232.57 1188.77 1442.04 1567.46 1177.27 1250.97 891.293 726.238 457.163 655.225 772.345 1113.99 358.191 328.055 480.389 2789.48 586.52 912.238
internal_count=80000 70321 50096 20225 23616 10702 16421 26480 11432 7527 7195 9523 9679 4962 7840 6604 5962 5223 3677 2994 2233 2730 3175 6175 1565 1665 1980 18640 3801 3874
is_linear=0
shrinkage=0.06


Tree=14
num_leaves=31
num_cat=0
split_feature=1 1 16 20 20 16 20 16 20 18 18 16 1 22 7 16 11 22 16 18 1 1 1 7 7 18 18 7 7 11
split_gain=4087.32 977.848 584.192 576.824 390.667 338.466 316.367 278.934 244.273 212.062 197.47 179.727 176.094 161.093 155.353 150.172 140.505 139.789 147.604 112.599 105.808 105.636 104.863 97.6231 96.1133 94.8181 85.6982 77.009 74.9347 60.2211
threshold=23.235000000000003 25.985000000000003 0.11697265296937974 1.0000000180025095e-35 1.0000000180025095e-35 0.092454592916501793 1.0000000180025095e-35 0.11242932645206684 1.0000000180025095e-35 0.054593868785166144 0.048329682957441507 0.11335156017534136 18.555000000000003 1.0000000180025095e-35 1.5000000000000002 0.12557380605498161 42.150000000000013 1.0000000180025095e-35 0.086975710945321 0.054593868785166144 29.795000000000005 29.895000000000003 19.835000000000004 1.5000000000000002 1.5000000000000002 0.10791687556475567 0.063464608200062486 1.5000000000000002 1.5000000000000002 82.250000000000014
decision_type=2 2 2 2 2 2 2 2 2 2 2 2 2 2 2 2 2 2 2 2 2 2 2 2 2 2 2 2 2 2
left_child=3 2 6 11 5 9 17 22 10 20 28 -1 -9 -7 25 -15 -14 18 -2 -8 -3 -11 -5 -12 -24 -13 -16 -18 -4 -19
right_child=1 4 8 7 -6 13 19 12 -10 21 23 14 16 15 26 -17 27 29 -20 -21 -22 -23 24 -25 -26 -27 -28 -29 -30 -31
leaf_value=-0.064656398947998364 -0.030612157498841754 -0.031163387016372446 -0.029447586969828726 -0.062564330680031699 0.0670604903844009 0.066909786520527537 -0.014208678145476215 -0.043312508274870584 0.057075054128701383 0.016486172460157465 0.01911247629023528 -0.05538701135405303 -0.015637103302652562 -0.0070963244805875665 -0.031033094000243795 0.04512949705752832 0.024313819074739482 -0.055796129225611599 0.039975169365795198 0.031551954367654747 0.024668216423772909 0.060545552204774013 -0.034651419586373772 0.067348812317189533 0.019877686550172739 -0.017156286861252864 0.02227400165874624 0.077725226183192025 0.024013642220664731 -0.0075159279389528473
leaf_weight=2006.9380282312632 384.19663631916046 461.00125856697559 401.23592571914196 353.2154845148325 1565.5818922370672 887.00872153043747 336.88080801069736 202.60651412606239 637.0067445486784 748.08638060092926 701.53740021586418 1242.0734881609678 294.59421354532242 262.45359015464783 249.07587973773479 809.70562382042408 501.51613168418407 773.31312948465347 147.62461988627911 455.06600275635719 166.26970341801643 265.40303498506546 500.47289390861988 192.48894774913788 151.62076830863953 287.62556245923042 192.45848909020424 120.53643563389778 123.41878385841846 105.72159688174725
leaf_count=14292 2217 2240 1834 2321 6903 3963 1507 1092 2724 3330 2954 7550 1273 1178 1300 3568 2119 4775 625 1929 678 1119 2899 789 774 1537 946 503 502 559
internal_value=-0.000281989 0.0244908 0.00320462 -0.0385368 0.0420393 0.0311578 -0.0182634 -0.0132952 0.026209 0.0110542 0.0123497 -0.0520172 0.00730889 0.0479942 -0.0391491 0.0323452 0.0184977 -0.0352993 -0.0110183 0.0120862 -0.0163642 0.028024 -0.0362345 0.029498 -0.0219727 -0.0481986 -0.0077973 0.0346635 -0.0168715 -0.0499895
internal_weight=15526.7 9424 4258.49 6102.73 5165.51 3599.93 2202.8 2124.56 2055.69 1640.76 1418.68 3978.17 1119.25 1959.17 1971.23 1072.16 916.647 1410.86 531.821 791.947 627.271 1013.49 1005.31 894.026 652.094 1529.7 441.534 622.053 524.655 879.035
internal_count=80000 43394 20415 36606 22979 16076 11612 10981 8803 7367 6079 25625 4987 8709 11333 4746 3895 8176 2842 3436 2918 4449 5994 3743 3673 9087 2246 2622 2336 5334
is_linear=0
shrinkage=0.06


Tree=15
num_leaves=31
num_cat=0
split_feature=1 17 1 17 20 20 1 20 20 18 18 7 1 18 1 7 7 18 7 18 20 18 7 20 18 7 7 7 1 7
split_gain=3691.53 1189.05 725.176 545.951 427.767 399.818 391.168 249.388 212.463 181.536 180.919 175.198 172.237 170.26 164.652 139.207 127.416 121.511 120.53 115.959 103.739 116.502 102.681 99.6152 88.2653 87.7436 79.87 78.9724 78.314 70.0579
threshold=23.115000000000006 0.25167468530620707 27.005000000000006 0.24971626387090243 1.0000000180025095e-35 1.0000000180025095e-35 25.705000000000002 1.0000000180025095e-35 1.0000000180025095e-35 0.11087337981054661 0.048329682957441507 1.5000000000000002 18.555000000000003 0.07815182768980064 20.705000000000002 1.5000000000000002 1.5000000000000002 0.066963239416672579 1.5000000000000002 0.066493921971693126 1.0000000180025095e-35 0.045723388290352142 1.5000000000000002 1.0000000180025095e-35 0.10507408183601892 1.5000000000000002 1.5000000000000002 1.5000000000000002 20.325000000000003 1.5000000000000002
decision_type=2 2 2 2 2 2 2 2 2 2 2 2 2 2 2 2 2 2 2 2 2 2 2 2 2 2 2 2 2 2
left_child=3 2 5 23 14 9 7 10 11 22 26 13 -6 -4 -5 19 17 -14 24 -7 21 -8 -2 -1 -16 -12 -3 -11 -25 -30
right_child=1 6 8 4 12 15 20 -9 -10 27 25 -13 16 -15 18 -17 -18 -19 -20 -21 -22 -23 -24 28 -26 -27 -28 -29 29 -31
leaf_value=-0.066381000269552737 -0.055556421445646376 -0.028485900050986578 -0.014530674173206977 -0.056882325947029438 -0.040145132823994525 -0.021804446715606433 0.030511548671347179 0.056362665354868738 0.058298820825927064 -0.015416495251667113 0.018282028718979992 0.057502967914187623 -0.012960912894293295 0.031481608659190106 -0.044404916032380302 0.053524991338075624 0.064360580766855371 0.036088289430784772 0.013719077247756719 0.024254631949033843 0.079071297788650782 0.063162311021063067 -0.016355913082621399 -0.062490332010338226 0.001919748767833375 0.063568382536370968 0.024797382325477728 0.046142792249494718 -0.038931575136740455 0.013007479186850451
leaf_weight=1762.5550918877125 1020.6083498001099 416.75306643545628 652.7533151358366 900.31974326074123 214.80913437902927 416.0939115434885 585.42941743135452 646.99758249521255 614.8095917403698 323.25420744717121 717.25071375072002 296.44788132607937 417.09164650738239 520.26045243442059 621.9791060090065 224.47775191068649 182.83125329017639 322.34996573626995 257.28667707741261 373.33647981286049 747.97978283464909 1199.4658929109573 314.73204530775547 379.98729935288429 194.33407372236252 196.1414470821619 133.78727336227894 97.696139872074127 393.91877070069313 122.58540147542953
leaf_count=13264 6439 1939 2867 6122 1192 1869 2547 2776 2677 1787 3024 1237 1806 2194 3526 923 767 1357 1114 1572 3535 5463 1688 2614 932 805 545 463 2334 622
internal_value=-0.000283451 0.0227112 0.00194791 -0.0381357 -0.0210728 -0.0181673 0.0444163 0.0253413 0.0286829 -0.0354865 0.0116311 0.0162919 0.00824105 0.0058769 -0.0379592 0.011833 0.0195108 0.00842145 -0.0220903 -2.22421e-05 0.0603137 0.0524532 -0.0463171 -0.0580987 -0.0333767 0.0280068 -0.0155375 -0.00112953 -0.0418151 -0.0266045
internal_weight=15268.3 9498.28 4854.47 5770.05 3111 2770.2 4643.81 2110.93 2084.27 1756.29 1463.93 1469.46 1137.08 1173.01 1973.92 1013.91 922.273 739.442 1073.6 789.43 2532.88 1784.9 1335.34 2659.05 816.313 913.392 550.54 420.95 896.491 516.504
internal_count=80000 44350 23716 35650 16816 14741 20634 9089 8975 10377 6313 6298 5122 5061 11694 4364 3930 3163 5572 3441 11545 8010 8127 18834 4458 3829 2484 2250 5570 2956
is_linear=0
shrinkage=0.06


Tree=16
num_leaves=31
num_cat=0
split_feature=1 17 1 17 20 20 1 20 18 11 1 18 18 11 11 7 1 20 7 20 7 7 1 7 7 18 7 7 7 7
split_gain=3342.57 1051.65 631.304 556.62 403.547 385.589 355.431 289.479 228.517 207.064 180.27 163.668 141.857 140.661 139.023 133.959 124.276 117.468 103.745 103.149 100.427 91.4892 90.5373 89.9708 71.7219 65.1542 62.5897 61.111 60.6559 57.8704
threshold=23.315000000000001 0.24971626387090243 27.715000000000003 0.24971626387090243 1.0000000180025095e-35 1.0000000180025095e-35 27.375000000000004 1.0000000180025095e-35 0.040733433450969872 68.450000000000017 20.705000000000002 0.029809692216296139 0.034295564591430454 63.750000000000007 45.750000000000007 1.5000000000000002 18.375000000000004 1.0000000180025095e-35 1.5000000000000002 1.0000000180025095e-35 1.5000000000000002 1.5000000000000002 21.005000000000006 1.5000000000000002 1.5000000000000002 0.038340654978445354 1.5000000000000002 1.5000000000000002 1.5000000000000002 1.5000000000000002
decision_type=2 2 2 2 2 2 2 2 2 2 2 2 2 2 2 2 2 2 2 2 2 2 2 2 2 2 2 2 2 2
left_child=3 2 5 17 10 9 7 8 26 18 -5 -6 -4 24 28 -10 -13 -1 -2 23 -11 -18 -19 -14 -12 -24 -3 -16 -7 -15
right_child=1 6 12 4 11 14 -8 -9 15 20 13 16 19 29 27 -17 21 22 -20 -21 -22 -23 25 -25 -26 -27 -28 -29 -30 -31
leaf_value=-0.064716504850397261 -0.0513309686793176 -0.020585525031877203 -0.003167545439273496 -0.055537306200676213 -0.030136427289965666 -0.023542226376288788 0.0681470172369113 0.060403016501459746 0.023366996161256547 -0.012569060194245403 -0.044153230288884578 -0.031676892296702897 0.021579110760110865 -0.0025540106018158686 0.022700132491144498 0.067471001117713536 0.021095201512211666 -0.057239877744536212 -0.012929455569599773 0.067948317387120774 0.048767375567492277 0.074019881898507195 -0.052534365862716807 0.068738831399423467 -0.0020057588768853511 -0.0044262002528570954 0.024239728525151102 0.067422344225506456 0.031859681760990695 0.052389415336416521
leaf_weight=1757.8864573389292 1054.9841879010201 491.05791713297367 320.58135442435741 867.79773403704166 288.2886556237936 335.45272518694401 1418.9848358482122 896.43879167735577 1192.52302724123 409.99889305233955 596.69100841879845 133.14282581210136 753.53387862443924 289.42561140656471 515.27514986693859 312.99573457241058 620.02611933648586 459.05943021178246 333.26819433271885 374.95051969587803 125.51891805231571 145.10463893413544 148.59704911708832 180.5229235291481 192.15645737946033 318.71793065965176 145.32728157937527 139.84925697743893 90.290644928812981 90.620687648653984
leaf_count=13830 6599 2195 1381 6122 1346 1480 6863 4029 5065 2211 3424 752 3154 1447 2183 1329 2636 3233 1727 1697 570 613 856 763 835 1740 595 575 370 380
internal_value=-0.000284969 0.022547 0.00253376 -0.0354229 -0.0186158 -0.0137751 0.0433545 0.0317757 0.0197945 -0.0298863 -0.0348202 0.00919856 0.0326041 -0.0194397 0.0149002 0.0325362 0.0218226 -0.0556049 -0.0421122 0.0413648 0.00180746 0.0311322 -0.0383146 0.0306936 -0.0338865 -0.0197237 -0.0103491 0.032247 -0.0117927 0.0105471
internal_weight=14999.1 9091.55 4634.23 5907.51 3223.25 3004.64 4457.33 3038.34 2141.9 1923.77 2036.69 1186.56 1629.59 1168.89 1080.87 1505.52 898.274 2684.26 1388.25 1309.01 535.518 765.131 926.374 934.057 788.847 467.315 636.385 655.124 425.743 380.046
internal_count=80000 42786 22710 37214 17555 15715 20076 13213 9184 11107 12208 5347 6995 6086 4608 6394 4001 19659 8326 5614 2781 3249 5829 3917 4259 2596 2790 2758 1850 1827
is_linear=0
shrinkage=0.06


Tree=17
num_leaves=31
num_cat=0
split_feature=1 17 1 17 1 20 20 20 18 11 20 1 7 18 11 11 18 7 7 20 20 7 18 20 18 7 7 1 1 1
split_gain=3030.88 1006.49 677.149 429.835 404.116 328.532 273.185 269.564 247.707 206.043 176.254 148.701 144.201 135.772 130.233 117.895 110.508 97.3974 86.3079 80.4681 78.8535 75.0144 71.5683 69.6713 79.6685 67.8175 64.758 64.4519 61.5479 60.9993
threshold=22.795000000000005 0.24971626387090243 25.985000000000003 0.24971626387090243 26.515000000000004 1.0000000180025095e-35 1.0000000180025095e-35 1.0000000180025095e-35 0.034295564591430454 62.750000000000007 1.0000000180025095e-35 29.895000000000003 1.5000000000000002 0.062959523526995895 58.850000000000001 78.250000000000014 0.036722385826990493 1.5000000000000002 1.5000000000000002 1.0000000180025095e-35 1.0000000180025095e-35 1.5000000000000002 0.036312088435672241 1.0000000180025095e-35 0.048329682957441507 1.5000000000000002 1.5000000000000002 21.005000000000006 29.025000000000002 18.375000000000004
decision_type=2 2 2 2 2 2 2 2 2 2 2 2 2 2 2 2 2 2 2 2 2 2 2 2 2 2 2 2 2 2
left_child=3 2 6 19 7 13 15 9 20 12 11 -10 -3 -5 18 -2 -8 -15 27 -1 28 -18 -9 24 -6 -21 -17 -7 -4 -16
right_child=1 4 8 5 23 14 16 22 10 -11 -12 -13 -14 17 29 26 21 -19 -20 25 -22 -23 -24 -25 -26 -27 -28 -29 -30 -31
leaf_value=-0.065554389131092849 -0.049164733584935172 -0.011357063436839225 -0.048432161414351339 -0.053302511611284138 0.033024546232225074 -0.043254980778325278 -0.033824338816177663 0.024218427079972994 0.00709367311816308 0.039682443091861724 0.055749688513865275 0.050179288014121165 0.035553885647691498 -0.031165782062807578 -0.018721010444071515 -0.018717849899734962 0.0036847075226525495 0.019695028984238725 0.030352045004997035 -0.051369495386296281 0.017296765706736741 0.052944061997239167 0.062868728633593565 0.078391608866861723 0.06372753180736844 -0.0090928391312220386 0.059262868709671297 0.0010529860781320728 0.0022590322345423766 0.040397697127904759
leaf_weight=1493.5893766358495 1130.3832397162914 1046.2740615904331 247.73541118204594 958.97540509700775 466.66738115251064 284.46370950341225 224.70413365960121 235.41498498618603 1113.6278784126043 681.67694197595119 644.86460287868977 389.13756710290909 304.56437607109547 583.39790795743465 76.521833971142769 168.99951265007257 471.04017597436905 176.56832166016102 129.0117159485817 600.18067213892937 181.372289031744 145.72389067709446 645.06147161126137 550.56560060381889 874.17465038597584 176.84688083827496 49.585737898945808 202.19649045169353 132.26581732928753 351.19714161753654
leaf_count=12334 7631 4717 1299 6375 2127 1443 1062 1005 5085 2872 2850 1667 1257 3608 440 1011 2075 909 575 4126 773 599 2919 2796 4273 1066 247 830 544 1485
internal_value=-0.000284569 0.0193117 0.000176679 -0.0380674 0.0388253 -0.0221701 -0.0246295 0.0248034 0.0202344 0.0127903 0.0295104 0.0182506 -0.00078037 -0.0382912 0.00438876 -0.0413647 0.002199 -0.0193489 -0.0132795 -0.0574075 -0.0152526 0.0153233 0.0525347 0.0604207 0.0530416 -0.0417476 -0.00102804 -0.024846 -0.0307882 0.029821
internal_weight=14736.8 9703.84 4899.44 5032.95 4804.4 2762.33 2190.44 2912.99 2709 2032.52 2147.63 1502.77 1350.84 1718.94 1043.39 1348.97 841.468 759.966 615.672 2270.62 561.374 616.764 880.476 1891.41 1340.84 777.028 218.585 486.66 380.001 427.719
internal_count=80000 46809 24843 33191 21966 15665 12625 12770 12218 8846 9602 6752 5974 10892 4773 8889 3736 4517 2848 17526 2616 2674 3924 9196 6400 5192 1258 2273 1843 1925
is_linear=0
shrinkage=0.06


Tree=18
num_leaves=31
num_cat=0
split_feature=1 17 17 1 1 20 20 1 18 20 11 20 11 7 7 1 7 20 11 11 11 11 7 20 32 7 7 7 7 7
split_gain=2755.22 785.275 627.563 455.661 358.782 314.683 274.807 250.936 223.502 219.309 182.044 167.509 165.036 161.972 123.511 121.584 117.525 106.495 102.793 93.4458 86.7125 85.9507 71.4296 65.7802 58.6801 58.5737 56.1649 51.2091 46.9309 44.3462
threshold=23.975000000000005 0.25167468530620707 0.24971626387090243 28.665000000000003 20.095000000000002 1.0000000180025095e-35 1.0000000180025095e-35 27.715000000000003 0.1197441737293143 1.0000000180025095e-35 54.050000000000004 1.0000000180025095e-35 69.65000000000002 1.5000000000000002 1.5000000000000002 21.305000000000003 1.5000000000000002 1.0000000180025095e-35 45.750000000000007 56.850000000000001 54.550000000000004 67.550000000000011 1.5000000000000002 1.0000000180025095e-35 1.0000000180025095e-35 1.5000000000000002 1.5000000000000002 1.5000000000000002 1.5000000000000002 1.5000000000000002
decision_type=2 2 2 2 2 2 2 2 2 2 2 2 2 2 2 2 2 2 2 2 2 2 2 2 2 2 2 2 2 2
left_child=2 3 11 5 17 8 12 9 13 10 14 -1 16 -2 -3 -13 -6 -4 -7 22 23 29 -8 25 -12 -5 -19 -14 -10 -17
right_child=1 7 4 20 6 18 19 -9 28 -11 24 15 27 -15 -16 21 -18 26 -20 -21 -22 -23 -24 -25 -26 -27 -28 -29 -30 -31
leaf_value=-0.06056297444373588 -0.042457112617737006 -0.0063790825154693932 -0.056911288385191931 0.00042971344964319168 -0.03636099455883033 -0.0029222851510355956 -0.0021024937822774546 0.066626765344388383 0.0065344070597788241 0.061097571742481392 0.047381541315972463 -0.052968384763189241 0.0058650117678780674 0.0031564997821328304 0.045609479735706303 -0.037114530102667298 0.006259920480711223 -0.029343734853809721 0.034980672806636776 0.047261649948159838 0.05686534159763354 0.027006526811683463 0.052961821251689127 0.054270129372211762 -0.0065603759320636756 0.056691250474957301 0.024984015379415761 0.055122013712822632 0.053329454706759316 0.0078534625360338131
leaf_weight=1861.2764761373401 1160.6225230842829 780.46116976439953 651.71787067502737 358.23427347838879 948.65652574598789 430.67354033887386 421.89824625849724 1168.7044336795807 331.48677468299866 723.44491766393185 778.00655966997147 475.24248103797436 322.13978205621243 369.47251613438129 208.44823375344276 314.5301521718502 308.70117901265621 330.21162438392639 640.90533329546452 405.57478402554989 503.2316543161869 150.60221733152866 106.14565820991993 176.25672349333763 80.072737991809845 81.834258645772934 86.437544569373131 99.436307728290558 100.56013503670692 105.4084742218256
leaf_count=15753 6874 3361 4974 1488 5527 1845 1752 6031 1639 3478 3383 3533 1618 1785 882 1808 1358 1777 2715 1704 2244 750 439 822 349 343 422 423 429 494
internal_value=-0.000282861 0.0236288 -0.0289291 0.00567126 -0.012472 -0.00640165 -0.000493159 0.0435753 -0.0206823 0.0330945 0.022126 -0.0497671 -0.0150043 -0.0314428 0.00457938 -0.0305526 -0.0258969 -0.0417648 0.0197473 0.0256023 0.0383858 -0.011881 0.00896635 0.0232973 0.0423479 0.010892 -0.018073 0.0174832 0.0174261 -0.0258271
internal_weight=14480.4 7892.42 6587.98 4153.28 3680.92 3033.72 2612.55 3739.14 1962.14 2570.43 1846.99 2907.06 1678.93 1530.1 988.909 1045.78 1257.36 1068.37 1071.58 933.619 1119.56 570.541 528.044 616.325 858.079 440.069 416.649 421.576 432.047 419.939
internal_count=80000 37668 42332 20184 19994 15287 12821 17484 10727 11453 7975 22338 8926 8659 4243 6585 6885 7173 4560 3895 4897 3052 2191 2653 3732 1831 2199 2041 2068 2302
is_linear=0
shrinkage=0.06


Tree=19
num_leaves=31
num_cat=0
split_feature=1 17 1 1 17 20 20 20 20 1 19 4 4 19 4 20 1 1 19 19 22 20 4 4 4 1 1 4 1 4
split_gain=2533.8 838.616 601.464 391.259 353.274 254.01 244.648 227.446 205.496 175.132 159.983 144.339 127.702 112.23 99.4611 97.1077 102.49 94.2679 76.915 68.571 67.46 65.0671 62.689 58.949 52.528 50.6374 39.3166 34.4601 34.0673 31.3549
threshold=22.585000000000004 0.24971626387090243 25.895000000000003 25.705000000000002 0.24971626387090243 1.0000000180025095e-35 1.0000000180025095e-35 1.0000000180025095e-35 1.0000000180025095e-35 30.755000000000006 1.0000000180025095e-35 19.975000000000005 21.065000000000001 1.0000000180025095e-35 19.055000000000003 1.0000000180025095e-35 28.005000000000006 20.095000000000002 1.0000000180025095e-35 1.0000000180025095e-35 1.0000000180025095e-35 1.0000000180025095e-35 26.855000000000004 19.365000000000006 18.135000000000002 19.835000000000004 18.555000000000003 17.985000000000003 17.505000000000006 20.195000000000004
decision_type=2 2 2 2 2 2 2 2 2 2 2 2 2 2 2 2 2 2 2 2 2 2 2 2 2 2 2 2 2 2
left_child=4 2 6 7 21 17 13 10 9 11 12 -4 -3 -2 20 16 23 -6 22 27 -7 -1 -8 -5 -10 -23 -16 -19 -22 -27
right_child=1 3 8 15 5 14 18 -9 24 -11 -12 -13 -14 -15 26 -17 -18 19 -20 -21 28 25 -24 -25 -26 29 -28 -29 -30 -31
leaf_value=-0.064410448627083616 -0.049060348271921163 -0.016344111289243988 -0.0199128098659445 0.015657290901246027 -0.055726366947530831 0.037600292297577914 -0.014566332243962301 0.04555605214992043 0.023082099144028027 0.04988721882599835 0.045022975856873218 0.016201955787425001 0.020773437218084265 -0.0047819607313399747 -0.018848100896611489 0.071665562064991098 0.061718186945604991 -0.046147127454115665 0.039794167631472588 0.0088295408055542746 -0.057271036037956718 -0.061739189305131038 0.037149676194546191 0.045497935459884044 0.05454338956387482 -0.040844394006074654 0.034675842416961117 -0.020149197863063743 -0.014853039765646552 -0.0066426179155902789
leaf_weight=1293.8472309634089 1055.7297670543194 888.34623086452484 740.20887094736099 442.27288773655891 626.41847097873688 80.690430998802185 617.37191213667393 756.62132997810841 299.27330647408962 294.19876796007156 312.2813441157341 862.7542000412941 534.44203369319439 256.05831335484982 58.87982589006424 664.94779600203037 717.60673926770687 374.52378811687231 149.72600625455379 170.50900726020336 80.366575747728348 272.24576549977064 97.739731818437576 516.80291120707989 528.29271027445793 267.14421525597572 307.07013258337975 359.94399534910917 448.82600550353527 151.06171910464764
leaf_count=11727 7693 4047 3559 1969 4974 365 2831 3396 1320 1284 1308 3980 2373 1575 346 3560 3773 2350 637 902 477 2178 432 2333 2385 1778 1318 2109 2031 990
internal_value=-0.000280256 0.0169198 -0.000568087 0.0346538 -0.0375586 -0.0225888 -0.0240843 0.0181048 0.0182177 0.00733486 0.00613393 -0.000474954 -0.00240164 -0.0404173 0.00133529 0.0522634 0.0445688 -0.0378337 0.000689582 -0.0254485 -0.0135028 -0.0564735 -0.00749791 0.0317371 0.043166 -0.0416003 0.0260641 -0.0334062 -0.0212949 -0.0284902
internal_weight=14226.2 9734.67 4901.35 4833.32 4491.53 2507.23 2176.63 2491.69 2724.73 1897.16 1735.07 1602.96 1422.79 1311.79 975.833 2341.63 1676.68 1531.4 864.838 904.977 609.883 1984.3 715.112 959.076 827.566 690.452 365.95 734.468 529.193 418.206
internal_count=80000 48455 25696 22759 31545 14872 13168 11124 12528 8823 7728 7539 6420 9268 4537 11635 8075 10335 3900 5361 2873 16673 3263 4302 3705 4946 1664 4459 2508 2768
is_linear=0
shrinkage=0.06


Tree=20
num_leaves=31
num_cat=0
split_feature=1 17 1 1 17 20 20 20 11 18 7 7 1 18 20 18 18 7 7 11 7 20 11 20 7 1 11 7 18 1
split_gain=2294.88 754.366 538.586 363.873 340.999 248.521 235.317 233.076 208.042 197.158 150.775 123.55 117.725 114.881 108.696 108.487 105.558 94.0757 90.9435 79.41 78.3778 78.0637 70.2477 66.1014 64.5344 62.6417 62.6201 61.0124 45.3181 43.3328
threshold=22.585000000000004 0.25167468530620707 26.075000000000003 27.105000000000004 0.24971626387090243 1.0000000180025095e-35 1.0000000180025095e-35 1.0000000180025095e-35 40.95000000000001 0.091853225479729364 1.5000000000000002 1.5000000000000002 30.755000000000006 0.028984562097993233 1.0000000180025095e-35 0.062959523526995895 0.044444215168794265 1.5000000000000002 1.5000000000000002 53.750000000000007 1.5000000000000002 1.0000000180025095e-35 35.45000000000001 1.0000000180025095e-35 1.5000000000000002 18.375000000000004 82.250000000000014 1.5000000000000002 0.03062466378133754 20.385000000000002
decision_type=2 2 2 2 2 2 2 2 2 2 2 2 2 2 2 2 2 2 2 2 2 2 2 2 2 2 2 2 2 2
left_child=4 2 6 5 23 9 11 15 17 10 -3 26 14 -9 -10 -6 -8 21 25 -13 29 -4 -7 -1 -25 -15 -2 -18 -5 -17
right_child=1 3 8 28 7 22 16 13 12 -11 -12 19 -14 18 -16 20 27 -19 -20 -21 -22 -23 -24 24 -26 -27 -28 -29 -30 -31
leaf_value=-0.063656856368750805 -0.053350020491827056 -0.0092190240801480802 -0.030879704888185162 0.036278559422442708 -0.05101692237858068 0.019769956197968636 -0.027293911378373736 -0.035189857335904282 0.012863748903422201 0.038232388487159381 0.034336334874276148 -0.035947864128529322 0.066147908847022943 -0.040812165268444764 0.048313528977710032 -0.051477990413328574 0.0057933385688363473 0.032827306699511782 0.055253550870632537 0.022174386127775073 0.018166919820580232 0.013672507473803656 0.057198971455389686 -0.050558608357862224 -0.0066653375676190398 0.011257346752917771 -0.0099972337958064671 0.050556027658058778 0.064175070693467395 -0.01571134020631865
leaf_weight=1232.4863756597042 899.22038662433624 1278.7075062245131 450.69957868754864 257.30748644471169 826.52253206074238 239.46657821536064 299.00317175686359 235.89502078294754 1059.1041838824749 716.32612319290638 368.59547860920429 163.37752865999937 272.6118078827858 100.1711194217205 441.04904635250568 203.2958330065012 473.75677140057087 173.16015811264515 146.38603921234608 175.5552768856287 159.68788201361895 206.43289472162724 733.29933950304985 513.85105541348457 157.56151506304741 490.25436972081661 138.40688963979483 142.61951345205307 1131.6309812664986 304.73795695602894
leaf_count=11727 6911 5832 2239 1294 6081 1075 1434 1154 4770 3089 1549 1073 1296 615 1998 1658 2091 766 656 973 852 903 3526 3929 1017 2112 845 591 6200 1744
internal_value=-0.000277694 0.0161015 -0.000406263 0.0332019 -0.0363286 0.0224592 -0.0216164 -0.0216059 0.0182688 0.0119539 0.00052679 -0.0372939 0.0298773 0.00125218 0.0232861 -0.0364858 0.00195978 -0.00651654 0.0129193 -0.00584258 -0.0184988 -0.016884 0.047985 -0.0554053 -0.0402581 0.00242327 -0.0475673 0.0161507 0.0590071 -0.0300238
internal_weight=13991.2 9620.33 4895 4725.33 4370.85 3336.4 2291.94 2466.95 2603.06 2363.63 1647.3 1376.56 1772.77 972.707 1500.15 1494.24 915.379 830.293 736.812 338.933 667.722 657.132 972.766 1903.9 671.413 590.425 1037.63 616.376 1388.94 508.034
internal_count=80000 48455 25890 22565 31545 15071 13918 14872 11972 10470 7381 9802 8064 4537 6768 10335 4116 3908 3383 2046 4254 3142 4601 16673 4946 2727 7756 2682 7494 3402
is_linear=0
shrinkage=0.06


Tree=21
num_leaves=31
num_cat=0
split_feature=1 1 11 20 7 20 20 1 16 16 11 11 16 16 22 22 16 7 7 7 1 1 16 7 7 16 20 4 16 22
split_gain=2080.68 576.891 449.825 357.066 228.526 175.208 172.747 164.991 156.216 153.036 150.203 127.478 122.288 120.074 99.6702 93.8866 87.5959 79.3919 76.1823 68.3767 67.9887 67.9676 65.5518 62.7767 59.8217 57.8706 56.4022 48.8025 48.5515 49.2316
threshold=23.115000000000006 28.005000000000006 54.050000000000004 1.0000000180025095e-35 1.5000000000000002 1.0000000180025095e-35 1.0000000180025095e-35 18.975000000000005 0.11076421030909099 0.093078750813975999 52.750000000000007 66.15000000000002 0.091791019996053477 0.12557380605498161 1.0000000180025095e-35 1.0000000180025095e-35 0.11980588407949559 1.5000000000000002 1.5000000000000002 1.5000000000000002 21.155000000000005 18.735000000000003 0.11980588407949559 1.5000000000000002 1.5000000000000002 0.11613098828329728 1.0000000180025095e-35 15.905000000000003 0.11980588407949559 1.0000000180025095e-35
decision_type=2 2 2 2 2 2 2 2 2 2 2 2 2 2 2 2 2 2 2 2 2 2 2 2 2 2 2 2 2 2
left_child=3 2 4 8 5 12 9 -5 -1 17 19 20 -2 15 -11 27 -7 -4 25 -9 -10 -13 -6 -23 26 -12 -17 -3 29 -8
right_child=1 13 6 7 22 16 28 10 11 14 18 21 -14 -15 -16 24 -18 -19 -20 -21 -22 23 -24 -25 -26 -27 -28 -29 -30 -31
leaf_value=-0.058764457905776578 -0.048448311025212097 0.02167530895334659 -0.015110279491108661 -0.043982134375822539 0.006088198988732467 -0.0095778730175319193 0.056973989065907608 -0.030758031977684928 -0.056285204024361851 0.055816121302915835 -0.013951257073608975 -0.052672774556493211 -0.014942758536030644 0.061571285220997064 0.017940546218014799 -0.010056234249774389 0.028366535517400229 0.027066976789990021 0.055458603346772328 0.013340774165489303 -0.027456512983745913 -0.0086434447916260166 0.041785898009587423 0.046951273905580897 0.053303237679919284 0.024153619445414758 0.03838488009555939 0.051561803352018626 0.062543602767150208 0.021117184877715571
leaf_weight=1401.7948162853718 609.60838389396667 266.69514600932598 643.76201233267784 419.12036748230457 415.31716538965702 544.45040433108807 223.4472793340683 557.8360665589571 606.79215940088034 343.82090348005295 250.23839554190636 91.080196008086205 1099.3231032341719 797.01873978972435 917.78538995236158 319.6550127863884 366.43353335559368 214.09825789183378 152.8317107707262 163.72919884324074 572.23151703178883 303.23004640638828 334.20227938890457 96.354095935821533 105.91246397793293 336.32760693132877 118.64918573200703 749.40222772955894 374.19300842285156 359.84188352525234
leaf_count=13659 4348 1228 3844 2967 2096 2444 997 3082 4940 1559 1678 762 5291 4570 4260 1361 1767 1009 749 799 3314 1822 1502 461 480 1417 577 3520 1959 1538
internal_value=-0.00027522 0.0172257 0.00793769 -0.0313909 -0.00720859 -0.0155666 0.0245233 -0.010797 -0.0439967 0.0149679 -0.00127686 -0.0315983 -0.0268948 0.0426244 0.0282626 0.0329463 0.00568653 -0.004584 0.0177282 -0.0207516 -0.0422934 -0.00589905 0.0220054 0.00476244 0.0128355 0.00789747 0.0030568 0.0437175 0.0456749 0.0348533
internal_weight=13755.2 8803.62 6446.28 4951.57 3369.33 2619.82 3076.95 1880.08 3071.48 2119.47 1460.96 1669.69 1708.93 2357.33 1261.61 1560.31 910.884 857.86 739.398 721.565 1179.02 490.664 749.519 399.584 544.217 586.566 438.304 1016.1 957.482 583.289
internal_count=80000 44350 32614 35650 17448 13850 15166 10692 24958 10672 7725 11299 9639 11736 5819 7166 4211 4853 3844 3881 8254 3045 3598 2283 2418 3095 1938 4748 4494 2535
is_linear=0
shrinkage=0.06


Tree=22
num_leaves=31
num_cat=0
split_feature=1 1 11 11 7 20 20 1 20 20 7 7 32 11 20 7 1 7 3 22 11 7 22 1 6 7 21 11 32 1
split_gain=1922.12 615.486 371.176 278.973 206.087 183.204 172.423 168.684 156.594 141.58 124.85 111.961 101.319 97.4203 95.302 95.1225 71.1884 70.2716 69.5592 50.294 48.9099 45.5536 42.7887 40.6992 40.167 39.1236 38.018 37.3407 34.972 33.6344
threshold=25.325000000000003 21.205000000000002 54.050000000000004 35.150000000000013 1.5000000000000002 1.0000000180025095e-35 1.0000000180025095e-35 28.665000000000003 1.0000000180025095e-35 1.0000000180025095e-35 1.5000000000000002 1.5000000000000002 1.0000000180025095e-35 60.45000000000001 1.0000000180025095e-35 1.5000000000000002 29.425000000000004 1.5000000000000002 66650.000000000015 1.0000000180025095e-35 85.050000000000011 1.5000000000000002 1.0000000180025095e-35 27.605000000000004 719.50000000000011 1.5000000000000002 4574.5000000000009 89.050000000000011 1.0000000180025095e-35 17.505000000000006
decision_type=2 2 2 2 2 2 2 2 2 2 2 2 2 2 2 2 2 2 2 2 2 2 2 2 2 2 2 2 2 2
left_child=1 8 5 11 6 15 18 9 25 10 12 14 -5 21 16 -3 -2 22 -4 -15 -8 -10 -7 -16 -6 -1 28 -27 -9 -21
right_child=3 2 4 7 24 17 20 26 13 -11 -12 -13 -14 19 23 -17 -18 -19 -20 29 -22 -23 -24 -25 -26 27 -28 -29 -30 -31
leaf_value=-0.058866985331803748 -0.028634143662194925 -0.042845637870957035 -0.0028627253381829916 0.014736326600105818 0.03072932461309132 0.01344896352965174 0.016185329135967812 0.048321039202333306 -0.04743312555143276 0.046961905835085221 0.045839570563808558 0.037081084120325403 -0.036924472102467291 0.063475824327960076 0.0018716711408227654 -0.0096607548432122766 0.01347712803178173 0.026804937845531559 -0.031873948521290774 -0.044881044195523107 0.056483043194858959 -0.0094346680934775037 -0.018885452241641128 0.04448362878767019 0.066083766367608696 -0.04198690984307514 0.064856665609364622 0.031837436125708239 0.0072773592837652896 0.00096994161455231072
leaf_weight=1282.6191187873483 546.55854552984238 1284.5915878638625 853.14887653291225 1414.9454022496939 430.62852200865746 194.48943926393986 565.54164705425501 723.07904274761677 496.38683228939772 845.69827604293823 442.49092184007168 278.3022625297308 151.28129176795483 39.17570286244154 175.53851918876171 410.27572036534548 196.46230982244015 226.42064669728279 456.84609006345272 71.749059699475765 134.14626309275627 147.27596528083086 607.65988525748253 149.33891141414642 158.18188816308975 338.78339263051748 522.38205263018608 26.60203892737627 83.350998863577843 291.97146838903427
leaf_count=12178 2833 9072 4655 7034 2146 925 2706 3526 3292 4181 2037 1322 753 222 800 2312 912 1013 3319 532 626 848 2988 772 817 2885 2950 207 403 1734
internal_value=-0.000270755 -0.0190417 -0.00721185 0.0269431 0.00901015 -0.0226896 -0.000136018 0.0345883 -0.0424063 0.0263677 0.0176972 0.00318597 0.00974643 -0.0242556 -0.00564736 -0.0348126 -0.0174995 -0.00271353 -0.0129801 -0.00111758 0.0239113 -0.0387387 -0.0110456 0.0214594 0.0402272 -0.0539328 0.052247 -0.0366121 0.0440788 -0.00807482
internal_weight=13545.9 8016.49 5321.93 5529.43 2598.49 2723.44 2009.68 4183.23 2694.56 2854.42 2008.72 1346.2 1566.23 1046.56 1067.9 1694.87 743.021 1028.57 1309.99 402.896 699.688 643.663 802.149 324.877 588.81 1648 1328.81 365.385 806.43 363.721
internal_count=80000 52477 30579 27523 14269 16310 11306 20884 21898 14005 9824 6639 7787 6628 5317 11384 3745 4926 7974 2488 3332 4140 3913 1572 2963 15270 6879 3092 3929 2266
is_linear=0
shrinkage=0.06


Tree=23
num_leaves=31
num_cat=0
split_feature=22 4 16 16 16 18 11 7 7 18 11 4 29 5 9 29 5 7 26 26 5 5 7 29 29 7 11 28 25 11
split_gain=1193.06 789.854 341.213 331.323 323.144 209.164 208.628 160.893 127.039 124.39 122.975 95.7466 95.1636 87.9448 104.675 82.614 73.5698 71.5836 69.5132 68.077 67.7714 65.6607 60.315 54.732 50.4169 50.058 48.7144 46.7999 45.812 41.4868
threshold=1.0000000180025095e-35 20.435000000000006 0.11697265296937974 0.11697265296937974 0.087602674505660491 0.061108564932693017 64.550000000000011 1.5000000000000002 1.5000000000000002 0.035866951012368219 33.750000000000007 28.585000000000004 1.0000000180025095e-35 1.0000000180025095e-35 1.0000000180025095e-35 1.0000000180025095e-35 1.0000000180025095e-35 1.5000000000000002 1.0000000180025095e-35 1.0000000180025095e-35 1.0000000180025095e-35 1.0000000180025095e-35 1.5000000000000002 1.0000000180025095e-35 1.0000000180025095e-35 1.5000000000000002 59.850000000000001 1.0000000180025095e-35 1.0000000180025095e-35 23.650000000000002
decision_type=2 2 2 2 2 2 2 2 2 2 2 2 2 2 2 2 2 2 2 2 2 2 2 2 2 2 2 2 2 2
left_child=4 2 13 7 5 12 8 11 20 24 -5 21 16 23 -15 22 25 18 -12 28 -4 -3 27 -2 -6 -1 -9 -7 -8 -10
right_child=1 3 6 10 9 15 19 26 29 -11 17 -13 -14 14 -16 -17 -18 -19 -20 -21 -22 -23 -24 -25 -26 -27 -28 -29 -30 -31
leaf_value=-0.041260564717083038 -0.052940874640592703 -0.036597923334319528 -0.039405984781982664 -0.0030994583773004871 0.010502519607180164 -0.014854489237556622 0.022271871425535206 0.0056261714119233211 -0.036637928039712664 0.052423918353575266 0.031158525998545537 0.007706884668221929 0.019776340037209062 -0.034646153218320333 0.035099468794743093 0.053046100136240594 0.012519658170147432 0.05747455228268003 -0.012138929448230664 -0.021991299709407778 -0.0088494789949000088 -0.0013761735503767223 0.048547923585233715 -0.011179952548329897 0.053345632905705154 0.00018130824940278435 0.047112779038358685 0.021307344252970283 -0.057475909879066721 0.011580525770878208
leaf_weight=430.57829460501671 1745.6206549927592 840.99734259396791 1177.9517881199718 448.07040288299322 458.30794579535723 209.63346616178751 678.3020826280117 255.93942358344793 77.281419090926647 1484.89719414711 1129.9017319753766 343.82993523776531 293.29762050509453 474.225038215518 92.59116143733263 339.27706989645958 183.5638539865613 327.53220945596695 151.37229642271996 181.38807514309883 335.78789094090462 246.35533884912729 167.4895613566041 120.79896898567677 126.08519214391708 138.73942559957504 169.2894983664155 334.2912629544735 26.963344171643257 380.57271222025156
leaf_count=3091 14655 6106 7224 2390 2303 1533 3282 1557 393 7830 5658 2135 1309 2860 527 1622 906 1641 1088 1282 1657 1353 851 529 692 790 958 1615 217 1946
internal_value=-0.000266249 -0.0123239 -0.0274386 0.00811397 0.0263741 0.00977419 -0.0133808 -0.010263 -0.0242515 0.0431953 0.0246999 -0.0198912 -0.00921662 -0.0439519 -0.023253 0.0286835 -0.0205113 0.0324423 0.0260433 0.0107915 -0.0326277 -0.0286179 0.0170648 -0.050238 0.0197461 -0.0311614 0.0221426 0.00737025 0.019223 0.00344171
internal_weight=13370.9 9204.77 5291.48 3913.29 4166.16 2096.87 2858.25 1856.41 1971.59 2069.29 2056.88 1431.18 1046.18 2433.24 566.816 1050.69 752.882 1608.81 1281.27 886.654 1513.74 1087.35 711.414 1866.42 584.393 569.318 425.229 543.925 705.265 457.854
internal_count=80000 57458 34572 22886 22542 11717 16001 12109 11220 10825 10777 9594 6096 18571 3387 5621 4787 8387 6746 4781 8881 7459 3999 15184 2995 3881 2515 3148 3499 2339
is_linear=0
shrinkage=0.06


Tree=24
num_leaves=31
num_cat=0
split_feature=1 1 11 20 18 16 16 22 20 4 18 16 11 20 7 20 7 7 7 16 16 1 22 11 16 7 4 20 1 7
split_gain=1667.18 534.873 274.981 263.663 246.197 211.591 157.71 160.521 143.944 134.927 132.055 108.748 93.5146 92.5973 91.052 75.2637 65.3018 62.1177 60.002 59.105 56.9949 54.6444 54.5545 54.3071 52.8182 48.7126 48.6325 45.8584 46.7963 43.8859
threshold=22.585000000000004 25.895000000000003 72.350000000000009 1.0000000180025095e-35 0.03062466378133754 0.10986106256625142 0.12557380605498161 1.0000000180025095e-35 1.0000000180025095e-35 21.065000000000001 0.066963239416672579 0.11076421030909099 66.15000000000002 1.0000000180025095e-35 1.5000000000000002 1.0000000180025095e-35 1.5000000000000002 1.5000000000000002 1.5000000000000002 0.11335156017534136 0.12270019120256093 29.025000000000002 1.0000000180025095e-35 90.15000000000002 0.092454592916501793 1.5000000000000002 19.135000000000002 1.0000000180025095e-35 28.255000000000006 1.5000000000000002
decision_type=2 2 2 2 2 2 2 2 2 2 2 2 2 2 2 2 2 2 2 2 2 2 2 2 2 2 2 2 2 2
left_child=3 2 5 11 15 8 7 24 22 13 16 -1 -13 -7 -9 21 -5 19 -10 -12 23 29 -2 -4 -6 -11 -14 28 -8 -3
right_child=1 4 20 10 6 9 27 14 18 25 17 12 26 -15 -16 -17 -18 -19 -20 -21 -22 -23 -24 -25 -26 -27 -28 -29 -30 -31
leaf_value=-0.05896286422703826 -0.02111184224734523 -0.033988214522140146 0.0013433449974702945 -0.036634102652618267 0.033403283327710087 -0.01860983883258242 0.033946063291707892 -0.00057606916240433403 -0.013244735659722695 0.016825669000672977 -0.02670703539348325 -0.043951163745473282 -0.026495194530406389 0.017622365446490731 0.042238490561390764 0.02624977456771644 0.00071188660560861979 0.044251026934392979 0.028534452602354144 0.014993021263612027 0.043054625784337185 0.01495753038887768 -0.050692400219170465 0.04264251716811121 0.062702410421464461 0.054115773740283209 0.016031531819441992 0.069500084044211888 0.06089666917886398 0.013614823126649109
leaf_weight=1100.1302738264203 362.15007624775171 335.17597407102585 370.95359629392624 715.74379649758339 1072.1247930824757 838.36253812909126 590.0746356099844 851.68982850760221 527.92215767502785 598.97485638409853 206.46700417250395 924.38460500538349 239.14529167860746 364.25669135153294 226.33816322684288 262.57031954824924 220.47502656280994 131.74954447895288 161.64140352606773 300.39422342181206 450.06841085851192 185.6567830145359 590.30561459064484 165.88132870197296 279.18065023422241 159.74587067216635 162.64606422185898 364.25875067710876 382.1537221968174 88.031747102737427
leaf_count=12090 2462 1748 2069 4583 5076 4012 2902 4043 2514 2807 1607 7271 1704 1694 1018 1286 1213 698 679 1382 2035 873 5018 866 1520 726 997 2316 2389 402
internal_value=-0.000260443 0.0137656 -0.00075374 -0.0326076 0.0281377 -0.00843916 0.0347882 0.0256808 -0.0243295 0.00486412 -0.0134897 -0.0450163 -0.0334469 -0.00763561 0.00841309 -0.000601442 -0.0278393 0.00754724 -0.00345123 -0.00199326 0.0273071 -0.0121809 -0.0394451 0.0141047 0.0394565 0.024677 -0.00928028 0.0513425 0.0445395 -0.0240863
internal_weight=13228.7 9227.52 4590.26 4001.14 4637.26 3603.36 3765.82 2429.33 1642.02 1961.34 1574.83 2426.31 1326.18 1202.62 1078.03 871.435 936.219 638.611 689.564 506.861 986.903 608.865 952.456 536.835 1351.31 758.721 401.791 1336.49 972.228 423.208
internal_count=80000 48455 24882 31545 23573 19912 19264 11657 10673 9239 9483 22062 9972 5706 5061 4309 5796 3687 3193 2989 4970 3023 7480 2935 6596 3533 2701 7607 5291 2150
is_linear=0
shrinkage=0.06


Tree=25
num_leaves=31
num_cat=0
split_feature=1 17 1 17 1 11 20 11 20 20 20 7 11 11 20 18 1 18 18 4 7 7 7 20 7 4 1 20 7 4
split_gain=1505.4 556.495 353.428 311.828 287.096 190.262 179.23 160.555 160.435 128.131 112.929 102.182 99.7917 95.0591 89.4563 87.1994 85.8203 84.4901 77.7823 74.4001 66.7825 62.8894 62.5019 61.2215 60.4541 56.2802 49.9475 49.2122 48.9936 47.4589
threshold=22.585000000000004 0.24971626387090243 25.845000000000002 0.24971626387090243 25.705000000000002 61.550000000000004 1.0000000180025095e-35 37.550000000000004 1.0000000180025095e-35 1.0000000180025095e-35 1.0000000180025095e-35 1.5000000000000002 92.550000000000011 50.95000000000001 1.0000000180025095e-35 0.028984562097993233 18.735000000000003 0.068082933531102882 0.054593868785166144 20.985000000000003 1.5000000000000002 1.5000000000000002 1.5000000000000002 1.0000000180025095e-35 1.5000000000000002 24.185000000000006 29.895000000000003 1.0000000180025095e-35 1.5000000000000002 17.915000000000003
decision_type=2 2 2 2 2 2 2 2 2 2 2 2 2 2 2 2 2 2 2 2 2 2 2 2 2 2 2 2 2 2
left_child=3 2 8 23 7 9 13 27 12 11 19 -4 22 -5 17 -8 -15 20 -10 -9 -6 -17 -2 -1 -18 26 -7 -3 -25 -11
right_child=1 4 5 6 14 25 15 10 18 29 -12 -13 -14 16 -16 21 24 -19 -20 -21 -22 -23 -24 28 -26 -27 -28 -29 -30 -31
leaf_value=-0.060745319458546915 -0.048736181276044281 -0.023373966896558934 -0.019557679685639061 -0.048862078439162501 0.015267269005078523 0.016107006490876697 -0.029808692062693307 0.0022962533789812078 -0.02252923845448716 0.0018215608244773302 0.04706950621867121 0.022947924767213315 0.031407209006193711 -0.055641067276113863 0.064969530602672368 0.0042319651837269233 -0.0173774979172398 0.051943767997420016 0.014546104105082813 0.032185748069735877 0.05925149609481823 0.048643465401849939 -0.015860669818731271 -0.046641613209392543 0.02708037976233291 0.055857549856335585 0.058387098264674094 0.012749077654370073 -0.0079606819796078643 0.038683981278785785
leaf_weight=1000.675213702023 784.14891264587641 431.53075668215752 918.64387855678797 604.80821619927883 654.48909571766853 512.18632866442204 223.54080820828676 788.03497786819935 346.97104230523109 198.8476777523756 510.69685600697994 261.57870855927467 75.415348030626774 160.51467844098806 559.3606976121664 574.60826911777258 433.14788559824228 714.31863687932491 493.37658746540546 483.90429593622684 153.39792369306087 143.44016844034195 283.43538022041321 460.36464075744152 147.64385614544153 301.93303176760674 125.169388204813 198.09770007431507 158.45709985494614 341.95882929861546
leaf_count=11727 6876 2145 4672 5020 3217 2343 1154 3496 1691 890 2528 1156 441 1521 3560 2727 3044 4040 2154 2087 818 656 1815 3929 750 1408 640 868 1017 1610
internal_value=-0.000255376 0.0130731 -0.00149313 -0.0314257 0.0281249 0.0127992 -0.0171641 0.0140373 -0.0206639 0.000945183 0.0232367 -0.0101369 -0.035296 -0.0312099 0.0444507 0.00291602 -0.0168081 0.0369107 -0.00076193 0.0136676 0.0236188 0.0131038 -0.040008 -0.0515715 -0.0060758 0.034519 0.0244103 -0.0120087 -0.0367369 0.0251301
internal_weight=13044.7 9137.5 4643.67 3907.2 4493.83 2660.32 2287.7 2412.26 1983.35 1721.03 1782.64 1180.22 1143 1346.11 2081.57 941.589 741.306 1522.21 840.348 1271.94 807.887 718.048 1067.58 1619.5 580.792 939.289 637.356 629.628 618.822 540.807
internal_count=80000 48455 25696 31545 22759 12719 14872 11124 12977 8328 8111 5828 9132 10335 11635 4537 5315 8075 3845 5583 4035 3383 8691 16673 3794 4391 2983 3013 4946 2500
is_linear=0
shrinkage=0.06


Tree=26
num_leaves=31
num_cat=0
split_feature=1 17 17 1 18 18 1 7 1 1 18 18 5 7 1 5 32 7 7 18 18 14 19 7 7 7 7 22 18 5
split_gain=1364.94 456.288 433.215 246.043 228.267 201.247 162.274 161.322 133.048 132.411 118.978 117.289 115.588 102.949 97.7075 89.5393 77.1577 74.5594 67.5162 68.1657 62.0781 58.1807 49.5142 47.7921 45.6361 44.5878 44.0856 38.6864 31.7453 31.2239
threshold=24.295000000000005 0.24971626387090243 0.24971626387090243 18.815000000000001 0.07815182768980064 0.029809692216296139 27.825000000000003 1.5000000000000002 21.405000000000005 29.025000000000002 0.12103908826945978 0.041611061178332638 1.0000000180025095e-35 1.5000000000000002 28.665000000000003 1.0000000180025095e-35 1.0000000180025095e-35 1.5000000000000002 1.5000000000000002 0.13953105292688242 0.037922794147099113 1.0000000180025095e-35 1.0000000180025095e-35 1.5000000000000002 1.5000000000000002 1.5000000000000002 1.5000000000000002 1.0000000180025095e-35 0.032346359340783427 1.0000000180025095e-35
decision_type=2 2 2 2 2 2 2 2 2 2 2 2 2 2 2 2 2 2 2 2 2 2 2 2 2 2 2 2 2 2
left_child=1 8 4 29 9 23 11 10 -1 13 -7 24 17 15 18 -2 25 -10 19 -6 -14 -22 -19 -5 27 -13 -11 -4 -15 -3
right_child=2 3 6 5 14 7 -8 -9 12 26 -12 16 20 28 -16 -17 -18 22 -20 -21 21 -23 -24 -25 -26 -27 -28 -29 -30 -31
leaf_value=-0.05622510309276909 -0.034841493600425238 -0.054485059851619645 0.016797212477238702 -0.039344361981400761 -0.0077993638337520276 -0.0089865905935720084 0.056380278695870749 0.036337151730572351 -0.048206585665536594 0.0099900669516709839 0.027422259841705189 0.034789951893485292 -0.038613700438963866 -0.014258593144766723 0.04581471787063613 0.0026663917539168202 -0.0051841810175258084 -0.02395242435231195 0.039847104524411057 0.027540032568755143 0.0043428675876259039 0.087152942489228419 0.042484860806051884 -0.0023361240246256763 0.036186086798746506 0.06255830982750861 0.056056113883010107 -0.015369634345632637 0.022404897429180018 -0.020542752753749904
leaf_weight=1095.5900389328599 914.74514687806368 379.28718364983797 229.9968217164278 497.85388603061438 566.35914297401905 1473.4312431663275 896.65309512615204 534.51163952797651 764.79008291661739 410.39069916307926 413.87210936099291 1089.3663425892591 109.14202823489904 127.3928104788065 438.06402336061001 305.69426502287388 150.62788383662701 197.20087303966284 250.09024977684021 300.88396596163511 240.81217224150896 34.979886114597321 50.783640407025814 168.01548982411623 141.14199024438858 257.34727397561073 91.455619513988495 324.51089225709438 255.59778164327145 131.35877156257629
leaf_count=12221 5623 3546 1057 3166 2958 8251 5824 2505 7486 1860 2017 5345 650 610 2160 1335 747 1575 1115 1426 1233 169 331 822 656 1376 440 1500 1177 819
internal_value=-0.000251358 -0.0208428 0.0183308 -0.00717371 0.00436667 -0.000793291 0.0348758 0.00723871 -0.0405701 -0.00851162 -0.00100239 0.0260833 -0.028299 -0.0169298 0.0217978 -0.0254466 0.0355412 -0.0389364 0.0123817 0.00446139 -0.000311643 0.014846 -0.010347 -0.0300063 0.00572568 0.0400963 0.0183851 -0.00202758 0.0102096 -0.0457537
internal_weight=12841.9 6091.63 6750.32 3598.33 3660.67 3087.68 3089.64 2421.81 2493.3 2105.28 1887.3 2192.99 1397.71 1603.43 1555.4 1220.44 1497.34 1012.77 1117.33 867.243 384.934 275.792 247.985 665.869 695.65 1346.71 501.846 554.508 382.991 510.646
internal_count=80000 44791 35209 21126 18704 16761 16505 12773 23665 11045 10268 10681 11444 8745 7659 6958 7468 9392 5499 4384 2052 1402 1906 3988 3213 6721 2300 2557 1787 4365
is_linear=0
shrinkage=0.06


Tree=27
num_leaves=31
num_cat=0
split_feature=1 17 1 1 17 20 20 20 18 11 7 11 7 1 18 18 4 7 7 18 11 11 20 7 20 7 1 7 32 18
split_gain=1252.19 473.535 328.853 277.685 243.024 200.228 182.003 145.142 142.437 137.029 117.654 113.661 99.5206 96.8753 88.3371 80.1292 74.5742 59.9727 57.8732 57.1132 49.6045 45.0704 44.9665 44.5245 43.4953 42.4804 40.187 40.1552 36.9688 33.6817
threshold=22.185000000000006 0.25167468530620707 26.365000000000006 27.375000000000004 0.24971626387090243 1.0000000180025095e-35 1.0000000180025095e-35 1.0000000180025095e-35 0.022974170567333082 61.550000000000004 1.5000000000000002 68.450000000000017 1.5000000000000002 30.875000000000004 0.049216176463903034 0.052788934763477922 19.055000000000003 1.5000000000000002 1.5000000000000002 0.036312088435672241 56.250000000000007 81.050000000000011 1.0000000180025095e-35 1.5000000000000002 1.0000000180025095e-35 1.5000000000000002 29.895000000000003 1.5000000000000002 1.0000000180025095e-35 0.03062466378133754
decision_type=2 2 2 2 2 2 2 2 2 2 2 2 2 2 2 2 2 2 2 2 2 2 2 2 2 2 2 2 2 2
left_child=4 2 6 5 22 8 11 15 -3 12 -10 23 13 -4 -8 -6 20 -13 -17 25 -9 -16 -1 -2 26 -7 -11 -24 -21 -5
right_child=1 3 9 29 7 19 14 16 10 24 -12 17 -14 -15 21 18 -18 -19 -20 28 -22 -23 27 -25 -26 -27 -28 -29 -30 -31
leaf_value=-0.06045791127505782 -0.050418513830146061 -0.029314589651106199 -0.011996801899885721 0.030345639611973233 -0.050009404446899858 0.0058851987380731906 -0.021414653823898309 -0.03057079598898909 0.0060746780364306571 0.017156229494447162 0.039874187763762663 -0.019156798362820051 0.033832526731625019 0.034366056621890885 0.0079646092606527556 -0.02894751868333811 0.023312813250878941 0.031577949851062784 0.01268463175020884 0.053175646264498444 0.0065642095495238384 0.050482236740185406 -0.047855107434804589 -0.021803256989464299 0.057761153073100757 0.065255805124671287 0.054021216862776285 -0.0097092503781328974 0.0091265235240046982 0.057448745214768136
leaf_weight=821.26694417744875 722.03439308702946 324.67533539235592 1000.7799165844917 206.02029132843018 517.12680007517338 234.94182376563549 380.80374424159527 283.37312184274197 1750.9027201235294 452.86502309143543 470.35566985607147 318.14372435212135 306.76062914729118 193.6392227858305 550.07353813946247 459.04614063352346 316.52816423028708 113.9092398583889 162.84812491387129 641.67158216238022 238.47382456809282 107.25509233772755 376.84666530042887 268.56281787157059 207.22224918007851 53.212386220693588 139.16714057326317 134.91190610080957 76.799679145216942 830.36487820744514
leaf_count=10596 6903 1606 4889 1164 4754 1076 1917 1478 8148 1978 2143 2328 1405 920 2473 3705 1501 596 940 3450 1155 468 3565 1790 1098 259 719 928 406 5642
internal_value=-0.000246796 0.0109809 -0.00227514 0.0247347 -0.0319591 0.0167628 -0.0175213 -0.0186114 0.00780598 0.0140338 0.0132318 -0.0314603 0.00334866 -0.00448046 0.00158055 -0.0325576 0.000335902 -0.00578076 -0.0180458 0.0394162 -0.0136008 0.0149021 -0.051759 -0.0426606 0.0341028 0.016849 0.025822 -0.0377989 0.0484671 0.052061
internal_weight=12660.6 9350.16 4761.22 4588.94 3310.42 3552.56 2460.78 1977.4 2545.93 2300.43 2221.26 1422.65 1501.18 1194.42 1038.13 1139.02 838.375 432.053 621.894 1006.63 521.847 657.329 1333.03 990.597 799.254 288.154 592.032 511.759 718.471 1036.39
internal_count=80000 51378 27484 23894 28622 17088 16475 13533 11897 11009 10291 11617 7214 5809 4858 9399 4134 2924 4645 5191 2633 2941 15089 8693 3795 1335 2697 4493 3856 6806
is_linear=0
shrinkage=0.06


Tree=28
num_leaves=31
num_cat=0
split_feature=1 17 17 4 1 1 7 20 11 20 1 20 11 7 11 20 20 1 1 11 7 32 11 1 20 18 4 20 7 4
split_gain=1136.34 391.82 344.277 235.506 191.639 179.208 162.202 147.342 144.964 126.61 126.504 121.039 116.835 104.324 99.6498 92.5151 90.0624 83.702 81.7405 76.2237 62.1792 49.9213 49.0132 43.0941 39.0158 35.6436 29.9651 29.6964 29.3672 27.9144
threshold=23.695000000000004 0.25167468530620707 0.24971626387090243 19.975000000000005 18.645000000000003 27.825000000000003 1.5000000000000002 1.0000000180025095e-35 79.550000000000011 1.0000000180025095e-35 30.415000000000003 1.0000000180025095e-35 53.050000000000004 1.5000000000000002 78.550000000000011 1.0000000180025095e-35 1.0000000180025095e-35 26.175000000000004 20.325000000000003 67.550000000000011 1.5000000000000002 1.0000000180025095e-35 29.450000000000003 26.605000000000004 1.0000000180025095e-35 0.036312088435672241 12.845000000000001 1.0000000180025095e-35 1.5000000000000002 25.925000000000004
decision_type=2 2 2 2 2 2 2 2 2 2 2 2 2 2 2 2 2 2 2 2 2 2 2 2 2 2 2 2 2 2
left_child=2 3 11 10 27 7 8 12 9 -6 14 28 20 15 16 17 -2 -5 -13 29 -3 -14 -8 -17 -24 -9 -21 -4 -1 -20
right_child=1 5 4 13 6 -7 22 25 -10 -11 -12 18 21 -15 -16 23 -18 -19 19 26 -22 -23 24 -25 -26 -27 -28 -29 -30 -31
leaf_value=-0.059231165233051587 -0.035390067736104452 -0.0083433756972741274 -0.058807218863011226 -0.027502333507099869 -0.032006299627267955 0.053885442693246369 -0.013749115726434684 0.024621926736832857 0.02728290965124815 0.0011496318612668351 0.035498336833622864 -0.05223746410596785 0.033460403524557064 0.041535231845109988 0.016152160473916276 0.01258199790706623 -0.0048043347064130586 0.0093917725682075622 -0.031613506487177437 -0.021107853753828981 0.028219909035418232 -0.013808626151353167 0.020154589764228154 0.046247874023696872 0.056005083612796713 0.055021410866418818 0.038907869583391701 -0.027482697230045153 -0.03645793227356995 0.012001203380529745
leaf_weight=900.18277338892221 935.97363474965096 797.65247887372971 262.0591963082552 312.84411414712667 1001.6607840061188 828.49124005436897 104.0564654096961 196.57121612131596 294.70449688285589 707.45529048144817 174.6117879897356 256.16706065088511 831.44674803316593 449.91373486071825 260.70827937871218 282.05005909502506 550.38838481903076 757.1247286349535 350.98152183741331 40.005549587309361 211.9256869405508 89.047489747405052 346.37178657948971 265.9440091252327 159.65590830147266 472.87701965868473 119.14495187997818 186.48447042703629 263.53102831542492 62.188254721462727
leaf_count=11874 5938 3574 2835 2443 7280 5775 527 983 1524 3150 870 2614 3907 2177 1273 1212 2486 3596 2356 247 967 407 1691 1363 737 2889 670 1225 3027 383
internal_value=-0.000241729 0.0147085 -0.0221808 0.00192582 -0.00955117 0.0295852 -0.00333367 0.0218404 -0.0115808 -0.018282 -0.0131962 -0.0415954 0.0134276 0.0159788 -0.0180631 0.0088722 -0.0240644 -0.00139555 -0.0240676 -0.0114589 -0.000668191 0.0288877 0.0237538 0.0289202 0.0314657 0.0460952 0.0238218 -0.0457839 -0.054074 -0.0250488
internal_weight=12472.2 7417.57 5054.65 3989.56 3062.45 3428.01 2613.9 2599.52 2003.82 1709.12 1921.68 1992.2 1930.07 2067.88 1747.07 1617.96 1486.36 1069.97 828.487 572.32 1009.58 920.494 610.084 547.994 506.028 669.448 159.151 448.544 1163.71 413.17
internal_count=80000 39860 40140 21358 18969 18502 14909 12727 11954 10430 10567 21171 8855 10791 9697 8614 8424 6039 6270 3656 4541 4314 2955 2575 2428 3872 917 4060 14901 2739
is_linear=0
shrinkage=0.06


Tree=29
num_leaves=31
num_cat=0
split_feature=1 23 18 17 18 7 16 18 16 17 20 20 20 16 32 7 5 32 20 16 1 1 20 7 20 7 1 32 1 7
split_gain=1046.94 436.57 301.211 222.701 182.594 166.123 132.817 126.548 123.716 122.511 90.9125 75.7634 73.8911 73.1845 68.3773 63.4836 60.0979 59.2766 56.7315 54.3458 51.6087 46.8679 46.2516 41.3687 39.8548 39.2769 37.4542 34.9396 33.2233 32.7099
threshold=22.185000000000006 1.0000000180025095e-35 0.075267131114165067 0.24971626387090243 0.032785899877570836 1.5000000000000002 0.12270019120256093 0.068608917777285186 0.088311385425868957 0.24971626387090243 1.0000000180025095e-35 1.0000000180025095e-35 1.0000000180025095e-35 0.087602674505660491 1.0000000180025095e-35 1.5000000000000002 1.0000000180025095e-35 1.0000000180025095e-35 1.0000000180025095e-35 0.12465948966206475 25.575000000000003 26.415000000000003 1.0000000180025095e-35 1.5000000000000002 1.0000000180025095e-35 1.5000000000000002 18.645000000000003 1.0000000180025095e-35 29.265000000000004 1.5000000000000002
decision_type=2 2 2 2 2 2 2 2 2 2 2 2 2 2 2 2 2 2 2 2 2 2 2 2 2 2 2 2 2 2
left_child=3 2 5 22 13 9 11 12 14 16 -11 20 -5 24 15 -6 -2 21 26 -7 -4 -8 -1 -14 -3 -24 -9 -10 -15 -28
right_child=1 4 6 7 8 19 17 18 27 10 -12 -13 23 28 -16 -17 -18 -19 -20 -21 -22 -23 25 -25 -26 -27 29 -29 -30 -31
leaf_value=-0.05934197306555835 -0.043339269284349231 -0.029863462374697999 -0.025844944310082951 -0.044005521973035415 0.019263482196048901 -0.0031091536471655901 0.026376892258509692 -0.048059304560206045 0.051436776854258362 -0.018172258541101254 0.016434518579714032 0.021283134993695281 -0.022371712733305266 0.012179801562617852 -0.018996407420223901 0.051431234357242547 -0.011297914270992722 -0.010478794541500705 0.019920738367372987 0.029700649961274413 0.0042587533092180848 0.054391393762990181 -0.045936274860977115 0.018919415906211462 0.0092130369348821899 -0.0075064945186332699 -0.014873958412058949 0.018275174317333255 0.057392866847554014 0.025195923440799278
leaf_weight=745.90129565447569 814.17394229769707 263.15420952439308 364.58405782282352 624.91403616964817 993.41299786418676 384.0588276013732 791.38971558213234 86.866240352392197 1127.8765253573656 917.01943992823362 389.28767011314631 466.54553750157356 387.46313202381134 352.05264011770487 131.66923440247774 284.00473031401634 284.33183418959379 119.82911965996027 332.39567026495934 345.0103602334857 468.4185064136982 295.17329686135054 354.04783967882395 112.77306267619133 146.1440307945013 131.22966107726097 280.15752106159925 127.28820769488811 70.169859126210213 99.348916992545128
leaf_count=10596 6253 1690 3010 5953 5462 2104 3757 912 6530 4710 2019 2177 2049 1747 715 1408 1397 626 1562 1685 2220 1992 3565 523 700 928 2045 735 441 489
internal_value=-0.000237093 0.010054 -0.0002724 -0.030035 0.0267138 -0.0126717 0.015234 -0.0172831 0.0343746 -0.0202779 -0.00785922 0.00192511 -0.0302487 0.00216821 0.0221719 0.0264152 -0.0350458 0.0295705 0.000980225 0.0124171 -0.00891687 0.0339872 -0.0499618 -0.0130631 -0.0159108 -0.035544 -0.0125192 0.0480738 0.0196938 -0.00438428
internal_weight=12290.7 9135.59 5639.82 3155.1 3495.77 3133.88 2505.94 1923.92 2664.25 2404.81 1306.31 1299.55 1125.15 831.521 1409.09 1277.42 1098.51 1206.39 798.768 729.069 833.003 1086.56 1231.18 500.236 409.298 485.278 466.373 1255.16 422.222 379.506
internal_count=80000 51378 31950 28622 19428 18168 13782 13533 14850 14379 6729 7407 8525 4578 7585 6870 7650 6375 5008 3789 5230 5749 15089 2572 2390 4493 3446 7265 2188 2534
is_linear=0
shrinkage=0.06


Tree=30
num_leaves=31
num_cat=0
split_feature=22 4 11 18 16 16 17 6 6 6 16 11 20 20 29 16 4 20 20 20 6 4 6 6 16 11 18 6 20 32
split_gain=782.658 560.088 196.803 196.269 164.59 119.349 115.633 99.0494 98.664 82.5106 82.2497 81.9037 77.2853 74.5086 74.3752 68.0274 65.4301 60.57 55.6583 52.2813 50.0753 50.0494 47.3997 37.0068 36.7593 36.4021 36.0452 42.9451 35.7637 35.3369
threshold=1.0000000180025095e-35 20.435000000000006 66.15000000000002 0.035061531497211314 0.11697265296937974 0.088311385425868957 0.24971626387090243 714.50000000000011 704.50000000000011 719.50000000000011 0.087602674505660491 48.95000000000001 1.0000000180025095e-35 1.0000000180025095e-35 1.0000000180025095e-35 0.11697265296937974 28.585000000000004 1.0000000180025095e-35 1.0000000180025095e-35 1.0000000180025095e-35 684.50000000000011 26.385000000000002 674.50000000000011 704.50000000000011 0.11335156017534136 76.250000000000014 0.11538263422689868 709.50000000000011 1.0000000180025095e-35 1.0000000180025095e-35
decision_type=2 2 2 2 2 2 2 2 2 2 2 2 2 2 2 2 2 2 2 2 2 2 2 2 2 2 2 2 2 2
left_child=3 2 6 10 8 13 22 15 16 12 28 19 -8 14 21 -4 18 -10 -3 23 -13 -5 -2 -6 -9 -22 27 -7 -1 -17
right_child=1 4 7 5 11 26 9 24 17 -11 -12 20 -14 -15 -16 29 -18 -19 -20 -21 25 -23 -24 -25 -26 -27 -28 -29 -30 -31
leaf_value=-0.029768128199678695 -0.031043843927441427 -0.015485034252110534 -0.012059672343853323 -0.0099681602583801005 0.0071236714702020169 0.049867058116679193 -0.024548639792489321 -0.052163486091122174 -0.043149548681862403 -0.042976561629218639 0.016330998834199743 0.050289837300242231 0.0056927381095569253 0.03809590671080889 0.032038606024170142 0.025125904364114448 0.030597188172479538 -0.0045454545923883163 0.016839041844642983 0.026690252561764598 0.013557505865347231 0.03493585922345533 -0.053443327028162672 -0.024302150690259958 -0.015356106067606685 0.042787452598731721 0.060915268344557225 0.024942090918355385 0.0035389127877831347 -0.025917354318474119
leaf_weight=317.56737902015448 550.97285648435354 535.38555335253477 440.36219871044159 543.01396884769201 346.4432113096118 518.82237219810486 938.19215064495802 161.10487639904022 331.48704160004854 509.29805601388216 529.33091998845339 317.62957310676575 450.21677626669407 481.41394978761673 340.46614493429661 474.12566970288754 259.36907002329826 261.93203113228083 298.79535180330276 276.89744006097317 538.52000352740288 106.958510607481 888.59843149036169 220.92392858862877 248.10711506009102 214.46603801846504 325.20277352631092 478.24992310255766 182.89922689646482 54.4318026304245
leaf_count=2308 3153 3247 2874 3737 1719 3409 5225 2096 4310 4368 2908 2020 2251 2510 1613 2441 1316 1859 1377 1468 2874 640 10123 1601 1766 1095 2005 2445 967 275
internal_value=-0.000232969 -0.0105623 -0.0241702 0.0222339 0.00725274 0.0304862 -0.0320471 -0.0050955 -0.0064122 -0.0223197 -0.000156943 0.0192913 -0.0147423 0.0187327 0.00932102 0.00535801 0.00427683 -0.0261099 -0.00390687 0.00531763 0.0303106 -0.00257882 -0.0448703 -0.00511305 -0.029847 0.0218828 0.0435692 0.0379117 -0.0175958 0.0198694
internal_weight=12141.2 8317.26 4715.41 3823.93 3601.85 2794.13 3337.28 1378.13 1686.97 1897.71 1029.8 1914.88 1388.41 1471.85 990.439 968.92 1093.55 593.419 834.181 844.265 1070.62 649.972 1439.57 567.367 409.212 752.986 1322.28 997.072 500.467 528.557
internal_count=80000 57458 34572 22542 22886 16359 25120 9452 12109 11844 6183 10777 7476 8500 5990 5590 5940 6169 4624 4788 5989 4377 13276 3320 3862 3969 7859 5854 3275 2716
is_linear=0
shrinkage=0.06


Tree=31
num_leaves=31
num_cat=0
split_feature=22 4 4 7 11 20 16 16 16 6 6 11 6 6 11 11 17 11 6 16 20 32 16 7 11 20 6 7 20 6
split_gain=699.335 503.808 182.602 182.11 178.969 143.347 117.707 114.282 108.332 75.6903 75.55 69.6492 68.2639 67.4041 65.6519 62.0401 58.7331 57.7763 56.102 49.9174 48.8995 46.5032 45.8596 45.7477 45.5654 45.2048 41.55 33.295 32.4168 31.237
threshold=1.0000000180025095e-35 20.115000000000006 19.285000000000004 1.5000000000000002 52.750000000000007 1.0000000180025095e-35 0.084230358799888758 0.11697265296937974 0.12175275209719195 684.50000000000011 704.50000000000011 51.850000000000001 679.50000000000011 694.50000000000011 48.050000000000004 65.65000000000002 0.25167468530620707 53.050000000000004 704.50000000000011 0.11788465142004269 1.0000000180025095e-35 1.0000000180025095e-35 0.088311385425868957 1.5000000000000002 62.750000000000007 1.0000000180025095e-35 719.50000000000011 1.5000000000000002 1.0000000180025095e-35 634.50000000000011
decision_type=2 2 2 2 2 2 2 2 2 2 2 2 2 2 2 2 2 2 2 2 2 2 2 2 2 2 2 2 2 2
left_child=2 4 6 5 10 8 14 18 9 -3 16 22 -10 20 29 19 -2 21 27 -7 -9 -8 26 -18 -5 -16 -4 -6 -15 -1
right_child=1 3 11 24 7 15 17 13 12 -11 -12 -13 -14 28 25 -17 23 -19 -20 -21 -22 -23 -24 -25 -26 -27 -28 -29 -30 -31
leaf_value=0.041704657302775047 -0.040608700364355189 -0.0087333666166812991 0.021721068556875327 0.021278227842636215 -0.024286479335718585 -0.0077060831534407131 0.015602674290029452 0.0039574505203185898 0.025752637666379748 -0.044542858712507481 -0.050087628291855577 0.047198649479367125 -0.0078750771752081408 -0.02440779391311004 -0.0048690200579148482 0.040156644855815916 -0.024212276468376429 0.037849930805717351 -0.046337504584247596 0.023681803034811287 0.041789284933808395 -0.040279590673107719 0.037498666919791548 0.010196111351425185 0.051308806192151245 0.031283824285967099 -0.018039771456743032 0.0075262167388237466 0.0022913972464167001 -0.028224860742275613
leaf_weight=24.420363113284111 636.92678435519338 429.19486054778099 326.62047258764505 541.84634708613157 485.21035122126341 369.90625213831663 500.88706820458174 455.44722080975771 315.29305078834295 420.86265982687473 823.35080873593688 876.97100462019444 699.36499924957752 390.30420537292957 370.19529461115599 300.70035687834024 575.98475992679596 488.22279713302851 351.63775489851832 359.84152232855558 168.50113661587238 60.034269154071808 427.70012161880732 183.39709811657667 273.80208726227283 187.60890521109104 133.20140466839075 156.67902648448944 281.98809620738029 394.23893143236637
leaf_count=110 4729 2243 1611 3240 3305 2168 2810 2214 1780 5002 8624 5222 4131 3019 2456 1714 3090 2834 4533 1953 1015 332 2497 870 1591 991 1008 849 1388 2671
internal_value=-0.000226341 -0.0100574 0.0210959 0.00631711 -0.023532 -0.000737914 0.00880425 -0.0117633 -0.0106626 -0.0264626 -0.0356723 0.0352065 0.00257434 -2.8055e-05 -0.0061879 0.0172219 -0.0271722 0.0227578 -0.0270741 0.00777141 0.0141742 0.00962171 0.023357 -0.0159024 0.0313591 0.00729044 0.0102031 -0.0165213 -0.013209 -0.0241459
internal_weight=12010.3 8220.24 3790.1 3710.81 4509.43 2895.16 2025.61 2289.77 1864.72 850.058 2219.66 1764.49 1014.66 1296.24 976.463 1030.45 1396.31 1049.14 993.527 729.748 623.948 560.921 887.522 759.382 815.648 557.804 459.822 641.889 672.292 418.659
internal_count=80000 57458 22542 23822 33636 18991 12204 16323 13156 7245 17313 10338 5911 7636 6228 5835 8689 5976 8687 4121 3229 3142 5116 3960 4831 3447 2619 4154 4407 2781
is_linear=0
shrinkage=0.06


Tree=32
num_leaves=31
num_cat=0
split_feature=1 17 18 17 20 1 32 32 18 20 20 1 20 1 11 1 11 11 1 18 32 1 20 20 1 11 18 32 11 22
split_gain=875.093 368.62 216.262 208.099 175.419 169.448 144.015 142.638 131.666 126.354 102.093 101.533 93.2601 79.9918 79.6403 76.5197 75.4162 57.909 56.2485 54.3602 44.3725 35.6955 33.2918 28.3865 26.9028 23.6276 22.4892 21.6248 20.5279 20.4924
threshold=25.575000000000003 0.24971626387090243 0.025425785416481887 0.25167468530620707 1.0000000180025095e-35 18.645000000000003 1.0000000180025095e-35 1.0000000180025095e-35 0.1197441737293143 1.0000000180025095e-35 1.0000000180025095e-35 19.835000000000004 1.0000000180025095e-35 22.835000000000004 83.850000000000009 29.695000000000004 53.050000000000004 78.250000000000014 29.265000000000004 0.037922794147099113 1.0000000180025095e-35 29.515000000000004 1.0000000180025095e-35 1.0000000180025095e-35 28.065000000000001 58.650000000000013 0.059215881911598316 1.0000000180025095e-35 104.15000000000002 1.0000000180025095e-35
decision_type=2 2 2 2 2 2 2 2 2 2 2 2 2 2 2 2 2 2 2 2 2 2 2 2 2 2 2 2 2 2
left_child=1 4 22 7 13 23 9 8 10 -7 15 -6 16 -1 19 -2 18 26 20 -13 -5 -12 -3 -4 27 -9 -15 -18 -19 -24
right_child=3 2 5 12 11 6 -8 25 -10 -11 21 14 -14 17 -16 -17 24 28 -20 -21 -22 -23 29 -25 -26 -27 -28 -29 -30 -31
leaf_value=-0.056300645998178071 -0.010831102929217008 -0.042333804663631423 -0.054314968104664997 0.013050672078147037 -0.053954187124328597 0.0031774451423951851 -0.029462572462767803 -0.046729287563504182 0.040325711784573753 0.029293338167466213 0.020096221842298988 -0.033191976932357814 0.058445249551543073 -0.048450672489784248 0.042185525999738085 0.022442202065679994 0.03909999844499442 -0.0056081361811626037 0.047706838655692037 -0.0022718482061155889 -0.039171294709369524 0.0570961752636618 0.015721574357454329 -0.017987462019778088 0.060766071743322304 -0.010097205464162453 -0.026684249889858385 -0.0069670194668240322 0.06048202473796549 -0.024196414892771519
leaf_weight=796.33467420190573 997.52603528648615 441.68999695777893 175.16319987177849 579.46560470759869 186.17054107785225 1957.6099724918604 334.32792595028877 160.22712565213442 538.06689471006393 1011.5519993454218 488.91201630234718 291.31261830031872 475.84374304115772 340.69490076601505 110.87568579614162 331.50960975885391 359.38980340957642 146.1601228043437 158.11547502875328 688.39588151872158 65.161397732794285 116.17086577415466 58.295166656374931 138.79418499022722 213.65243729948997 104.87650685012341 342.85037226974964 40.853900164365768 19.133804351091385 224.95535305142403
leaf_count=12452 5355 3423 2097 2868 2178 10963 1795 821 2631 4915 2229 1940 3656 3564 586 1539 2056 967 1151 3789 320 693 272 913 1732 516 3087 213 115 1164
internal_value=-0.000220854 -0.0132134 -0.00212644 0.0201651 -0.0296902 0.00386771 0.007871 0.00958809 0.0140732 0.0120748 0.00676985 -0.0130021 0.0354636 -0.0426412 -0.0060113 -0.00253154 0.0277442 -0.0298267 0.0156378 -0.0114658 0.00777187 0.0271999 -0.0320372 -0.0382553 0.0435747 -0.0322374 -0.0375331 0.0343978 0.00204221 -0.015981
internal_weight=11894.1 7264.32 4342.39 4629.77 2921.93 3617.45 3303.49 2737.29 2472.19 2969.16 1934.12 1276.75 1892.48 1645.17 1090.58 1329.04 1416.64 848.839 802.742 979.708 644.627 605.083 724.941 313.957 613.896 265.104 683.545 400.244 165.294 283.251
internal_count=80000 54220 25542 25780 28678 20683 17673 13784 12447 15878 9816 8493 11996 20185 6315 6894 8340 7733 4339 5729 3188 2922 4859 3010 4001 1337 6651 2269 1082 1436
is_linear=0
shrinkage=0.06


Tree=33
num_leaves=31
num_cat=0
split_feature=1 17 17 18 20 11 7 32 4 1 20 1 7 20 11 1 1 7 7 32 7 7 11 11 20 1 1 1 11 1
split_gain=786.073 328.036 201.212 194.622 166.265 139.491 116.788 109.334 101.463 99.0163 95.9251 93.0725 86.3984 85.3003 80.9435 78.0495 77.0011 71.9603 68.3525 62.8685 55.2244 48.9399 45.9564 42.789 41.357 38.6929 34.2097 32.9097 31.47 30.6898
threshold=25.325000000000003 0.24971626387090243 0.25167468530620707 0.043761069485431452 1.0000000180025095e-35 29.050000000000004 1.5000000000000002 1.0000000180025095e-35 27.675000000000004 20.385000000000002 1.0000000180025095e-35 20.325000000000003 1.5000000000000002 1.0000000180025095e-35 51.850000000000001 29.025000000000002 21.005000000000006 1.5000000000000002 1.5000000000000002 1.0000000180025095e-35 1.5000000000000002 1.5000000000000002 52.750000000000007 19.650000000000002 1.0000000180025095e-35 20.095000000000002 17.625000000000004 22.915000000000003 64.850000000000009 30.205000000000002
decision_type=2 2 2 2 2 2 2 2 2 2 2 2 2 2 2 2 2 2 2 2 2 2 2 2 2 2 2 2 2 2
left_child=1 4 5 16 17 29 9 8 12 24 15 -6 -7 -11 -13 18 -3 27 19 -4 23 -16 -19 -18 -5 -24 -8 -1 -29 -2
right_child=2 3 10 6 11 7 26 -9 -10 13 -12 14 -14 -15 21 -17 20 22 -20 -21 -22 -23 25 -25 -26 -27 -28 28 -30 -31
leaf_value=-0.06028659416106763 -0.029351353010679329 -0.040970527349323597 0.016740670468957396 -0.044820553983581882 -0.048392797009311504 0.0053829743230991902 -0.024454083477786569 -0.025284041985560429 0.046770920568616238 -0.0027228592574011327 0.055575684995089164 -0.023297430936276623 0.037549997039889677 0.025920060284657282 0.00049131052025702183 0.052159485034323078 -0.045116544124671247 -0.043419953692533278 0.048665610422782807 -0.033030222905946087 0.013575705625043521 0.043029543931990384 -0.056630289539996451 -0.011265925119415059 -0.0071381238979824728 0.010359422965820955 0.034259318266040874 -0.051046977975400844 -0.020253495913600577 0.0085917028850274156
leaf_weight=598.8668183721602 379.9762252420187 454.96506544947624 887.01133764535189 209.17166510224342 219.20606156438589 1421.1794442012906 38.21600166708231 232.0559811219573 367.68871799111366 1148.3808718472719 497.2577908411622 466.50283485651016 381.23451682925224 555.28732421994209 388.56743323802948 308.16027872264385 176.1071779280901 173.91123859584332 218.9266544058919 101.85775307565928 244.80026648938656 129.92088061571121 37.866827018558979 568.0657719746232 210.23611019551754 172.16243374347687 548.18833722919226 320.1499442756176 190.609355032444 96.163543432950974
leaf_count=10103 2096 4225 4621 2418 2614 7335 304 1174 1846 5925 3914 2860 1831 2680 2160 2458 1034 2025 1312 500 1093 600 583 3172 1134 1363 2742 3821 1621 436
internal_value=-0.000214848 -0.0133319 0.0181573 -0.00275089 -0.0296223 0.00797997 0.00673057 0.0138606 0.0180465 0.000183847 0.0327079 -0.0130336 0.0121867 0.00661291 -0.00516449 0.0252068 -0.0205424 -0.042997 0.0183301 0.0116141 -0.0111447 0.0111504 -0.0206077 -0.0192766 -0.0259315 -0.00171836 0.030433 -0.050744 -0.0395552 -0.0216882
internal_weight=11742.7 6851.18 4891.51 4153.42 2697.76 2878.3 2709.48 2402.16 2170.1 2123.08 2013.21 1204.2 1802.41 1703.67 984.991 1515.96 1443.94 1493.57 1207.8 988.869 988.973 518.488 383.94 744.173 419.408 210.029 586.404 1109.63 510.759 476.14
internal_count=80000 52477 27523 24727 27750 14718 15203 12186 11012 12157 12805 8234 9166 8605 5620 8891 9524 19516 6433 5121 5299 2760 3971 4206 3552 1946 3046 15545 5442 2532
is_linear=0
shrinkage=0.06


Tree=34
num_leaves=31
num_cat=0
split_feature=1 4 22 20 11 7 11 11 11 5 7 20 20 7 11 22 21 1 20 20 18 6 20 4 11 4 18 11 1 5
split_gain=718.33 318.215 256.862 148.77 147.762 112.606 110.039 88.6823 79.0481 71.682 71.48 66.4384 60.9011 59.5076 56.9567 52.918 47.0086 45.244 42.9817 41.9143 41.4615 39.3269 37.5185 35.9177 32.8224 31.688 30.6133 29.0753 25.7551 24.2135
threshold=22.185000000000006 24.005000000000006 1.0000000180025095e-35 1.0000000180025095e-35 64.550000000000011 1.5000000000000002 52.750000000000007 32.250000000000007 68.750000000000014 1.0000000180025095e-35 1.5000000000000002 1.0000000180025095e-35 1.0000000180025095e-35 1.5000000000000002 79.950000000000017 1.0000000180025095e-35 3832.2500000000005 18.555000000000003 1.0000000180025095e-35 1.0000000180025095e-35 0.12103908826945978 634.50000000000011 1.0000000180025095e-35 21.555000000000003 78.550000000000011 26.035000000000004 0.010526112653998726 67.850000000000009 18.075000000000003 1.0000000180025095e-35
decision_type=2 2 2 2 2 2 2 2 2 2 2 2 2 2 2 2 2 2 2 2 2 2 2 2 2 2 2 2 2 2
left_child=3 2 6 10 5 9 11 29 13 -4 20 21 16 23 15 -9 -6 -12 -17 -7 -1 -2 24 -5 -8 -10 -13 -19 -15 -3
right_child=1 7 4 8 12 19 22 14 25 -11 17 26 -14 28 -16 18 -18 27 -20 -21 -22 -23 -24 -25 -26 -27 -28 -29 -30 -31
leaf_value=-0.050476701558106588 0.044653436234370986 -0.0024365135837342332 -0.029778939793499236 -0.036728670271934556 -0.01396145484385017 -0.0044885716353335603 0.015191781431416543 0.043284614087794257 0.0082055032712460702 -0.0025002872297452102 -0.054423276701080305 -0.030453405119238199 0.02873774942730083 -0.034955499650649494 0.056471213640100472 0.012424894178833572 0.014699558217076782 -0.017620014649080001 0.037854135689131992 0.030032089377710802 -0.019660145029790767 -0.0084785095682712013 0.046144911283710656 -0.0060095775745395508 0.041190604292925426 0.069779699690039054 0.028643871868363729 0.022328850700770175 0.016873677820856151 0.031203878770435241
leaf_weight=1016.1454148031771 53.369792848825455 400.79313671588898 1538.0071647316217 508.26240288466215 435.52737903594971 410.88438072055578 616.34481739625335 549.43959275633097 296.27619684487581 447.74882653355598 89.758911233395338 34.391065962612629 375.43653167784214 42.57908421754837 300.33073730394244 753.73162907734513 390.93544597551227 230.56023026257753 350.58779194205999 183.02288466691971 185.93290842324495 831.56715570390224 338.51772853732109 187.59793288260698 244.01928378641605 33.489472232758999 382.74750319868326 91.662069037556648 182.26252673566341 95.350924581289291
leaf_count=13974 304 2338 10248 3897 2705 2292 3581 3303 1930 2352 1208 173 2039 332 1728 4426 2027 2122 1960 943 1991 4958 2044 1258 1352 197 2085 700 1013 520
internal_value=-0.000210278 0.00834208 0.00118934 -0.0262829 -0.00867691 -0.0167725 0.0161075 0.0266821 -0.0107481 -0.0236281 -0.0383182 0.00403106 0.00869888 -0.0197763 0.0324338 0.0280685 -0.000404153 -0.0167501 0.0204979 0.00614957 -0.0457101 -0.00527417 0.0292235 -0.0284471 0.0225657 0.0144587 0.0237716 -0.00625582 0.0070586 0.00402863
internal_weight=11597.3 8732.75 6282.52 2864.53 3781.56 2579.66 2500.96 2450.23 1250.47 1985.76 1614.06 1302.08 1201.9 920.702 1954.09 1653.76 826.463 411.981 1104.32 593.907 1202.08 884.937 1198.88 695.86 860.364 329.766 417.139 322.222 224.842 496.144
internal_count=80000 51378 37103 28622 22606 15835 14497 14275 8627 12600 19995 7520 6771 6500 11417 9689 4732 4030 6386 3235 15965 5262 6977 5155 4933 2127 2258 2822 1345 2858
is_linear=0
shrinkage=0.06


Tree=35
num_leaves=31
num_cat=0
split_feature=1 17 17 1 11 1 7 11 32 20 4 20 20 1 7 11 7 7 11 1 1 11 11 20 7 4 20 4 1 5
split_gain=666.426 318.802 182.092 174.703 165.206 151.696 122.85 121.781 106.848 106.207 89.9783 88.7718 83.9802 83.2167 74.5446 67.24 60.1415 55.8074 52.1809 45.9926 42.3271 41.227 35.1035 34.525 34.253 33.3028 29.3028 27.1038 26.4201 25.09
threshold=25.575000000000003 0.24971626387090243 0.25167468530620707 18.815000000000001 40.050000000000004 21.305000000000003 1.5000000000000002 77.450000000000017 1.0000000180025095e-35 1.0000000180025095e-35 16.825000000000003 1.0000000180025095e-35 1.0000000180025095e-35 30.755000000000006 1.5000000000000002 53.050000000000004 1.5000000000000002 1.5000000000000002 52.750000000000007 29.515000000000004 29.425000000000004 85.050000000000011 68.450000000000017 1.0000000180025095e-35 1.5000000000000002 24.095000000000002 1.0000000180025095e-35 20.275000000000002 28.065000000000001 1.0000000180025095e-35
decision_type=2 2 2 2 2 2 2 2 2 2 2 2 2 2 2 2 2 2 2 2 2 2 2 2 2 2 2 2 2 2
left_child=1 5 7 26 16 -1 11 9 10 13 -6 22 15 14 -2 17 23 20 29 24 -4 -13 -7 -5 -11 -20 -3 -18 -17 -8
right_child=2 3 12 4 8 6 18 -9 -10 19 -12 21 -14 -15 -16 28 27 -19 25 -21 -22 -23 -24 -25 -26 -27 -28 -29 -30 -31
leaf_value=-0.050545150200784213 -0.019106146167605264 -0.05314375760354146 -0.00051005200330164573 -0.035200683631424576 0.0010550127151297414 -0.050930568491682232 -0.027275696490099911 0.038540242196245883 -0.025087647776655685 0.0078342436342471924 0.024291486765440969 -0.017364626763037211 0.055669317457258193 0.028188160442056649 0.013953151635094741 0.031682365785963174 -0.0075143903145343596 0.048277824991352768 0.011255003983622162 0.05358264467907816 0.040327186929574987 0.031930831223986079 -0.023269586980458491 -0.010212290469688298 0.046680387845257347 0.058606502681913079 -0.021115621815412457 0.031887614217242288 0.058755841230554856 0.013674881765268888
leaf_weight=756.45262715965509 1054.9254332631826 224.3082934692502 536.43881168961525 493.67626602947712 1042.9337683841586 521.85903115943074 172.57170721143484 399.34923610836267 273.91044986993074 468.99151438474655 1412.3678900226951 635.34430957585573 431.70371140539646 221.87328051030636 320.03715601563454 385.9346371665597 162.57987850904465 139.59614060074091 216.45172189176083 134.84151687473059 110.12905378639698 67.571716457605362 241.64336119964719 333.52499806135893 98.957724206149578 71.013426765799522 189.896863296628 102.45490468293428 195.4925272166729 78.300839766860008
leaf_count=11859 5763 3049 2601 3707 5786 7131 1434 1983 1477 2147 7348 3565 3656 1105 1429 2269 804 885 1296 854 853 313 2339 1565 503 382 1316 490 1732 359
internal_value=-0.000204802 -0.0117883 0.0178129 -0.00144765 0.00256411 -0.0276508 -0.0190121 0.00795632 0.0104562 0.00264517 0.0144214 -0.0280114 0.0325979 -0.00590908 -0.0114112 0.025315 -0.017156 0.0138737 0.00550167 0.0220816 0.0064457 -0.0126258 -0.0421761 -0.0251254 0.0146027 0.0229524 -0.0384601 0.0077173 0.0407852 -0.0144944
internal_weight=11495.1 6996.86 4498.27 4235.65 3821.45 2761.21 2004.76 2698.98 2729.21 2299.63 2455.3 1466.42 1799.29 1596.84 1374.96 1367.59 1092.24 786.164 538.338 702.791 646.568 702.916 763.502 827.201 567.949 287.465 414.205 265.035 581.427 250.873
internal_count=80000 54220 25780 25542 21177 28678 16819 13784 14611 11801 13134 13348 11996 8297 7192 8340 6566 4339 3471 3504 3454 3878 9470 5272 2650 1678 4365 1294 4001 1793
is_linear=0
shrinkage=0.06


Tree=36
num_leaves=31
num_cat=0
split_feature=1 17 17 11 4 1 7 11 1 1 7 1 32 11 7 5 9 4 4 4 5 5 11 1 32 5 11 11 9 1
split_gain=599.799 243.464 207.054 150.514 133.434 116.828 110.317 104.961 102.081 93.2513 85.9334 85.0511 78.3115 68.5841 66.1753 61.3291 83.9834 58.7983 54.2872 41.3821 39.9883 39.8262 39.7081 37.784 34.8404 34.2277 34.1259 33.3245 32.7583 32.0262
threshold=24.615000000000006 0.24971626387090243 0.25167468530620707 73.550000000000011 26.385000000000002 21.305000000000003 1.5000000000000002 41.250000000000007 28.005000000000006 20.755000000000006 1.5000000000000002 29.605000000000004 1.0000000180025095e-35 65.65000000000002 1.5000000000000002 1.0000000180025095e-35 1.0000000180025095e-35 22.465000000000003 20.505000000000006 22.295000000000005 1.0000000180025095e-35 1.0000000180025095e-35 54.050000000000004 17.505000000000006 1.0000000180025095e-35 1.0000000180025095e-35 100.45000000000002 32.250000000000007 1.0000000180025095e-35 28.255000000000006
decision_type=2 2 2 2 2 2 2 2 2 2 2 2 2 2 2 2 2 2 2 2 2 2 2 2 2 2 2 2 2 2
left_child=1 5 4 6 7 -1 9 21 12 20 15 14 13 18 -9 -7 -17 -11 -4 26 -3 29 -12 -8 27 -25 -5 -6 -23 -2
right_child=2 3 8 19 24 10 23 11 -10 17 22 -13 -14 -15 -16 16 -18 -19 -20 -21 -22 28 -24 25 -26 -27 -28 -29 -30 -31
leaf_value=-0.049661300283935277 -0.038909526103788762 -0.047752903475961034 0.005688889814811646 0.0057884300803080369 0.004326199105300718 -0.039087011123244621 -0.043352876548506024 -0.0070388787847444597 0.047735390951903184 -0.017131312170086486 -0.015534179834238169 0.035277272937383398 -0.016485433812847811 0.045712344471501867 0.023307634134846669 -0.020699147543444558 0.063906090204109214 0.0085526551074351902 0.031382525415122278 0.043802175237057879 -0.014457463502035068 -0.0060106976261652808 0.023092306214809774 0.0073335559867774751 -0.014717414579180074 0.042547413718504901 0.051995814284636566 0.038500496970065842 0.067565703673787753 -0.01126938803065009
leaf_weight=724.69600870460272 371.22572293132544 415.35630853846669 681.37640491127968 479.79102392122149 129.43653652071953 694.74165832996368 43.760449759662151 1151.0866959393024 626.03573254495859 1084.3875901773572 187.31190799549222 290.56223716586828 193.25385446846485 393.16187892109156 333.68065986037254 262.97507324069738 50.319959133863449 455.73731698840857 523.47271858900785 190.70437067002058 188.92188086360693 153.01459866762161 196.13097766041756 500.94797418639064 64.946615137159824 123.95820983499289 65.379905059933662 497.72798234224319 25.400754138827324 254.28903685510159
leaf_count=11859 2583 4783 3486 2767 688 8575 417 6183 5419 6225 1461 1628 1002 2476 1554 1553 268 2380 2863 985 1113 711 1236 2604 337 609 374 2591 117 1153
internal_value=-0.000199396 -0.0140186 0.0135626 -0.0044138 0.00372281 -0.0301265 -0.0107336 -0.0025543 0.026879 -0.0173685 -0.0199526 0.00559062 0.0195899 0.0239526 -0.000218925 -0.0291487 -0.00711026 -0.00953119 0.016852 0.0197452 -0.0373434 -0.0205408 0.00422326 0.0105444 0.0271154 0.0143187 0.0113299 0.0314475 0.00446428 -0.027673
internal_weight=11353.8 5665.12 5688.67 3548.95 3271.37 2116.18 2813.07 2579.26 2417.3 2144.4 1391.48 1775.33 1791.26 1598.01 1484.77 1008.04 313.295 1540.12 1204.85 735.875 604.278 803.93 383.443 668.667 692.111 624.906 545.171 627.165 178.415 625.515
internal_count=80000 47209 32791 22257 17545 24952 18131 13929 15246 14501 13093 9365 9827 8825 7737 10396 1821 8605 6349 4126 5896 4564 2697 3630 3616 3213 3141 3279 828 3736
is_linear=0
shrinkage=0.06


Tree=37
num_leaves=31
num_cat=0
split_feature=1 32 18 17 22 20 20 4 16 20 22 18 17 1 7 7 7 1 18 16 7 7 18 7 1 17 7 10 5 20
split_gain=548.421 273.582 236.289 174.437 174.385 116.808 95.1313 92.4897 67.8252 65.5424 64.346 61.9571 58.191 49.459 48.965 43.2872 42.9205 41.9776 37.5092 36.9502 33.4805 33.0847 29.5037 29.1138 28.3071 26.7724 26.4345 25.3566 25.3283 24.2236
threshold=22.585000000000004 1.0000000180025095e-35 0.032346359340783427 0.24971626387090243 1.0000000180025095e-35 1.0000000180025095e-35 1.0000000180025095e-35 27.675000000000004 0.088311385425868957 1.0000000180025095e-35 1.0000000180025095e-35 0.062959523526995895 0.24971626387090243 16.925000000000004 1.5000000000000002 1.5000000000000002 1.5000000000000002 29.105000000000004 0.12103908826945978 0.086975710945321 1.5000000000000002 1.5000000000000002 0.049216176463903034 1.5000000000000002 18.645000000000003 0.2458971043577145 1.5000000000000002 10450.000000000002 1.0000000180025095e-35 1.0000000180025095e-35
decision_type=2 2 2 2 2 2 2 2 2 2 2 2 2 2 2 2 2 2 2 2 2 2 2 2 2 2 2 2 2 2
left_child=3 2 10 9 8 7 11 -6 14 -1 19 23 -7 -8 -4 27 18 21 -15 29 28 -3 -17 -5 -13 -19 -26 -11 -12 -2
right_child=1 17 4 6 5 12 13 -9 -10 15 20 24 -14 16 -16 22 -18 25 -20 -21 -22 -23 -24 -25 26 -27 -28 -29 -30 -31
leaf_value=-0.054363811724243045 -0.021873304528032274 -0.037357194095067256 0.014766211250624068 -0.045711792141925639 -0.0037426079875367921 0.013991176515699191 -0.046051699952929542 0.026439488677477301 0.042505691313164562 -0.043598117256242359 -0.032963921080631411 -0.042513141880406065 0.041707079082570757 -0.0056099891843893589 0.043851622078209966 -0.027116168352567045 0.034533164898785849 -0.012281908712029537 0.034274231476141843 0.018890167544747094 0.00052067494999568406 -0.0060855988540357894 0.029063031530099443 -0.015320559256196686 -0.012104204621049858 0.047530821782579905 0.019281154068425527 -0.00055642732052698643 -0.0051085945882723945 0.011815925836935449
leaf_weight=601.5791000649333 207.12607433646917 547.19654982537031 943.5100796893239 399.60627955570817 2006.1681457459927 685.95827050507069 67.425846070051193 446.93625960871577 966.10449597239494 279.93976010754704 508.85726260021329 77.564394898712635 452.67535278946161 555.77401661127806 267.43320589512587 60.735373124480247 167.2324770539999 79.659669831395149 100.18868564069271 336.76565827429295 219.29088525474072 156.66591304540634 75.472345866262913 158.4796281978488 351.29868245869875 40.707112699747086 133.25523898005486 59.799244489520788 152.80257184058428 122.14560429751873
leaf_count=11727 1422 3234 5341 4881 12137 3278 515 2587 6421 3341 3542 1024 3105 2773 1385 503 792 389 457 1861 1169 830 514 1200 2596 372 634 588 789 593
internal_value=-0.000194112 0.00797362 0.0116657 -0.0217219 0.0172497 0.00912806 -0.0112835 0.00175633 0.030649 -0.0412015 -0.00915719 -0.02292 0.0250099 0.00335271 0.0211896 -0.0245649 0.0073993 -0.0247973 0.000481741 0.00491608 -0.0197972 -0.0303968 0.00401258 -0.0370816 -0.00886003 0.00794629 -0.00347304 -0.0360221 -0.0265311 -0.00937605
internal_weight=11228.4 8140 7315.77 3088.35 5768.79 3591.74 2010.83 2453.1 2177.05 1077.53 1546.99 1120.2 1138.63 890.621 1210.94 475.947 823.195 824.229 655.963 666.037 880.951 703.862 136.208 558.086 562.118 120.367 484.554 339.739 661.66 329.272
internal_count=80000 48455 43630 31545 34254 21107 14872 14724 13147 16673 9376 10335 6383 4537 6726 4946 4022 4825 3230 3876 5500 4064 1017 6081 4254 761 3230 3929 4331 2015
is_linear=0
shrinkage=0.06


Tree=38
num_leaves=31
num_cat=0
split_feature=1 1 11 17 17 5 9 20 32 11 1 20 4 20 17 11 4 20 22 11 1 1 20 11 18 17 11 4 11 1
split_gain=515.348 256.157 214.751 199.17 149.242 118.202 169.604 104.127 100.302 86.6797 79.9895 77.8439 77.7958 72.9811 58.5904 58.1992 49.4357 47.4659 44.4482 38.4259 33.6534 33.1269 29.555 28.6112 28.4381 25.5553 22.8464 19.9943 19.4554 18.1548
threshold=25.705000000000002 19.755000000000006 81.050000000000011 0.24971626387090243 0.25167468530620707 1.0000000180025095e-35 1.0000000180025095e-35 1.0000000180025095e-35 1.0000000180025095e-35 77.15000000000002 30.985000000000003 1.0000000180025095e-35 21.145000000000003 1.0000000180025095e-35 0.24752250598402512 46.850000000000001 24.475000000000005 1.0000000180025095e-35 1.0000000180025095e-35 101.55000000000001 28.125000000000004 29.265000000000004 1.0000000180025095e-35 59.650000000000013 0.022139935462766411 0.25167468530620707 72.65000000000002 19.365000000000006 58.650000000000013 16.925000000000004
decision_type=2 2 2 2 2 2 2 2 2 2 2 2 2 2 2 2 2 2 2 2 2 2 2 2 2 2 2 2 2 2
left_child=1 14 3 5 8 16 -7 12 9 10 13 15 -5 -2 -1 21 -3 26 -9 22 27 24 25 -19 -6 -4 -16 -17 -10 -25
right_child=4 2 19 7 11 6 -8 18 28 -11 -12 -13 -14 -15 17 20 -18 23 -20 -21 -22 -23 -24 29 -26 -27 -28 -29 -30 -31
leaf_value=-0.057172729104578768 -0.0059712346470266629 -0.040705081675671086 -0.010482841684403756 -0.017223911503229578 -0.022876163028599926 -0.016591294482385832 0.070437486815746603 0.038848171888601582 -0.041952004750194227 0.038942171715194665 0.040762276830146167 0.054444279202852504 0.0067343931812891954 0.020477904982298342 -0.051683982399536671 0.013108468537195325 -0.013239238157890784 -0.02539677932000298 0.0084218729405736107 0.052723751373140226 0.055237425794065376 0.038645111832795842 0.035290358906095637 -0.031783366967703897 0.011160205063320149 0.019948483056792331 -0.01284074542360924 0.038782550205346718 -0.0079809048316181377 0.024111565802642974
leaf_weight=373.31215018779039 1212.7088832110167 1069.2759908810258 160.88795671984553 1327.1054541766644 117.44904765486717 508.7695119343698 95.792463175952435 216.50286267697811 152.41235619783401 348.17537222802639 217.88949654251337 379.68016576766968 771.60097852349281 544.06231291592121 250.73913231119514 214.02517123520374 302.70154016464949 180.20330047234893 857.16926474869251 136.52678081765771 214.25107757002115 114.8647390678525 223.95207832753658 26.663542985916138 356.96290775388479 259.70608977973461 69.654884863644838 222.95366764068604 100.84918795526028 97.105977483093739
leaf_count=6977 6317 12957 1472 8015 542 3040 528 1100 796 1767 1244 3535 4080 2672 3638 1212 3078 1224 4182 838 2056 947 1214 198 1840 1266 826 1413 502 524
internal_value=-0.000189354 -0.0102404 -0.00550802 -0.00995515 0.016404 -0.0249053 -0.00280164 -0.00064052 0.00743038 0.0113397 0.00647279 0.030672 -0.00841551 0.00221992 -0.0383686 0.023396 -0.0346452 -0.0271255 0.0145572 0.0238079 0.0357584 0.00973389 0.017683 -0.0101412 0.0027339 0.00830772 -0.0432393 0.0262078 -0.0284247 0.0120702
internal_weight=11124 6927.67 5929.99 5148.92 4196.28 1976.54 604.562 3172.38 2576.1 2322.84 1974.66 1620.19 2098.71 1756.77 997.679 1240.51 1371.98 624.367 1073.67 781.073 651.23 589.277 644.546 303.973 474.412 420.594 320.394 436.979 253.262 123.77
internal_count=80000 55157 41770 36980 24843 19603 3568 17377 13298 12000 10233 11545 12095 8989 13387 8010 16035 6410 5282 4790 4681 3329 3952 1946 2382 2738 4464 2625 1298 722
is_linear=0
shrinkage=0.06


Tree=39
num_leaves=31
num_cat=0
split_feature=1 4 22 17 7 22 32 5 9 18 20 17 7 7 17 7 1 20 18 20 5 9 1 16 32 1 4 7 1 17
split_gain=464.966 249.03 157.136 142.021 117.938 89.6852 87.5709 76.7374 83.2245 75.3798 71.7029 71.0076 63.2223 60.9561 55.3918 49.607 46.1375 45.6933 41.559 37.792 34.1308 45.0682 33.1962 33.0999 32.6169 26.5661 26.2364 26.0245 25.6533 23.9239
threshold=22.185000000000006 20.435000000000006 1.0000000180025095e-35 0.24971626387090243 1.5000000000000002 1.0000000180025095e-35 1.0000000180025095e-35 1.0000000180025095e-35 1.0000000180025095e-35 0.029411011081526172 1.0000000180025095e-35 0.24971626387090243 1.5000000000000002 1.5000000000000002 0.25936670859323357 1.5000000000000002 30.315000000000001 1.0000000180025095e-35 0.016589910908011384 1.0000000180025095e-35 1.0000000180025095e-35 1.0000000180025095e-35 20.385000000000002 0.11980588407949559 1.0000000180025095e-35 16.925000000000004 26.155000000000005 1.5000000000000002 27.605000000000004 0.25167468530620707
decision_type=2 2 2 2 2 2 2 2 2 2 2 2 2 2 2 2 2 2 2 2 2 2 2 2 2 2 2 2 2 2
left_child=3 2 11 15 5 24 7 13 -9 -5 14 16 17 -4 -7 -1 18 22 -2 27 26 -22 -11 -12 29 -19 -17 -13 -6 -3
right_child=1 4 6 9 28 10 -8 8 -10 12 23 19 -14 -15 -16 20 -18 25 -20 -21 21 -23 -24 -25 -26 -27 -28 -29 -30 -31
leaf_value=-0.050471417733830154 -0.039505632935087374 0.022432914296076915 -0.020185219879926036 -0.035917851163720461 0.032210178098436328 -0.015633220648712632 -0.04449146188421655 0.0015843712115989957 0.067745381878701799 -0.043210241791510749 0.010201302236018131 0.0099491788522981794 0.017165623038148073 0.0050035219860112886 0.0087062701600559463 -0.042471141905774501 0.032660504710803312 -0.050253193413906223 -0.00023074127585235893 0.044932227353233545 -0.0051267838401997537 0.12190036453224759 -0.012603955898667503 0.037684990931448302 -0.0042854820948151117 0.0039211650750968496 0.03421759324188698 0.040678385023649302 0.057058450015007131 0.041916380121184933
leaf_weight=647.63973485678434 111.06849185749888 560.70950788259506 1433.6109726205468 380.15391330420971 603.65239909291267 639.54075942933559 270.87190113961697 435.05880308151245 81.225078321993351 219.10851647332311 387.61355571448803 510.33673030883074 329.77700174227357 455.83849082514644 710.6365487575531 140.93261810392141 133.46156822890043 35.087233014404774 765.33033692464232 217.07262297719717 60.987336941063404 12.03994996100664 305.3893501535058 266.02086183428764 109.47020641714334 457.28090006113052 18.125409390777349 123.15987142175436 198.84170357137918 381.08289961516857
leaf_count=11994 752 3187 9746 3647 3295 4656 1686 2381 423 3093 1897 2911 1941 2518 3746 2277 749 281 4490 1568 487 83 2389 1825 670 2182 248 742 1442 2694
internal_value=-0.000183526 0.00668991 -0.0028391 -0.0223202 0.0178973 0.0125204 -0.0121484 -0.00850678 0.0119932 -0.0123237 0.00507436 0.0105542 -0.00566311 -0.0141083 -0.00282266 -0.0419423 -0.000203496 -0.0130666 -0.00520816 0.0233267 -0.0181414 0.0158161 -0.0253897 0.0213868 0.0267134 6.05815e-05 -0.0337321 0.0159233 0.0383671 0.0303166
internal_weight=11001.1 8394.6 4537.03 2606.52 3857.57 3055.07 2676.61 2405.73 516.284 1726.8 2003.81 1860.43 1346.64 1889.45 1350.18 879.725 1009.86 1016.87 876.399 850.569 232.085 73.0273 524.498 653.634 1051.26 492.368 159.058 633.497 802.494 941.792
internal_count=80000 51378 27966 28622 23412 18675 16754 15068 2804 13533 12124 11212 9886 12264 8402 15089 5991 7945 5242 5221 3095 570 5482 3722 6551 2463 2525 3653 4737 5881
is_linear=0
shrinkage=0.06


Tree=40
num_leaves=31
num_cat=0
split_feature=1 11 7 20 1 11 4 7 20 4 16 16 11 1 1 11 11 32 11 20 1 32 4 4 23 16 32 20 21 16
split_gain=435.519 243.221 139.616 134.492 119.779 109.426 97.6913 85.2527 71.902 66.0934 63.7984 59.3919 48.3152 44.6046 42.0402 41.9707 40.3785 39.7694 42.783 35.9575 34.7072 34.2677 33.7259 33.0441 32.5999 30.9537 30.19 28.9614 28.6542 28.2293
threshold=25.705000000000002 52.750000000000007 1.5000000000000002 1.0000000180025095e-35 21.205000000000002 61.550000000000004 14.975000000000003 1.5000000000000002 1.0000000180025095e-35 19.215000000000003 0.089046303655233736 0.10986106256625142 101.55000000000001 18.735000000000003 28.315000000000001 86.550000000000011 82.250000000000014 1.0000000180025095e-35 20.350000000000005 1.0000000180025095e-35 30.755000000000006 1.0000000180025095e-35 20.745000000000001 14.095000000000001 1.0000000180025095e-35 0.12082239843329161 1.0000000180025095e-35 1.0000000180025095e-35 6197.7500000000009 0.092454592916501793
decision_type=2 2 2 2 2 2 2 2 2 2 2 2 2 2 2 2 2 2 2 2 2 2 2 2 2 2 2 2 2 2
left_child=1 4 6 5 27 7 16 9 11 24 19 -6 13 -4 25 -12 -3 18 -10 -8 21 29 -15 -13 -2 -5 -9 -1 -11 -7
right_child=3 2 12 14 8 20 10 26 17 28 15 23 -14 22 -16 -17 -18 -19 -20 -21 -22 -23 -24 -25 -26 -27 -28 -29 -30 -31
leaf_value=-0.051655914223428953 -0.03533718315203347 -0.028909060479405176 -0.025064814590135209 0.01673821515295881 -0.040136056918242673 0.015222915632928762 -0.028317492491416005 0.030425167289576983 -0.026786305424167066 -0.0009329649295056414 0.0053174308039167653 -0.034064727907480101 0.091139189134226375 0.014053005794884894 0.049076906126686123 0.035255307078519593 0.00038898919613725624 -0.037133901020351696 0.008373813115352121 0.0023348029068944475 0.058125021686315399 -0.01358090617032643 0.040567831591447188 -0.0079071362915699023 -0.0085378082321708737 0.044479769488519449 -0.022539583260196623 -0.029088987865234943 0.024828509803795307 0.037655339391501022
leaf_weight=443.12437588721514 289.92339174449444 673.24331213533878 73.359460096806288 515.48622670024633 491.57345532998443 468.16472130268812 302.2683232203126 368.05909443646669 151.15145805478096 726.73759926110506 1070.9016447775066 230.93850049376488 35.424823917448521 460.60462642461061 386.67982895672321 200.07591562718153 226.25842139869928 103.72701365500689 708.89784598350525 253.16702881082892 100.64630830287933 92.690855547785759 276.29000380262733 703.44196391105652 374.45804401487112 201.35333817452192 43.300892971456051 380.54189620167017 197.72500430047512 355.15764847397804
leaf_count=7839 1657 6143 862 2519 6436 2177 4154 2077 803 4013 6666 1493 224 2788 3148 1172 1736 540 3764 1643 805 495 1597 3986 2183 1819 232 3311 1236 2482
internal_value=-0.000178091 -0.009522 0.00125328 0.0152084 -0.0214984 0.00865236 -0.00535417 0.000505621 -0.0146976 -0.00579725 0.00261704 -0.0232538 0.0225514 0.0195527 0.0331317 0.0100302 -0.0215395 -0.00203823 0.00219451 -0.0143462 0.0246805 0.0210058 0.0239944 -0.0143722 -0.0202325 0.0245306 0.02485 -0.0412298 0.00457693 0.0248996
internal_weight=10905.4 6784.99 3571.59 4120.38 3213.4 3016.86 2725.91 2000.2 2389.73 1588.84 1826.41 1425.95 845.679 810.254 1103.52 1270.98 899.502 963.776 860.049 555.435 1016.66 916.013 736.895 934.38 664.381 716.84 411.36 823.666 924.463 823.322
internal_count=80000 55157 26985 24843 28172 17357 21514 11398 17022 9089 13635 11915 5471 5247 7486 7838 7879 5107 4567 5797 5959 5154 4385 5479 3840 4338 2309 11150 5249 4659
is_linear=0
shrinkage=0.06


Tree=41
num_leaves=31
num_cat=0
split_feature=1 11 7 17 17 1 11 1 32 20 20 11 1 11 22 7 11 1 18 18 11 18 1 17 32 1 20 16 11 7
split_gain=393.759 175.07 173.779 152.222 136.108 90.4837 88.664 87.5027 78.5563 74.3988 67.3489 65.6298 64.5848 63.721 56.0967 50.0671 48.665 45.8801 41.1588 38.329 32.2332 31.6288 29.8906 29.5956 29.4329 26.1383 24.8857 27.1107 24.2968 21.7845
threshold=23.975000000000005 34.150000000000013 1.5000000000000002 0.25167468530620707 0.24971626387090243 30.315000000000001 41.850000000000001 28.005000000000006 1.0000000180025095e-35 1.0000000180025095e-35 1.0000000180025095e-35 85.050000000000011 18.375000000000004 66.15000000000002 1.0000000180025095e-35 1.5000000000000002 91.350000000000009 19.045000000000005 0.048759416812112544 0.014778112794008159 101.55000000000001 0.020449618956383663 19.965000000000003 0.25167468530620707 1.0000000180025095e-35 20.755000000000006 1.0000000180025095e-35 0.092454592916501793 19.650000000000002 1.5000000000000002
decision_type=2 2 2 2 2 2 2 2 2 2 2 2 2 2 2 2 2 2 2 2 2 2 2 2 2 2 2 2 2 2
left_child=2 14 3 10 5 8 25 9 11 15 -1 -3 -8 17 19 -6 -14 -4 -12 -2 -15 -19 -20 -16 -23 -5 27 -21 -27 -25
right_child=1 4 13 6 7 -7 12 -9 -10 -11 18 -13 16 20 23 -17 -18 21 22 26 -22 24 -24 29 -26 28 -28 -29 -30 -31
leaf_value=-0.051947338921389842 -0.021694431342953995 0.0021530298635141273 -0.036869707611939827 -0.047996351712212601 0.0083086509028929122 0.037792962070421911 -0.040850910729228189 0.051542492491403136 -0.030549388646212126 0.044555133199488547 -0.044245904842539797 0.03327904823858286 -0.0032619806713754108 0.022852166209642331 -0.031202591825816355 0.039048597438877425 0.034942781072531987 -0.025636801290209905 -0.049140112590657183 -0.012223931813233413 0.091407025560419186 0.013408402448914204 -0.0020418557369390011 -0.014949771869460362 -0.03206975829148237 -0.045936202936247374 0.033391796269417046 0.021146021969374269 -0.013800293479900526 0.019876205100223136
leaf_weight=607.70137682184577 154.94411547482014 1951.5520751364529 120.29973883554339 201.14750397577882 1062.0282416567206 294.01113106310368 152.08208493515849 409.26508753746748 233.30297236517072 363.33501207083464 203.38702692836523 278.6951824426651 1294.6381991766393 313.74408715590835 389.76163423806429 232.50076209753752 132.29352132976055 113.88471137359738 58.579539310187101 181.93385548889637 26.79948428273201 522.68362109363079 282.19096660986543 328.83918946236372 56.797597784548998 113.49577331542969 145.10485992580652 169.11801298707724 333.7951058074832 80.488046683371067
leaf_count=12643 905 10918 1559 2434 5195 1829 1895 4230 1319 2893 2334 1371 7869 2148 2547 1361 706 854 949 1058 176 3464 1952 1754 392 803 882 969 2154 437
internal_value=-0.000171507 0.00956271 -0.0136447 -0.02051 0.0150573 0.00633195 -0.0113526 0.0266968 0.00257725 0.0205634 -0.0382185 0.00604259 -0.00368146 0.00645568 -0.0087173 0.0138296 0.000280055 -0.00266472 -0.0228865 0.00435587 0.0282472 0.00326989 -0.0101382 -0.0193694 0.00895088 -0.0300327 0.0124911 0.00385193 -0.0219545 -0.00810177
internal_weight=10808.4 6274.88 4533.52 3379.31 4824.69 2757.56 2227.45 2067.13 2463.55 1657.86 1151.86 2230.25 1579.01 1154.21 1450.19 1294.53 1426.93 813.666 544.158 651.101 340.544 693.366 340.771 799.089 579.481 648.438 496.157 351.052 447.291 409.327
internal_count=80000 37668 42332 33739 29116 15437 15861 13679 13608 9449 17878 12289 10470 8593 8552 6556 8575 6269 5235 3814 2324 4710 2901 4738 3856 5391 2909 2027 2957 2191
is_linear=0
shrinkage=0.06


Tree=42
num_leaves=31
num_cat=0
split_feature=22 4 11 4 7 11 1 11 17 4 1 7 11 5 5 17 7 1 16 16 9 32 4 17 11 1 1 16 1 9
split_gain=367.915 288.42 134.336 109.236 97.4651 82.9651 68.1534 67.0637 54.9188 51.221 48.005 47.5621 42.9637 42.4392 41.4735 40.4946 38.9224 38.6109 37.3688 35.5818 33.7011 32.9402 31.358 30.572 29.4321 26.9981 26.5913 26.2364 26.1034 23.6933
threshold=1.0000000180025095e-35 21.635000000000002 68.750000000000014 19.285000000000004 1.5000000000000002 46.050000000000004 21.755000000000006 41.250000000000007 0.24971626387090243 29.635000000000002 18.735000000000003 1.5000000000000002 51.850000000000001 1.0000000180025095e-35 1.0000000180025095e-35 0.25167468530620707 1.5000000000000002 19.755000000000006 0.11697265296937974 0.080051936472837967 1.0000000180025095e-35 1.0000000180025095e-35 30.275000000000002 0.24971626387090243 88.050000000000011 26.415000000000003 26.655000000000005 0.10986106256625142 27.945000000000004 1.0000000180025095e-35
decision_type=2 2 2 2 2 2 2 2 2 2 2 2 2 2 2 2 2 2 2 2 2 2 2 2 2 2 2 2 2 2
left_child=3 2 4 7 6 16 -2 21 -8 15 -4 12 -5 18 19 26 22 -6 -12 24 -19 23 27 -1 -9 -17 -7 -3 -21 -16
right_child=1 5 10 11 17 9 8 14 -10 -11 13 -13 -14 -15 29 25 -18 20 -20 28 -22 -23 -24 -25 -26 -27 -28 -29 -30 -31
leaf_value=-0.019736328138201448 -0.045011043715653141 -0.032568739332848588 -0.037299713342593147 0.011593294040276645 -0.036428443890684184 -0.0084609902224209634 -0.035485499872477094 -0.0093493579298749574 -0.014019936280376958 0.035847899345271224 -0.017165498631987446 0.048457501786839149 0.033807775978206611 0.026115371784898405 0.028611208912788059 0.015382893623560297 0.015188830203068278 -0.0058693088163546056 0.008087529557642581 0.0125818515051158 0.029882789920535214 -0.049990754472081844 0.012244180045882814 0.0089067492808755037 0.038424851324290264 0.048180981852938336 0.017407528905001142 -0.0081190929359174751 0.045669003284170617 0.081222847631963788
leaf_weight=265.68932881578803 712.87418856844306 259.39359724149108 113.26435784995556 640.02171947062016 123.98570949211717 453.90763652697206 739.12968958169222 395.25789285078645 1022.8914931491017 356.79757340252399 362.06603315845132 317.82550393790007 614.20326477661729 238.72378878295422 204.46959264203906 587.89452343806624 246.8267903290689 589.29577294364572 505.43829488754272 433.93983516842127 113.14035548269749 66.673159122467041 155.6865018196404 270.9586195088923 52.601529449224472 106.75993490219116 208.88605264574289 404.2207808047533 107.00507190078497 36.283303014934063
leaf_count=1953 10550 2440 1673 4079 1602 4066 6603 2843 5776 2341 3226 2090 4169 1411 1296 3348 1588 3690 2860 2486 616 436 1064 1689 328 978 1037 2589 949 224
internal_value=-0.000166065 -0.00776174 -0.0171139 0.0161213 -0.0234 0.00744457 -0.0293574 0.00616851 -0.0230243 0.0156182 -9.64864e-05 0.0277255 0.0224719 0.00371267 0.014208 0.0103009 -0.00569797 -0.00555941 -0.0024522 0.00877057 -0.000110771 -0.0102158 -0.0119904 -0.00527417 -0.00373823 0.0204236 -0.000308268 -0.017676 0.0191269 0.0365402
internal_weight=10706.1 7301.18 4520.81 3404.93 3301.32 2780.37 2474.9 1832.88 1762.02 1714.25 1219.49 1572.05 1254.22 1106.23 1229.56 1357.45 1066.13 826.422 867.504 988.804 702.436 603.321 819.301 536.648 447.859 694.654 662.794 663.614 540.945 240.753
internal_count=80000 57458 38007 22542 28837 19451 22929 12204 12379 11770 9170 10338 8248 7497 8126 9429 7681 5908 6086 6606 4306 4078 6093 3642 3171 4326 5103 5029 3435 1520
is_linear=0
shrinkage=0.06


Tree=43
num_leaves=31
num_cat=0
split_feature=22 18 32 7 18 18 7 9 17 20 16 6 7 16 5 18 6 29 6 9 20 32 20 18 6 18 18 5 16 20
split_gain=327.405 232.559 142.137 123.418 101.761 100.78 100.648 74.3899 67.919 62.4079 46.0277 42.4651 39.1678 36.258 33.5114 33.1519 31.4888 30.5006 30.331 28.7144 28.2602 27.4139 26.6408 26.5578 26.1181 23.8898 23.8731 20.6195 20.4123 20.238
threshold=1.0000000180025095e-35 0.044154983995680054 1.0000000180025095e-35 1.5000000000000002 0.083330245503146397 0.12103908826945978 1.5000000000000002 1.0000000180025095e-35 0.24971626387090243 1.0000000180025095e-35 0.088311385425868957 734.50000000000011 1.5000000000000002 0.093078750813975999 1.0000000180025095e-35 0.022564461905683331 674.50000000000011 1.0000000180025095e-35 659.50000000000011 1.0000000180025095e-35 1.0000000180025095e-35 1.0000000180025095e-35 1.0000000180025095e-35 0.015231008662526349 654.50000000000011 0.20073211508009256 0.021728722877736421 1.0000000180025095e-35 0.056244012056119647 1.0000000180025095e-35
decision_type=2 2 2 2 2 2 2 2 2 2 2 2 2 2 2 2 2 2 2 2 2 2 2 2 2 2 2 2 2 2
left_child=4 8 3 5 6 7 9 -3 16 10 17 12 15 18 24 -10 26 -1 -6 -16 -7 -12 25 -11 -5 -20 -2 -28 -8 -14
right_child=1 2 -4 14 13 20 28 -9 11 23 21 -13 29 -15 19 -17 -18 -19 22 -21 -22 -23 -24 -25 -26 -27 27 -29 -30 -31
leaf_value=-0.029651935421934818 -0.042324298746977532 -0.013348413641436923 -0.030507687042593028 0.046931665254482793 0.05849086279693267 0.0068968949437704583 0.014204487321508119 0.013893813510430007 -0.031672130342340871 -0.015679599444620336 0.0089341978276975369 -0.042137304216185459 -0.0018709404656703801 0.043784531755145968 0.034200921022384173 -0.0078298821455927859 -0.045670966316400025 -0.0011791634057791828 0.0038899621545331448 0.098396024290098999 0.028422891902667793 -0.031416412693903238 0.036506376197592401 0.022590735926715989 0.012387251479920662 0.049765185209204817 -0.022316759858885576 0.016449881114872604 0.040680073137690717 0.032687999026498431
leaf_weight=350.56423357501626 149.76476478204131 2038.7168333120644 497.21001103520393 88.535068571567535 71.298204019665718 645.52788441255689 153.46366763859987 438.46180336177349 336.96165781840682 74.942213162779808 579.70849664881825 176.78293697908521 201.44701535627246 431.05631612613797 178.50491327047348 556.99890445917845 514.57193797454238 220.71583397686481 376.11788314580917 29.185283087193966 332.72795209288597 67.691739063709974 178.85033544525504 506.23186032101512 716.07252278923988 45.84702855348587 188.33182610571384 66.951922804117203 330.8352203220129 87.499845132231712
leaf_count=3472 1039 16903 3653 595 523 4641 919 2814 2334 442 3577 2361 1049 3364 1098 3498 8337 1006 2254 173 2134 419 1028 3176 4824 262 1227 311 2100 467
internal_value=-0.000160405 -0.0073603 -7.63777e-05 0.0033103 0.0152376 -0.00208729 0.00801032 -0.00852653 -0.0232266 0.00147707 -0.00623836 -0.0147088 -0.0106096 0.0302018 0.0217347 -0.0168168 -0.0358205 -0.0186514 0.0214906 0.0432218 0.0142184 0.00471516 0.0170998 0.0176558 0.0161883 0.00887436 -0.0233066 -0.0121496 0.0322905 0.00859431
internal_weight=10631.6 7244.25 4964.94 4467.73 3387.32 3455.43 2284.15 2477.18 2279.31 1799.85 1218.68 1359.69 1182.91 1103.17 1012.3 893.961 919.62 571.28 672.113 207.69 978.256 647.4 600.815 581.174 804.608 421.965 405.049 255.284 484.299 288.947
internal_count=80000 57458 36835 33182 22542 26492 15111 19717 20623 12092 8474 9709 7348 7431 6690 5832 10914 4478 4067 1271 6775 3996 3544 3618 5419 2516 2577 1538 3019 1516
is_linear=0
shrinkage=0.06


Tree=44
num_leaves=31
num_cat=0
split_feature=1 17 1 17 4 11 11 11 7 1 1 32 7 7 4 9 32 11 11 23 32 11 1 9 4 9 10 4 7 28
split_gain=335.737 192.509 113.985 111.934 109.498 86.3643 80.3728 72.6951 61.5918 61.2499 57.6362 50.8367 51.1449 49.3308 48.1901 45.2418 44.5465 42.0295 40.1067 39.5463 38.2612 35.4528 31.0982 26.158 24.8247 23.8853 23.0267 22.9069 20.4334 19.22
threshold=25.845000000000002 0.24971626387090243 21.305000000000003 0.25167468530620707 22.545000000000005 59.650000000000013 85.550000000000011 61.550000000000004 1.5000000000000002 21.605000000000004 29.105000000000004 1.0000000180025095e-35 1.5000000000000002 1.5000000000000002 28.585000000000004 1.0000000180025095e-35 1.0000000180025095e-35 19.650000000000002 53.050000000000004 1.0000000180025095e-35 1.0000000180025095e-35 49.550000000000004 30.755000000000006 1.0000000180025095e-35 21.885000000000002 1.0000000180025095e-35 19350.000000000004 28.745000000000001 1.5000000000000002 1.0000000180025095e-35
decision_type=2 2 2 2 2 2 2 2 2 2 2 2 2 2 2 2 2 2 2 2 2 2 2 2 2 2 2 2 2 2
left_child=1 2 23 7 5 9 8 11 15 25 13 12 14 16 -2 -4 18 -11 -5 20 -7 28 24 -1 -9 -3 -25 -10 -6 -14
right_child=3 4 6 10 21 19 -8 22 27 17 -12 -13 29 -15 -16 -17 -18 -19 -20 -21 -22 -23 -24 26 -26 -27 -28 -29 -30 -31
leaf_value=-0.051401951379838551 -0.00897516896220933 -0.037852760379902838 -0.032261101755373368 0.0092407103341963486 -0.0028959152400807814 0.0043832302593999842 0.019495484084263225 0.007076080164445029 -0.0051147332887371156 -0.035217530832256358 0.050167675825060022 -0.033993585020884537 0.045986976597877212 0.04974572973448662 0.025705011805825601 -0.0057454102842078277 -0.022664591246171813 -0.0027327850376707521 0.036257772339052828 0.026884418132393069 -0.035021404473708218 0.024924655047857819 0.054671419511508189 -0.025278750373816231 0.029105167546315491 -0.0085904075651992255 0.10548256363353567 0.039267230474270921 0.025998980745553023 0.013551230371273919
leaf_weight=451.68884010985494 952.25993749499321 432.70411070808768 952.7520085349679 499.23523553460836 389.49032114073634 887.02691697701812 223.61188811063766 428.49257779866457 465.47387784346938 165.93195205181837 312.32965759187937 155.5325435474515 98.217945501208305 179.70709727704525 169.993701569736 306.07016666978598 98.890521548688412 1055.1211941763759 327.61670441925526 256.64259493723512 98.566099371761084 639.8659146912396 85.805867172777653 112.74227876588702 322.96303473412991 130.76600159704685 5.0659940205514422 46.002992954105139 113.86134094372392 199.05437155812979
leaf_count=10174 5201 5017 11160 2890 2377 5483 1453 2119 3102 946 3422 824 575 1509 880 1809 581 5621 2690 1401 604 3577 660 1637 1630 816 48 267 617 910
internal_value=-0.000153757 -0.0082212 -0.0211607 0.014029 -0.000266889 -0.00624222 -0.014399 0.00616549 -0.0186803 -0.0146983 0.0274085 -0.00142848 0.00213957 0.0209782 -0.00372198 -0.0258141 0.0153937 -0.00714722 0.0199455 0.00590533 0.000442495 0.0155533 0.0204513 -0.0448348 0.0165438 -0.0310618 -0.0196557 -0.00112295 0.00364029 0.0242679
internal_weight=10563.5 6733.38 2563.41 3830.1 4169.98 3026.76 1993.91 2412.32 1770.3 1784.52 1417.78 1575.06 1419.53 1105.45 1122.25 1258.82 925.742 1221.05 826.852 1242.24 985.593 1143.22 837.261 569.497 751.456 563.47 117.808 511.477 503.352 297.272
internal_count=80000 56109 29650 23891 26459 19888 17791 12799 16338 12400 11092 8390 7566 7670 6081 12969 6161 6567 5580 7488 6087 6571 4409 11859 3749 5833 1685 3369 2994 1485
is_linear=0
shrinkage=0.06


Tree=45
num_leaves=31
num_cat=0
split_feature=1 32 18 20 7 20 1 1 17 11 1 17 18 22 1 22 17 11 1 7 21 32 7 17 7 1 17 5 5 20
split_gain=304.345 216.501 185.932 158.776 108.644 93.247 89.8906 76.2953 64.7439 47.9762 44.6667 40.3122 36.6365 31.7351 31.6323 29.6933 28.0943 27.8926 24.9313 26.5215 20.8346 20.5175 20.2985 19.3836 18.7032 18.3439 17.6545 17.6251 16.5999 16.0158
threshold=21.205000000000002 1.0000000180025095e-35 0.022564461905683331 1.0000000180025095e-35 1.5000000000000002 1.0000000180025095e-35 28.805000000000003 28.065000000000001 0.24971626387090243 60.45000000000001 27.945000000000004 0.24971626387090243 0.12765800466683205 1.0000000180025095e-35 29.105000000000004 1.0000000180025095e-35 0.24971626387090243 58.650000000000013 18.645000000000003 1.5000000000000002 2764.9000000000001 1.0000000180025095e-35 1.5000000000000002 0.25167468530620707 2.5000000000000004 16.925000000000004 0.2458971043577145 1.0000000180025095e-35 1.0000000180025095e-35 1.0000000180025095e-35
decision_type=2 2 2 2 2 2 2 2 2 2 2 2 2 2 2 2 2 2 2 2 2 2 2 2 2 2 2 2 2 2
left_child=5 2 13 4 6 11 -4 8 -5 16 -6 -1 18 20 17 -11 -7 -3 -13 -20 -2 25 -18 -15 -14 -17 -16 -19 -22 -25
right_child=1 14 3 7 10 9 -8 -9 -10 15 -12 12 24 23 26 21 22 27 19 -21 28 -23 -24 29 -26 -27 -28 -29 -30 -31
leaf_value=-0.055409576997683438 -0.02654718184687967 -0.037532015100135201 -0.0043710564818565233 0.010221574459903345 0.015962652277277636 -0.044818378513997226 0.021220746185131482 0.052152297277038545 0.032640609652264167 0.060060160817153679 0.048794277287625455 -0.05605831041664338 -0.0019254876938638002 -0.038618613856547031 -0.0096003544586378137 -0.035404672420342002 -0.020621075591190797 -0.021750849802012969 -0.03682269892204218 7.0637792088158052e-05 -0.0026868928616253086 -0.049894856023771438 0.014213491529856244 -0.025841958255501975 0.087118422853478747 0.012769517110443751 0.042029972500282037 0.012385802350510285 0.033609203600837037 0.0021265790742589202
leaf_weight=297.49431309476495 108.32922951132059 455.94861556962132 3067.6178772039711 1092.5524409934878 910.24484366178513 132.63940772786736 588.9644700884819 303.14630712196231 805.71808295696974 35.790069498121738 178.41710425913334 138.14591196551919 76.355886925011873 249.33721460774541 78.67076551169157 32.328798312693834 244.53667758405209 260.58871491998434 233.78337454423308 100.21581554412842 237.83452148735523 24.928256679326296 79.896532744169235 219.79332491755486 9.5546307042241079 237.50041234865785 34.210268750786781 68.831283286213875 56.052394933998585 110.89621677994728
leaf_count=8084 796 3106 21364 5611 5187 2139 3843 2789 5182 222 1364 2591 654 2441 389 363 1599 1569 3155 728 1442 198 402 1362 58 1705 372 384 339 562
internal_value=-0.000148046 0.00426548 0.00742821 0.0108832 0.00470475 -0.0238576 -0.000248994 0.024201 0.0197373 -0.00896085 0.0213433 -0.0375716 -0.0280623 -0.0170061 -0.0236522 0.00845246 -0.0215539 -0.0279209 -0.03462 -0.0257529 -0.00405502 0.00218615 -0.0120425 -0.0259869 0.00797763 0.00699767 0.00604698 -0.0146181 0.00423578 -0.0164628
internal_weight=10470.3 8827.15 7928.9 6946.66 4745.24 1643.17 3656.58 2201.42 1898.27 787.62 1088.66 855.55 558.056 982.243 898.25 330.548 457.073 785.369 472.145 333.999 402.216 294.757 324.433 580.027 85.9105 269.829 112.881 329.42 293.887 330.69
internal_count=80000 58102 52282 45340 31758 21898 25207 13582 10793 6628 6551 15270 7186 6942 5820 2488 4140 5059 6474 3883 2577 2266 2001 4365 712 2068 761 1953 1781 1924
is_linear=0
shrinkage=0.06


Tree=46
num_leaves=31
num_cat=0
split_feature=4 22 22 20 11 4 5 14 20 16 16 11 32 11 6 11 16 11 6 17 20 6 18 32 32 5 14 16 6 17
split_gain=294.324 164.761 131.028 94.5443 89.8643 74.0618 58.2346 77.643 57.4679 56.6633 56.4874 46.8969 41.8833 41.7981 39.8511 39.203 36.5831 34.9496 34.3292 31.7068 31.2218 26.9685 26.9088 26.8493 26.303 25.3709 51.0631 24.685 23.024 22.4735
threshold=19.055000000000003 1.0000000180025095e-35 1.0000000180025095e-35 1.0000000180025095e-35 45.750000000000007 28.585000000000004 1.0000000180025095e-35 1.0000000180025095e-35 1.0000000180025095e-35 0.11697265296937974 0.10986106256625142 75.950000000000017 1.0000000180025095e-35 69.050000000000011 719.50000000000011 48.650000000000013 0.085578314319900581 60.45000000000001 704.50000000000011 0.25167468530620707 1.0000000180025095e-35 624.50000000000011 0.015231008662526349 1.0000000180025095e-35 1.0000000180025095e-35 1.0000000180025095e-35 1.0000000180025095e-35 0.11788465142004269 634.50000000000011 0.25167468530620707
decision_type=2 2 2 2 2 2 2 2 2 2 2 2 2 2 2 2 2 2 2 2 2 2 2 2 2 2 2 2 2 2
left_child=1 8 13 5 19 10 9 -8 11 21 18 16 17 20 -11 -12 28 27 -4 -3 24 -6 -10 -18 29 -21 -27 -5 -1 -2
right_child=2 4 3 12 6 -7 7 -9 22 14 15 -13 -14 -15 -16 -17 23 -19 -20 25 -22 -23 -24 -25 -26 26 -28 -29 -30 -31
leaf_value=0.028751521752990221 0.0072224654424302287 -0.04279586090478673 -0.014585550497351446 0.0023314540887570657 0.014034058844900827 0.017112797211712466 -0.0018120086526815056 0.069280179387727181 -0.013204213958703309 -0.001411530436505189 -0.013563620754603059 0.023646785187009224 -0.015047842095840126 0.042168179304075078 -0.031333435320202559 0.0085815586886785755 0.0066957876508864211 0.034564342644607574 -0.045111739381926586 -0.029367341019147879 0.034233300267880226 -0.033692663998374839 0.025651657647345488 -0.037828791068807814 -0.018294647069740648 -0.015182532773215537 0.084371253690613712 0.024241140374736583 -0.024692945278823319 0.027916748862599424
leaf_weight=31.205361947417259 426.12017041444778 493.00412398390472 540.35834661126137 390.01752285659313 45.933504283428192 503.06910671293736 459.84575595334172 62.865229550749063 73.964021749794483 803.84768150746822 496.2384182177484 200.16294860467315 133.16536596789956 365.46847238019109 200.1312171369791 685.074866656214 488.74416517093778 409.54013493284583 175.76185618154705 559.71006547659636 344.46608164906502 591.25934049673378 484.19680448248982 54.159911453723907 87.691029451787472 154.26110382378101 21.082802668213844 352.38756221160293 414.10944091901183 339.37897433713078
leaf_count=159 2692 6549 3756 2486 214 3529 3054 391 441 4518 3389 1308 801 2599 2356 4224 3066 2676 3973 4554 2402 7768 3087 343 576 910 119 2191 3515 2354
internal_value=-0.000143005 -0.0103506 0.00985019 0.00367646 -0.0180601 -0.0033548 -0.0107029 0.00673808 0.00462191 -0.0162578 -0.0087814 -0.00283701 0.0168104 0.0244069 -0.00737611 -0.000721045 -0.00820128 0.0204932 -0.0220778 -0.0310238 0.018987 -0.0302522 0.0205027 0.00225403 0.0128315 -0.0231282 -0.0032125 0.012731 -0.0209478 0.0163971
internal_weight=10387.2 5138.48 5248.74 3685.61 3391.94 2400.5 2163.88 522.711 1746.54 1641.17 1897.43 1188.38 1285.11 1563.12 1003.98 1181.31 988.219 1151.95 716.12 1228.06 1197.66 637.193 558.161 542.904 853.19 735.054 175.344 742.405 445.315 765.499
internal_count=80000 42352 37648 27025 30433 18871 18301 3445 11919 14856 15342 8391 8154 10623 6874 7613 7083 7353 7729 12132 8024 7982 3528 3409 5622 5583 1029 4677 3674 5046
is_linear=0
shrinkage=0.06


Tree=47
num_leaves=31
num_cat=0
split_feature=1 7 17 17 11 20 11 20 1 4 1 7 20 32 1 20 32 4 1 11 11 20 1 1 18 1 20 11 11 11
split_gain=278.609 143.995 127.731 121.737 86.0032 80.1567 76.0195 73.7097 72.5972 61.2738 57.5552 57.3284 52.7385 52.1001 48.1027 45.6661 43.8225 41.4584 35.1883 33.7866 28.4658 27.3699 26.0175 24.1202 23.0479 23.0382 20.9666 20.6573 20.3045 20.2822
threshold=24.735000000000003 1.5000000000000002 0.25167468530620707 0.25167468530620707 77.450000000000017 1.0000000180025095e-35 40.050000000000004 1.0000000180025095e-35 30.315000000000001 17.535000000000004 18.375000000000004 1.5000000000000002 1.0000000180025095e-35 1.0000000180025095e-35 29.265000000000004 1.0000000180025095e-35 1.0000000180025095e-35 20.585000000000004 19.965000000000003 29.050000000000004 51.850000000000001 1.0000000180025095e-35 22.915000000000003 26.515000000000004 0.12765800466683205 18.555000000000003 1.0000000180025095e-35 23.150000000000002 36.050000000000004 76.550000000000011
decision_type=2 2 2 2 2 2 2 2 2 2 2 2 2 2 2 2 2 2 2 2 2 2 2 2 2 2 2 2 2 2
left_child=1 2 7 4 8 11 21 22 9 27 -8 14 17 -12 16 -11 -5 25 -9 -14 -20 -4 -1 28 -24 -3 -10 -2 -7 -19
right_child=3 12 6 5 -6 23 10 18 26 15 13 -13 19 -15 -16 -17 -18 29 20 -21 -22 -23 24 -25 -26 -27 -28 -29 -30 -31
leaf_value=-0.055905624408915666 -0.046632431148493962 -0.053281166350208284 -0.036275379563366544 0.0096039149936208833 0.026110041119407353 0.0032979948396638981 -0.038505984046582627 -0.050921721989850087 0.0156982274328787 -0.0062334612253967317 0.0045790707691569423 0.039591035164032978 -0.012813990870073769 -0.030273134862686259 0.040445183490089576 0.016569675467614627 -0.027160507643654828 0.0077962983438688233 -0.026359460986506891 0.029158349270031612 0.00056870013910782064 -0.011995195074504833 -0.04076856086131847 0.057337298605754677 4.3339461946613753e-05 -0.0086952727192312184 0.051547310063339173 -0.016140498454260032 0.042025087985346286 0.047270236464219323
leaf_weight=362.51619952730834 90.574171271175146 45.761940144002438 367.16657149419188 1048.5496788918972 458.20316862314939 71.993851810693741 142.08445350080729 93.698943022638559 267.86674995720387 965.72297531738877 1589.2073864229023 279.33643482252955 82.422621607780457 171.02966278418899 161.29866271466017 470.04490379244089 131.33996564894915 260.40101735666394 252.09249167516828 425.32865754142404 321.6258194334805 306.7888650521636 227.05453830957413 225.85332108661532 63.816077474504709 472.47826215997338 75.225888833403587 684.12819235026836 150.87648523598909 57.142044506967068
leaf_count=10174 615 955 3960 5782 2446 437 1974 1836 1426 5549 9350 2126 482 1062 1733 2367 641 1921 2095 2469 2047 1645 3588 2779 622 3628 615 4001 1322 353
internal_value=-0.000138672 -0.00984509 -0.0156848 0.00987264 0.00217456 0.0210771 -0.00790703 -0.0308555 -0.00212035 -0.00610602 -0.00177237 0.014863 0.00709355 0.00119273 0.00971279 0.00123188 0.00551147 -0.00217197 -0.0168312 0.022345 -0.0112636 -0.0252229 -0.0451809 0.0435187 -0.0318146 -0.0126323 0.0235584 -0.0197055 0.0295151 0.0148997
internal_weight=10321.6 5240.62 3897.08 5081.01 3011.77 2069.25 2576.28 1320.8 2553.56 2210.47 1902.32 1620.52 1343.53 1760.24 1341.19 1435.77 1179.89 835.783 667.417 507.751 573.718 673.955 653.387 448.724 290.871 518.24 343.093 774.702 222.87 317.543
internal_count=80000 48161 38353 31839 17019 14820 17991 20362 14573 12532 12386 10282 9808 10412 8156 7916 6423 6857 5978 2951 4142 5605 14384 4538 4210 4583 2041 4616 1759 2274
is_linear=0
shrinkage=0.06


Tree=48
num_leaves=31
num_cat=0
split_feature=1 11 17 7 5 9 7 11 5 9 1 1 17 5 18 11 1 10 9 17 32 17 1 5 1 7 1 1 28 1
split_gain=253.569 162.523 150.375 97.212 93.1866 140.016 88.0269 80.3501 64.1198 143.482 80.5259 52.5261 51.7641 46.1379 52.6118 35.1355 32.6108 31.8499 31.8053 35.2798 29.9038 29.4708 29.0192 28.3577 28.2617 24.5973 22.0957 21.3963 20.1705 19.2384
threshold=25.845000000000002 81.050000000000011 0.24971626387090243 1.5000000000000002 1.0000000180025095e-35 1.0000000180025095e-35 1.5000000000000002 53.050000000000004 1.0000000180025095e-35 1.0000000180025095e-35 20.445000000000004 22.915000000000003 0.24971626387090243 1.0000000180025095e-35 0.014336780532645465 101.55000000000001 30.755000000000006 550.00000000000011 1.0000000180025095e-35 0.24971626387090243 1.0000000180025095e-35 0.25539229302225114 21.405000000000005 1.0000000180025095e-35 17.505000000000006 1.5000000000000002 17.625000000000004 28.885000000000002 1.0000000180025095e-35 18.075000000000003
decision_type=2 2 2 2 2 2 2 2 2 2 2 2 2 2 2 2 2 2 2 2 2 2 2 2 2 2 2 2 2 2
left_child=1 2 4 7 11 22 8 13 10 -10 -4 -1 16 14 -2 24 23 -8 19 -15 -16 28 -6 -9 -3 -13 -19 -14 -5 -7
right_child=3 15 6 21 5 29 17 12 9 -11 -12 25 27 18 20 -17 -18 26 -20 -21 -22 -23 -24 -25 -26 -27 -28 -29 -30 -31
leaf_value=-0.047075936523907257 -0.040392803654926847 -0.047620235769361079 -0.042007926482799045 0.042803336808829744 -0.045630366400217046 -0.053512937029891496 -0.021853431697273214 0.0015594864204930743 -0.0032237830366147759 0.080506381643695446 -0.0089070570191717366 -0.030240104976948613 0.027880994656933344 -0.0024041393972582541 0.0013604996553554685 0.042397100795855916 0.042964338000164623 -0.027606399581738029 0.069805391286008711 0.04796708101755176 -0.03008339011484637 0.051237711219487288 -0.010812648483696553 0.032113710130320307 0.013520290090115149 -0.0083841094893286859 0.019810309013504047 0.05871219517116643 0.01615243566094458 0.062673640202237937
leaf_weight=550.18817245960236 141.40626548975706 28.32762929610908 310.41605769842863 148.15513907372952 106.88922595977783 5.3982815966010085 82.381323408335447 691.33496446162462 554.3545980900526 84.971104323863983 1791.8748645372689 585.30814927816391 345.72491079941392 167.86465325951576 1104.2148529700935 157.51961625367403 98.278986200690269 37.230396930128336 41.011414188891649 71.326157823204994 120.79302603006363 213.2109897993505 444.70953468605876 129.90047576278448 694.26869485527277 271.29721188545227 711.49180425330997 105.83999071642756 329.83603085950017 103.42438406869769
leaf_count=13026 854 465 4677 980 1673 90 517 3383 3092 452 10492 6679 2841 837 6533 1126 754 397 284 760 705 2172 2426 763 4795 1747 3836 1459 1566 619
internal_value=-0.00013445 -0.00725938 -0.0110015 0.0123908 -0.0238813 -0.00528871 -0.00354909 0.00774188 -0.00873451 0.00790457 -0.0137946 -0.0326096 0.0184712 -0.00119203 -0.00574012 0.0167207 0.0103013 0.0135564 0.0209868 0.0126164 -0.00174005 0.0326874 -0.0175597 0.00639246 0.0111234 -0.023318 0.0174525 0.0351074 0.024413 0.0569101
internal_weight=10228.9 6520.05 5639.94 3708.9 2067.21 660.421 3572.72 3017.7 2741.62 639.326 2102.29 1406.79 1371.08 1646.62 1366.41 880.116 919.514 831.104 280.202 239.191 1225.01 691.202 551.599 821.235 722.596 856.605 748.722 451.565 477.991 108.823
internal_count=80000 56109 49723 23891 26260 4808 23463 19173 18713 3544 15169 21452 9200 9973 8092 6386 4900 4750 1881 1597 7238 4718 4099 4146 5260 8426 4233 4300 2546 709
is_linear=0
shrinkage=0.06


Tree=49
num_leaves=31
num_cat=0
split_feature=4 22 32 1 7 11 11 11 20 1 20 20 4 16 18 20 16 1 5 17 22 1 32 7 17 1 32 17 4 1
split_gain=257.342 197.897 110.875 100.577 90.775 73.1698 69.018 67.2756 54.8293 45.536 38.9529 36.5238 35.1217 34.4621 34.0755 31.331 34.0371 30.0245 27.6248 27.5802 24.1902 23.8192 23.0761 17.9483 17.7279 17.5771 17.5086 15.4587 13.4073 13.0425
threshold=24.005000000000006 1.0000000180025095e-35 1.0000000180025095e-35 19.755000000000006 1.5000000000000002 72.65000000000002 75.950000000000017 52.750000000000007 1.0000000180025095e-35 20.655000000000005 1.0000000180025095e-35 1.0000000180025095e-35 29.095000000000002 0.10816224456956312 0.014778112794008159 1.0000000180025095e-35 0.093822732998968497 23.155000000000005 1.0000000180025095e-35 0.22074689713315029 1.0000000180025095e-35 28.315000000000001 1.0000000180025095e-35 1.5000000000000002 0.25167468530620707 20.495000000000001 1.0000000180025095e-35 0.25539229302225114 14.365 26.075000000000003
decision_type=2 2 2 2 2 2 2 2 2 2 2 2 2 2 2 2 2 2 2 2 2 2 2 2 2 2 2 2 2 2
left_child=1 7 3 13 5 -5 8 14 9 -2 -6 17 20 -3 -1 16 -16 23 -15 -19 -11 24 -14 -9 -10 -17 -8 29 -4 -13
right_child=6 2 28 4 10 -7 26 11 21 12 -12 27 22 18 15 25 -18 19 -20 -21 -22 -23 -24 -25 -26 -27 -28 -29 -30 -31
leaf_value=-0.024772623408888222 -0.038537231360677736 -0.054667583137098387 -0.053715989800464485 -0.016480190082568947 0.0012559408315863786 0.0056662703608340676 0.042872941335932599 -0.026397196126687259 0.012251130994755251 0.014590539153598422 0.026963066020625041 0.012847004909489746 0.024584616722640874 -0.034871894735004232 -0.017461828907940073 -0.039857870537341633 0.0081966832274313686 0.0052815977987206953 -0.00043653590804935619 0.028886116689869717 -0.0063238550267491365 0.053517434654955079 -0.018579839089369766 0.022885897987686726 0.032839421762804639 0.020331107407246817 0.0036247573191529872 0.051798522305272252 -0.032670997407794451 0.042666229002389443
leaf_weight=191.13364251703024 80.610756184905767 185.52080841735005 163.07658548466861 2343.7252659983933 639.96914603933692 696.71611996367574 369.74614006094635 103.63152454420924 343.67986418306828 299.13417020812631 317.45274388417602 126.67771288007498 460.37782692909241 243.23734737187624 364.12776683457196 18.412414282560349 380.71917249262333 368.4981427937746 128.00190738961101 345.07280475273728 595.28759062662721 95.313591562211514 49.368719141930342 35.790690325200558 267.95118549093604 340.14225037768483 46.009636458009481 124.44179019704461 328.52388232201338 90.549323994666338
leaf_count=1398 1484 5177 1649 19151 4164 4735 2603 1123 2003 1948 1834 685 3026 3778 2871 164 2407 2120 892 2377 4186 989 318 265 1782 2106 294 1103 2719 649
internal_value=-0.0001301 -0.00575199 -0.0125811 -0.00965919 -0.00633188 -0.0114053 0.0161168 0.0080923 0.0118652 0.00531692 0.00977966 0.0183603 0.00783451 -0.0335513 -0.0013835 0.00266801 -0.0043468 0.0117206 -0.0229987 0.0166964 0.000670843 0.0256184 0.0204042 -0.0137459 0.0212707 0.0172403 0.0385295 0.0349365 -0.0396522 0.0252769
internal_weight=10142.9 7535.42 5046.22 4554.62 3997.86 3040.44 2607.48 2489.2 2191.72 1484.78 957.422 1194.66 1404.17 556.76 1294.54 1103.4 744.847 852.993 371.239 713.571 894.422 706.945 509.747 139.422 611.631 358.555 415.756 341.669 491.6 217.227
internal_count=80000 61367 44099 39731 29884 23886 18633 17268 15736 10962 5998 8322 9478 9847 8946 7548 5278 5885 4670 4497 6134 4774 3344 1388 3785 2270 2897 2437 4368 1334
is_linear=0
shrinkage=0.06


Tree=50
num_leaves=31
num_cat=0
split_feature=4 22 11 5 9 22 4 16 11 11 6 32 1 17 11 1 5 9 17 5 9 32 6 9 16 4 6 16 17 32
split_gain=238.466 149.682 108.192 78.0439 110.662 77.6842 65.6795 67.3726 51.5413 48.863 32.4647 32.4326 30.5907 30.5513 30.2599 27.9798 26.3113 56.9765 26.1614 25.6656 23.6617 22.6227 22.3691 22.1498 20.8601 20.557 20.2087 19.4199 19.2439 19.0229
threshold=15.145000000000001 1.0000000180025095e-35 34.150000000000013 1.0000000180025095e-35 1.0000000180025095e-35 1.0000000180025095e-35 29.445000000000004 0.10986106256625142 72.65000000000002 54.550000000000004 639.50000000000011 1.0000000180025095e-35 19.755000000000006 0.24971626387090243 77.450000000000017 26.215000000000003 1.0000000180025095e-35 1.0000000180025095e-35 0.24971626387090243 1.0000000180025095e-35 1.0000000180025095e-35 1.0000000180025095e-35 709.50000000000011 1.0000000180025095e-35 0.11697265296937974 21.635000000000002 659.50000000000011 0.085578314319900581 0.24971626387090243 1.0000000180025095e-35
decision_type=2 2 2 2 2 2 2 2 2 2 2 2 2 2 2 2 2 2 2 2 2 2 2 2 2 2 2 2 2 2
left_child=5 9 16 6 15 14 7 -4 11 10 -2 12 -7 23 19 -5 25 -18 -14 27 -21 -15 24 -12 -10 -3 -11 -1 29 -28
right_child=1 2 3 4 -6 8 -8 -9 22 26 13 -13 18 21 -16 -17 17 -19 -20 20 -22 -23 -24 -25 -26 -27 28 -29 -30 -31
leaf_value=-0.021690344237984098 0.053673360701603376 -0.033667573293764068 -0.015182605581118917 0.00648251576809544 0.072550386971403938 -0.045188601090384764 0.023653829301039174 0.0043692250819697244 -0.012451675180686361 0.056559238237186692 -0.0050770507335446751 -0.054356752441651703 -0.031755301574432113 0.023947813560387672 0.022733580598593109 0.037788071564729298 -0.012210534763751774 0.069019482805664681 -0.012918076481963232 0.0051233484565635246 0.06451182443276092 -0.015072856943263031 -0.024970742723654786 0.025153244409110168 0.01811933851634882 -0.014033100792718838 0.022799228858573939 -0.0016469528426392229 0.037174842642022393 -0.015916828191491005
leaf_weight=321.47685282491148 61.13634530454874 342.98768107220531 1034.5776866097003 619.46078315377235 125.70490435510874 208.81977432779968 373.93359721824527 1640.5752540081739 144.89709638245404 88.291128300130367 527.84493435360491 141.11668814904988 431.77017827890813 466.90480312332511 160.45464506372809 123.2241084985435 210.01965504139662 36.486575488001108 688.892887506634 157.55657614767551 28.523909948766232 60.408356588333845 129.66720597445965 104.53449412435293 180.38431733101606 435.97470623068511 454.54217933118343 379.4043409563601 352.3938395306468 50.79287301003933
leaf_count=2732 497 3556 10928 3841 814 4333 2552 10707 1056 994 3534 1516 4975 3239 1053 1022 1351 220 4359 1011 171 375 1687 580 993 3548 2830 2442 2780 304
internal_value=-0.000124723 0.00584207 7.80135e-05 0.00461966 0.0204885 -0.0143942 0.000100167 -0.00319217 -0.0215475 0.0189909 0.0110595 -0.0270074 -0.0241044 0.00881295 -0.00124377 0.0116766 -0.0172719 -0.000187288 -0.0201757 -0.00558137 0.0142269 0.0194777 -0.00389858 -7.9879e-05 0.00450143 -0.0226784 0.0292262 -0.0108404 0.0264127 0.0189078
internal_weight=10082.8 7109.79 4942.94 3917.48 868.39 2972.96 3049.09 2675.15 1925.55 2166.85 1220.83 1470.6 1329.48 1159.69 1047.42 742.685 1025.47 246.506 1120.66 886.962 186.08 527.313 454.949 632.379 325.281 778.962 946.02 700.881 857.729 505.335
internal_count=80000 53672 38539 29864 5677 26328 24187 21635 18919 15133 8225 15183 13667 7728 7409 4863 8675 1571 9334 6356 1182 3614 3736 4114 2049 7104 6908 5174 5914 3134
is_linear=0
shrinkage=0.06


Tree=51
num_leaves=31
num_cat=0
split_feature=4 1 7 1 32 7 20 19 17 17 5 5 9 1 20 20 1 17 19 1 4 1 1 17 20 32 17 17 20 17
split_gain=215.839 119.447 107.382 91.4786 78.6791 67.3139 60.8132 58.1707 52.5704 50.0796 49.1118 47.2734 85.3264 31.2168 30.6616 30.0037 30.5443 26.9807 26.5271 24.206 23.7954 23.4117 22.4468 22.3119 21.7263 21.1189 19.254 18.9532 17.5825 20.1952
threshold=19.055000000000003 21.605000000000004 1.5000000000000002 25.845000000000002 1.0000000180025095e-35 1.5000000000000002 1.0000000180025095e-35 1.0000000180025095e-35 0.24971626387090243 0.25167468530620707 1.0000000180025095e-35 1.0000000180025095e-35 1.0000000180025095e-35 27.605000000000004 1.0000000180025095e-35 1.0000000180025095e-35 27.055000000000003 0.25167468530620707 1.0000000180025095e-35 18.645000000000003 28.275000000000002 20.325000000000003 22.185000000000006 0.25167468530620707 1.0000000180025095e-35 1.0000000180025095e-35 0.24971626387090243 0.24971626387090243 1.0000000180025095e-35 0.25731936111845821
decision_type=2 2 2 2 2 2 2 2 2 2 2 2 2 2 2 2 2 2 2 2 2 2 2 2 2 2 2 2 2 2
left_child=1 11 3 6 5 7 8 10 22 14 -3 19 -13 25 20 16 -7 21 -10 -1 -5 -8 -2 -9 -11 28 -17 -21 29 -4
right_child=2 4 13 9 -6 15 17 23 18 24 -12 12 -14 -15 -16 26 -18 -19 -20 27 -22 -23 -24 -25 -26 -27 -28 -29 -30 -31
leaf_value=-0.053988450683329053 -0.055761850831616798 -0.014991329186715823 0.0064154364136120353 -0.0052768883967528281 -0.029816444868532729 -0.001198592881248268 -0.0484512096801894 0.00013346014480176605 -0.0093059720794744279 0.022742326282447708 0.006594491044752987 -0.021778405017335592 0.059760756458033075 0.047754510059390312 0.023373630829328158 0.018976569041633064 0.031955336636081418 0.017632590557168142 0.015845160130060966 -0.04709615287169245 0.017830977009733909 0.0013432695513233856 -0.022338943211310767 0.025344068113498753 0.051390511807260016 -0.0064752513457561221 0.054569654543784867 -0.021823408780337509 0.03685326665149552 0.02900772164614222
leaf_weight=191.37292825803161 95.039664851501584 1693.2460354454815 281.47264590486884 598.71982109546661 388.30218369886279 437.76493487879634 37.207270760089159 259.13480812311172 770.23167792335153 480.791295286268 489.03773098811507 284.69170580804348 55.151504669338465 183.32577203959227 298.78624590486288 152.17868275940418 129.6691811196506 489.44453551620245 187.76805997639894 149.60859879851341 219.14657302945852 393.31909981369972 302.84844477660954 246.68426681309938 118.86031559109688 92.974014202132821 85.426968343555927 373.57663651183248 253.07508549466729 288.36740719527006
leaf_count=4874 3041 12856 2112 3170 2649 2558 667 1678 5122 3627 2906 2570 428 1648 1798 762 836 2737 996 4290 1103 2271 3870 1505 1640 596 669 3771 1558 1692
internal_value=-0.000119066 -0.00905958 0.00854833 0.00397601 -0.00419478 -0.00134664 -0.00391135 -0.00590472 -0.0119903 0.0144348 -0.0101541 -0.0269678 -0.00854581 0.0251542 0.00692421 0.0138732 0.00637769 0.00799566 -0.00437635 -0.0357293 0.000914844 -0.00296011 -0.0303223 0.0124285 0.0284208 0.0206305 0.0317734 -0.0290503 0.023693 0.0178483
internal_weight=10027.2 4935.85 5091.38 3992.16 3881.44 3493.14 2275.86 2688.1 1355.89 1716.3 2182.28 1054.4 339.843 1099.21 1116.65 805.04 567.434 919.971 958 714.558 817.866 430.526 397.888 505.819 599.652 915.889 237.606 523.185 822.915 569.84
internal_count=80000 42352 37648 30042 26419 23770 18704 18945 13029 11338 15762 15933 2998 7606 6071 4825 3394 5675 6118 12935 4273 2938 6911 3183 5267 5958 1431 8061 5362 3804
is_linear=0
shrinkage=0.06


Tree=52
num_leaves=31
num_cat=0
split_feature=1 4 7 17 20 1 7 32 20 5 19 20 17 17 4 5 14 17 17 19 1 32 14 22 1 17 22 22 1 32
split_gain=202.256 144.632 126.697 94.5549 78.2191 65.4747 51.8521 50.9187 43.5336 41.7734 39.1628 37.7693 36.2954 35.7551 35.1173 29.516 39.7482 29.323 28.8763 24.9566 24.0846 23.6165 22.8784 20.4882 18.2372 16.9062 16.1522 15.8214 15.6272 14.0726
threshold=26.855000000000004 12.735000000000001 1.5000000000000002 0.25167468530620707 1.0000000180025095e-35 22.185000000000006 1.5000000000000002 1.0000000180025095e-35 1.0000000180025095e-35 1.0000000180025095e-35 1.0000000180025095e-35 1.0000000180025095e-35 0.25167468530620707 0.24971626387090243 26.275000000000002 1.0000000180025095e-35 1.0000000180025095e-35 0.24971626387090243 0.25362077466676297 1.0000000180025095e-35 18.895000000000003 1.0000000180025095e-35 1.0000000180025095e-35 1.0000000180025095e-35 29.515000000000004 0.27173482304541224 1.0000000180025095e-35 1.0000000180025095e-35 24.175000000000004 1.0000000180025095e-35
decision_type=2 2 2 2 2 2 2 2 2 2 2 2 2 2 2 2 2 2 2 2 2 2 2 2 2 2 2 2 2 2
left_child=1 13 3 5 6 22 10 8 -5 -7 14 18 24 26 17 20 23 -2 19 -4 -15 -22 -3 -17 -6 29 -1 -13 -20 -8
right_child=4 2 11 7 12 9 25 -9 -10 -11 -12 27 -14 15 -16 16 -18 -19 28 -21 21 -23 -24 -25 -26 -27 -28 -29 -30 -31
leaf_value=-0.019203565032256942 -0.013356632048770981 -0.048047542103962622 -0.011819168312956457 -0.0018466759853593003 0.016651315674389301 -0.018052985722189795 0.026447806104641852 -0.023374630203213058 0.015032927238526953 0.0046645103332141448 0.02599168633693235 0.051264327498206488 0.056791053716906674 -0.054091386540377963 0.017437961666590753 0.028999290682875763 0.070224293351301537 0.0075911239604090968 0.010080199743162165 0.02478253528933418 -0.013058504622094508 -0.05103315299627266 -0.0072075855890044102 -0.016027848264769877 0.044438793760094207 0.051306466092329341 -0.040460473473656354 0.023297132616748102 0.032033002055912953 -0.018266743391339747
leaf_weight=193.97472556866705 637.17668392509222 274.43084722012281 322.71232202276587 1639.1090334430337 316.51887147128582 951.89114913903177 230.83321721106768 275.59937967732549 827.86579422652721 419.94988016039133 246.05290879309177 89.98745483905077 170.63651791960001 68.605839090421796 315.85310927778482 48.055084683001041 28.916713908314705 386.4846637584269 375.49287908151746 84.65586007013917 604.15564760938287 65.331848904490471 60.215981401503086 149.73343186825514 116.25962622463703 93.440097071230412 382.33706267364323 381.70207631215453 169.39949896931648 28.462682478129864
leaf_count=1890 3330 7461 3057 10927 1797 9350 1268 1781 4919 2051 1651 552 2483 1435 1978 283 164 2844 2078 595 3987 454 898 900 1000 1075 6367 2281 1005 139
internal_value=-0.000114466 -0.00512168 -0.000828897 -0.00581449 0.0144915 -0.0169033 0.00861871 0.00108522 0.00381777 -0.0110987 0.00399004 0.0147484 0.033356 -0.0214811 -5.13971e-05 -0.0144177 0.00451827 -0.00544778 0.00787097 -0.00421291 -0.0202338 -0.0167643 -0.0406988 -0.00508797 0.024116 0.0294248 -0.0333058 0.0286326 0.016905 0.0215395
internal_weight=9955.84 7414.12 5873.01 4449.06 2541.72 1706.49 1938.3 2742.57 2466.97 1371.84 1585.57 1423.95 603.415 1541.11 1339.51 964.799 226.705 1023.66 952.261 407.368 738.093 669.487 334.647 197.789 432.778 352.736 576.312 471.69 544.892 259.296
internal_count=80000 62435 46955 37387 17565 19760 12285 17627 15846 11401 9803 9568 5280 15480 8152 7223 1347 6174 6735 3652 5876 4441 8359 1183 2797 2482 8257 2833 3083 1407
is_linear=0
shrinkage=0.06


Tree=53
num_leaves=31
num_cat=0
split_feature=4 23 11 1 17 11 11 5 16 23 32 4 32 5 11 14 18 7 5 1 4 6 5 32 17 1 11 11 5 6
split_gain=193.71 150.592 93.4589 85.7571 73.048 60.4241 56.099 45.8943 42.639 38.7657 32.9762 30.761 30.213 29.0809 30.6701 28.5305 27.8393 27.2123 25.5517 23.2247 21.728 21.4999 15.4455 15.2066 14.2939 13.3379 13.0006 12.5567 12.5506 11.168
threshold=24.005000000000006 1.0000000180025095e-35 90.15000000000002 21.605000000000004 0.25167468530620707 75.950000000000017 52.750000000000007 1.0000000180025095e-35 0.11242932645206684 1.0000000180025095e-35 1.0000000180025095e-35 34.505000000000003 1.0000000180025095e-35 1.0000000180025095e-35 17.650000000000002 1.0000000180025095e-35 0.011028005521277227 1.5000000000000002 1.0000000180025095e-35 20.755000000000006 12.315000000000003 659.50000000000011 1.0000000180025095e-35 1.0000000180025095e-35 0.25167468530620707 17.505000000000006 104.15000000000002 107.35000000000001 1.0000000180025095e-35 649.50000000000011
decision_type=2 2 2 2 2 2 2 2 2 2 2 2 2 2 2 2 2 2 2 2 2 2 2 2 2 2 2 2 2 2
left_child=1 2 3 8 10 9 12 -6 22 11 -5 13 16 14 -2 -15 -3 20 -10 -18 26 -22 -1 27 29 -4 -8 -7 -27 -11
right_child=5 6 25 4 7 23 17 -9 18 24 -12 -13 -14 15 -16 -17 19 -19 -20 -21 21 -23 -24 -25 -26 28 -28 -29 -30 -31
leaf_value=-0.053952152506600806 -0.034453830861287615 -0.028705772891313347 -0.039435236941595377 -0.015681261916330597 -0.0051412463040688 0.036554938766600216 -0.0059717858544909141 0.019289842010392785 -0.027541304655006146 0.05054486026466784 -0.046198346563614254 0.034723255871949611 -0.028511035599046164 0.012579532036201496 0.0011300394721511435 0.071491270591016537 -0.040807912482447598 0.03457583302065681 -0.0047566068180137054 0.0063031022160677129 0.049149798359529984 0.013900046985416293 -0.026481279782923701 0.0026382081901343817 0.034316896082546185 0.015573695934344742 0.068057738088981565 0.081577985735488578 0.044726079653402258 0.012497372536595471
leaf_weight=234.85399681329727 95.412682877853513 99.511633986607194 13.478125462308524 1358.3929456528276 1580.6531072966754 335.23967939242721 237.09296704269946 335.57206100970507 538.02409168146551 30.199381984770298 140.67352792806923 115.90990478359163 134.09573043137789 269.67658234387636 1012.9249598197639 33.242275454103947 39.152466136962175 241.89080327749252 264.19648448377848 995.59703853540123 69.42937446385622 605.88855951093137 107.3664024733007 45.241370068863034 239.17849861457944 263.36481487192214 8.8590797334909421 23.889349211007357 66.610664397478104 345.69223123788834
leaf_count=7780 802 768 241 11403 9000 2429 1713 2156 6647 227 1286 805 921 1775 7717 218 580 1691 1534 6677 708 4151 1753 294 2072 1866 59 174 433 2120
internal_value=-0.000109472 -0.00505953 -0.0111138 -0.0133872 -0.00862404 0.0141476 0.00714895 -0.00086284 -0.0276018 0.0101322 -0.018545 0.00500995 -0.00157854 0.00256952 -0.00193324 0.0190445 0.0016055 0.0166658 -0.0200376 0.00452053 0.0119632 0.0175241 -0.0453336 0.0354202 0.0228503 0.0190689 -0.00330528 0.0395499 0.0214586 0.0155541
internal_weight=9881.31 7334.7 4903.19 4559.73 3415.29 2546.61 2431.52 1916.23 1144.44 2142.24 1499.07 1527.17 1268.36 1411.26 1108.34 302.919 1134.26 1163.16 802.221 1034.75 921.27 675.318 342.22 404.37 615.07 343.454 245.952 359.129 329.975 375.892
internal_count=80000 61367 44099 41559 23845 18633 17268 11156 17714 15736 12689 11317 8946 10512 8519 1993 8025 8322 8181 7257 6631 4859 9533 2897 4419 2540 1772 2603 2299 2347
is_linear=0
shrinkage=0.06


Tree=54
num_leaves=31
num_cat=0
split_feature=1 32 5 14 18 1 20 7 1 18 7 1 16 7 1 32 19 4 16 4 5 21 5 19 22 18 16 16 1 18
split_gain=181.427 99.1049 93.0181 132.508 83.534 76.6465 75.0648 66.5224 51.9767 47.7179 47.0378 43.8026 37.583 31.2986 27.0388 24.9849 23.051 20.8987 20.3756 18.7188 16.1116 15.7216 15.9239 14.6699 14.1619 15.3793 13.7485 12.9037 13.5551 11.5146
threshold=23.735000000000003 1.0000000180025095e-35 1.0000000180025095e-35 1.0000000180025095e-35 0.021728722877736421 18.645000000000003 1.0000000180025095e-35 1.5000000000000002 29.695000000000004 0.071426715575716698 1.5000000000000002 28.065000000000001 0.11980588407949559 1.5000000000000002 17.855000000000004 1.0000000180025095e-35 1.0000000180025095e-35 18.815000000000001 0.088311385425868957 20.985000000000003 1.0000000180025095e-35 2704.2500000000005 1.0000000180025095e-35 1.0000000180025095e-35 1.0000000180025095e-35 0.050065261845220997 0.13062316972946827 0.078052596811610864 19.125000000000004 0.0083997276210580982
decision_type=2 2 2 2 2 2 2 2 2 2 2 2 2 2 2 2 2 2 2 2 2 2 2 2 2 2 2 2 2 2
left_child=2 4 5 13 21 -1 8 9 10 18 -6 12 -8 14 -4 -11 -16 -9 -7 -3 -21 -2 -23 -19 -15 -26 -10 28 -5 -24
right_child=1 19 3 27 6 7 11 17 26 15 -12 -13 -14 24 16 -17 -18 23 -20 20 -22 22 29 -25 25 -27 -28 -29 -30 -31
leaf_value=-0.046657862539089046 -0.027958876641875827 -0.025685303871796177 -0.049997085656792742 -0.054797286196746779 0.00036963620571561816 -0.045495780677455147 0.011354490960467334 -0.0069073249851051418 0.021122856403068546 -0.0056324254241113406 0.018474346819438377 0.0462893362445825 0.036219914296801291 0.053321811316909454 -0.011763482571815658 -0.040951296752086294 0.016284415341724208 0.0080389697028620238 -0.023960325365185994 -0.011491555188246036 0.026012889757564332 -0.011489398619963903 -0.024143547875135431 0.041391850235400089 -0.0090828760989726913 0.024810624551650239 0.047622145196966989 0.072547715936147644 0.045950788967584054 0.026638891825649432
leaf_weight=271.44188157469034 156.47358551993966 343.67851530015469 55.030783548951149 5.6014676056802264 2391.3741270937026 205.14710913412273 760.79713498428464 363.69258569926023 334.25587041676044 759.98028468154371 658.97415096312761 252.61333981901407 307.18247727304697 31.464020408689976 535.53566545620561 79.663602063432336 131.3594096750021 256.98050070554018 690.59000797197223 232.56048896536231 50.123431831598282 388.1529824025929 20.426469698548317 58.232944309711456 85.809580471366644 109.94958006590605 89.317877918481827 93.756681337952614 33.923927586525679 75.435351312160492
leaf_count=6880 1170 2140 785 87 14874 5523 3817 2954 2116 7182 3868 2810 2835 174 3708 820 805 1885 7354 1441 345 2371 109 357 560 641 1176 521 214 478
internal_value=-0.000105822 0.00632129 -0.0104443 0.00440483 0.0089258 -0.016429 0.0116445 -0.0130303 0.0070157 -0.0192597 0.00428084 0.023821 0.0185065 -0.00346183 -0.00957443 -0.0089834 -0.00623884 0.00289301 -0.0288925 -0.0162783 -0.00484154 -0.0114258 -0.00608101 0.0142006 0.0159589 0.00995366 0.0267107 0.0604261 0.031673 0.015818
internal_weight=9829.53 6061.37 3768.16 1082.43 5435 2685.73 4794.51 2414.29 3473.92 1735.38 3050.35 1320.59 1067.98 949.149 721.926 839.644 666.895 678.906 895.737 626.362 282.684 640.488 484.015 315.213 227.223 195.759 423.574 133.282 39.5254 95.8618
internal_count=80000 39550 40450 7495 35624 32955 31496 26075 22034 20879 18742 9462 6652 6673 5298 8002 4513 5196 12877 3926 1786 4128 2958 2242 1375 1201 3292 822 301 587
is_linear=0
shrinkage=0.06


Tree=55
num_leaves=31
num_cat=0
split_feature=4 11 22 7 11 4 17 1 22 32 17 9 5 9 6 17 11 7 1 20 11 21 7 20 6 5 4 1 1 1
split_gain=166.924 122.202 92.4774 65.3249 60.143 49.785 53.3895 45.961 44.1527 30.7284 29.362 28.5909 56.9606 26.9871 24.741 24.9766 24.3774 22.939 22.6109 21.4728 21.2764 19.3102 18.9703 18.6581 16.8959 15.653 15.2752 15.1673 15.1646 15.0996
threshold=14.975000000000003 35.150000000000013 1.0000000180025095e-35 1.5000000000000002 67.550000000000011 29.635000000000002 0.25167468530620707 26.415000000000003 1.0000000180025095e-35 1.0000000180025095e-35 0.24971626387090243 1.0000000180025095e-35 1.0000000180025095e-35 1.0000000180025095e-35 659.50000000000011 0.24971626387090243 101.55000000000001 1.5000000000000002 24.055000000000003 1.0000000180025095e-35 13.750000000000002 2496.5000000000005 1.5000000000000002 1.0000000180025095e-35 624.50000000000011 1.0000000180025095e-35 11.905000000000003 18.645000000000003 24.215000000000003 29.105000000000004
decision_type=2 2 2 2 2 2 2 2 2 2 2 2 2 2 2 2 2 2 2 2 2 2 2 2 2 2 2 2 2 2
left_child=4 7 9 5 8 6 -4 10 17 14 13 18 -13 -2 -3 -16 21 20 -10 29 -1 26 -12 27 -22 -15 -6 -5 -23 -9
right_child=1 2 3 23 16 -7 -8 19 11 -11 22 12 -14 25 15 -17 -18 -19 -20 -21 24 28 -24 -25 -26 -27 -28 -29 -30 -31
leaf_value=-0.054931144655029539 -0.040615694604258956 0.049226977323143496 -0.012913733777311373 -0.034464549434963021 -0.032751992955966355 0.021541556449482607 0.0044968155273094786 -0.011778551540397614 -0.037646049353758468 -0.0027979084082301558 -0.015541287383470603 -0.02212307580857132 0.047863212177498483 -0.016259312205918499 0.014670916179149127 0.03173903809654964 0.034718831660921483 0.013783287541609471 -0.019387356831963905 0.022869368856240174 0.054162911694092819 -0.005368169543548326 0.0084656241942877627 0.031692392242206609 -0.010768211864722618 0.043516686032151163 0.0012335919326811394 0.014633970642286423 0.014819420392838085 0.010464966935648707
leaf_weight=38.896352123469114 270.48136823810637 130.89365276321769 1108.6334710810333 23.582506310194731 111.18400085158646 337.56959255039692 1481.2254027575254 280.57069170475006 557.04640241526067 167.55900196731091 497.67471694946289 190.06416085734963 53.691495042294264 69.006076883524656 736.09445884078741 531.51758091896772 71.476983554661274 157.0119841825217 434.7016550861299 153.03103047609329 14.833839800208805 293.28096023947001 155.52670174464583 270.42634991183877 526.08476743288338 20.442386973649263 83.264956161379814 573.00721040740609 246.58560974150896 180.57533131167293
leaf_count=322 4140 1477 11318 446 1305 2360 9957 1627 8910 1159 3574 1573 359 554 4735 4169 539 1049 2857 1120 116 2329 876 1779 3943 132 810 3820 1572 1073
internal_value=-0.0001017 0.00484435 0.00921606 0.00415319 -0.0125425 -0.000131182 -0.00295607 -0.00955649 -0.0181852 0.021483 -0.0174075 -0.0251179 -0.00670736 -0.0311677 0.0243921 0.0218277 0.00126917 -0.0065606 -0.0296429 0.00339433 -0.0120697 -0.00198676 -0.00982526 0.0186191 -0.00898758 -0.00259822 -0.018199 0.0126932 0.00385257 -0.00306845
internal_weight=9765.94 6987.82 5360.51 3794.44 2778.12 2927.43 2589.86 1627.31 1972.33 1566.06 1013.13 1235.5 243.756 359.93 1398.51 1267.61 805.793 736.827 991.748 614.177 579.815 734.316 653.201 867.016 540.919 89.4485 194.449 596.59 539.867 461.146
internal_count=80000 54316 41220 29680 25684 23635 21275 13096 19129 11540 9276 13699 1932 4826 10381 8904 6555 5430 11767 3820 4381 6016 4450 6045 4059 686 2115 4266 3901 2700
is_linear=0
shrinkage=0.06


Tree=56
num_leaves=31
num_cat=0
split_feature=4 1 11 5 9 32 11 11 1 7 11 1 11 4 9 1 11 7 5 22 18 1 4 1 11 1 4 32 5 9
split_gain=157.625 122.326 76.7226 74.5724 131.602 61.5547 52.5704 51.7877 50.3665 44.7956 31.6849 31.2376 27.9703 26.862 27.6317 27.1768 25.2857 25.0039 21.4958 17.4889 16.9645 16.8622 15.5313 14.2914 13.8755 13.7689 13.0529 12.9721 12.0689 14.2
threshold=24.005000000000006 23.435000000000006 25.550000000000004 1.0000000180025095e-35 1.0000000180025095e-35 1.0000000180025095e-35 75.950000000000017 52.750000000000007 29.695000000000004 1.5000000000000002 29.450000000000003 17.375000000000004 96.850000000000009 34.505000000000003 1.0000000180025095e-35 19.275000000000002 64.550000000000011 1.5000000000000002 1.0000000180025095e-35 1.0000000180025095e-35 0.022564461905683331 22.635000000000002 8.2150000000000016 15.725000000000003 101.55000000000001 28.195000000000004 12.205000000000002 1.0000000180025095e-35 1.0000000180025095e-35 1.0000000180025095e-35
decision_type=2 2 2 2 2 2 2 2 2 2 2 2 2 2 2 2 2 2 2 2 2 2 2 2 2 2 2 2 2 2
left_child=1 3 22 7 16 8 10 17 9 -4 -2 -9 -13 14 15 -12 19 21 -16 -5 -6 -1 -3 -22 27 26 -7 -8 -24 -30
right_child=6 2 5 4 20 25 24 11 -10 -11 13 12 -14 -15 18 -17 -18 -19 -20 -21 23 -23 28 -25 -26 -27 -28 -29 29 -31
leaf_value=-0.046008977961306367 -0.0054194031522554389 -0.054784103752912712 0.0011075023571863916 0.0077784843759458201 0.0084938853072374799 -0.047976137239039832 0.032806068755661666 -0.053948292191102087 0.030148786013170739 0.018436875463947369 -0.040934227208955155 -0.013128203498395706 0.023124659107700299 0.039729289295228433 0.021174609212565833 0.0088966687726935202 0.0058598827748497541 -0.016850034062255416 0.068590566662212041 -0.023989351675961244 -0.05326686378441306 -0.022333308635454033 -0.020268769893078409 0.069253545286942636 0.062863695271234171 0.0026694590421384025 -0.01753631518210742 -0.0035606691832133536 -0.0067982049761831061 0.055362978794503963
leaf_weight=413.24371849000454 432.01071068458259 39.648134453222156 2522.8108341395855 75.125212948769331 22.950911536812782 63.878616161644459 309.79192759096622 62.175584230571985 309.32318931818008 682.20967891439795 40.639214266091585 926.50275890529156 83.521940279752016 123.52960026264191 183.08811252191663 1292.8495786879212 231.65623629838228 245.82876140810549 42.388584338128567 367.91443547606468 3.542784269899129 146.75507792644203 453.90061676874757 105.20010566711426 48.640330396592617 91.584143038839102 246.06842258572578 39.853094730526209 95.429411944001913 15.359112400561569
leaf_count=8999 3231 264 16153 491 171 418 2286 1672 2675 4167 718 10271 711 892 1313 9268 1578 2642 314 2985 38 1655 3080 635 348 599 1508 263 565 90
internal_value=-9.79091e-05 -0.00461087 0.00141403 -0.014756 0.000505363 0.00448489 0.0128416 -0.021309 0.00702764 0.00479617 0.00907508 -0.0126713 -0.0101303 0.0127968 0.0106627 0.00737803 -0.0102034 -0.0328019 0.0300886 -0.0186026 0.0553687 -0.0398045 -0.0184839 0.0652619 0.0328379 -0.0177702 -0.0238098 0.0286609 -0.0159352 0.00181948
internal_weight=9717.42 7204.63 4520.21 2684.42 806.39 3915.87 2512.79 1878.03 3514.34 3205.02 2114.51 1072.2 1010.02 1682.5 1558.97 1333.49 674.696 805.828 225.477 443.04 131.694 559.999 604.337 108.743 398.285 401.531 309.947 349.645 564.689 110.789
internal_count=80000 61367 29519 31848 5898 25520 18633 25950 22995 20320 15736 12654 10982 12505 11613 9986 5054 13296 1627 3476 844 10654 3999 673 2897 2525 1926 2549 3735 655
is_linear=0
shrinkage=0.06


Tree=57
num_leaves=31
num_cat=0
split_feature=1 17 17 20 11 11 1 20 20 1 32 1 1 11 11 4 20 7 1 11 4 1 1 1 32 11 32 11 7 7
split_gain=145.519 110.454 78.5406 72.015 64.5146 53.1806 48.6826 46.6767 42.2101 39.7485 38.5738 38.45 37.7027 38.2397 37.2641 32.1583 29.1637 29.0748 28.4442 25.2195 24.5232 23.6949 23.4047 22.5945 22.2043 20.2706 18.9588 18.5543 16.9496 15.9039
threshold=25.325000000000003 0.24971626387090243 0.25167468530620707 1.0000000180025095e-35 39.45000000000001 29.050000000000004 28.805000000000003 1.0000000180025095e-35 1.0000000180025095e-35 18.645000000000003 1.0000000180025095e-35 22.835000000000004 19.125000000000004 51.850000000000001 67.850000000000009 28.275000000000002 1.0000000180025095e-35 1.5000000000000002 30.755000000000006 95.350000000000009 19.365000000000006 16.925000000000004 29.515000000000004 20.385000000000002 1.0000000180025095e-35 19.650000000000002 1.0000000180025095e-35 73.250000000000014 1.5000000000000002 1.5000000000000002
decision_type=2 2 2 2 2 2 2 2 2 2 2 2 2 2 2 2 2 2 2 2 2 2 2 2 2 2 2 2 2 2
left_child=1 3 5 11 23 -2 14 9 15 -6 -11 28 -5 -14 16 18 20 21 -7 29 -4 -9 27 -3 -15 -25 -27 -10 -1 -13
right_child=2 4 6 12 7 8 -8 17 22 10 -12 19 13 24 -16 -17 -18 -19 -20 -21 -22 -23 -24 25 -26 26 -28 -29 -30 -31
leaf_value=-0.05327513588825606 -0.017518571895778628 -0.034260869673780135 -0.0062826239390128607 -0.048221473818493281 -0.040769914320718192 -0.006056740704161491 0.041412741272446402 -0.042313467772111757 0.0092600514965006948 0.0038022775730546629 -0.028021509435154059 -0.031504928948148825 -0.016994179552264007 0.011253235190823389 0.035114500043013398 0.020830335622650221 0.030542816940321318 0.038317460072485314 0.023470115243510135 0.023191056410246186 0.014403977642039 0.012659038292107877 0.04945402537869284 -0.024581823438214186 -0.03131304806062557 0.00052692606407700883 -0.034827535969066091 0.038426198965926812 -0.02527310714194439 -0.0098628355258561264
leaf_weight=259.02670935727656 418.7084980532527 158.96922989189625 408.60453079640865 73.349816801026464 86.789162538945675 1171.9304160550237 288.26823376119137 29.360676191747189 420.23683811724186 1498.2191376425326 150.93029625341296 339.92866667732596 422.16966957971454 473.65871609933674 243.92902309447527 239.36318143084645 184.60056501254439 165.0581798106432 130.53467293456197 44.727901577949524 416.67968194931746 731.0765382796526 80.69603355973959 227.21811439841986 48.648325195536017 499.47061595320702 61.306347355246544 96.564911685883999 111.23674657195807 190.87782447785139
leaf_count=9945 2532 2419 2130 1658 1981 6473 3939 308 2160 8940 1003 5375 3301 2956 2242 1257 2004 1058 851 277 2490 3999 824 1514 319 3112 393 621 2507 1412
internal_value=-9.5388e-05 -0.00640848 0.00848405 -0.01786 -0.000176776 0.00203641 0.0191795 0.00460877 0.00586371 -0.00119304 0.000889762 -0.0297799 -0.00678367 -0.00356553 0.0140678 0.00061719 0.00898415 0.0154911 -0.00309752 -0.0200765 0.00416188 0.0105365 0.0194022 -0.0136265 0.00728856 -0.00946377 -0.00333816 0.0147098 -0.0448626 -0.0237224
internal_weight=9672.14 5572.02 4100.12 1963.62 3608.4 2558.03 1542.08 2661.43 2139.33 1735.94 1649.15 945.798 1017.83 944.477 1253.81 1541.83 1009.88 925.495 1302.47 575.534 825.284 760.437 597.498 946.964 522.307 787.995 560.777 516.802 370.263 530.806
internal_count=80000 52477 27523 27750 24727 14718 12805 17289 12186 11924 9943 19516 8234 6576 8866 8581 6624 5365 7324 7064 4620 4307 3605 7438 3275 5019 3505 2781 12452 6787
is_linear=0
shrinkage=0.06


Tree=58
num_leaves=31
num_cat=0
split_feature=4 11 32 22 5 9 17 7 22 6 16 1 11 11 1 7 9 5 5 11 17 7 9 17 17 1 1 16 1 7
split_gain=141.698 116.354 102.871 93.0786 64.1381 133.478 58.4841 43.6386 35.9536 31.599 25.4274 22.0562 22.5924 21.1064 19.9459 19.2878 19.2063 25.8184 18.7502 19.8974 17.3799 17.3534 15.2086 15.474 15.0448 13.3833 13.097 12.8819 12.1435 11.3374
threshold=12.735000000000001 79.950000000000017 1.0000000180025095e-35 1.0000000180025095e-35 1.0000000180025095e-35 1.0000000180025095e-35 0.25167468530620707 1.5000000000000002 1.0000000180025095e-35 639.50000000000011 0.11242932645206684 26.515000000000004 114.95000000000002 73.850000000000009 23.695000000000004 1.5000000000000002 1.0000000180025095e-35 1.0000000180025095e-35 1.0000000180025095e-35 102.65000000000002 0.25167468530620707 1.5000000000000002 1.0000000180025095e-35 0.24971626387090243 0.24971626387090243 21.255000000000006 27.005000000000006 0.065130773418702173 25.945000000000004 1.5000000000000002
decision_type=2 2 2 2 2 2 2 2 2 2 2 2 2 2 2 2 2 2 2 2 2 2 2 2 2 2 2 2 2 2
left_child=8 2 3 7 6 -6 -5 9 18 -2 28 12 15 16 -4 20 25 -18 19 21 -3 -1 23 -20 -16 -12 -15 -9 29 -10
right_child=1 11 14 4 5 -7 -8 27 10 -11 13 -13 -14 26 24 -17 17 -19 22 -21 -22 -23 -24 -25 -26 -27 -28 -29 -30 -31
leaf_value=-0.017068095263907006 0.049972119124928667 -0.0020801919816292591 -0.036696937834377052 -0.015749570080431468 0.0022171644402689469 0.064205939989622429 0.00071999495163365985 0.020073303714262272 -0.047583929591446354 0.0077104785414062833 -0.043022160587222621 0.037958277926048278 0.069945413868787595 0.00013430061851431573 -0.025038664695541502 0.033356279880930331 -0.012592006887071948 0.058912167455269997 -0.011909788689497994 0.070482289435616491 0.019086117599872051 0.0090843960590569709 0.059372599791625978 0.030864419130491982 -0.0033603012492374428 -0.019705968956068669 0.075504639386408154 0.042382751679332822 -0.016176149966029396 -0.022643177873563809
leaf_weight=402.31442344374955 66.628283988684416 242.2967019919306 214.91477320529521 1313.7678376380354 834.44469263032079 147.09382080286741 1896.9922757968307 168.71060240082443 207.6499832123518 1445.1605057362467 119.45867320336401 247.71532690152526 28.328341882675886 152.54117757640779 238.60898618027568 165.90074084699154 89.456333495676517 22.815404616296291 71.052996832877398 10.981212243437765 329.67508489266038 118.16849804669619 23.163497060537338 53.276124034076929 222.92016491293907 343.33817778341472 8.7774794138967973 208.11472728475928 106.75442448630929 95.925173401832581
leaf_count=3193 658 2246 2529 15261 5727 946 13366 1046 4883 10386 2044 2085 193 1050 1531 1080 571 132 431 74 1979 801 149 394 1412 2170 79 1708 616 1260
internal_value=-9.2258e-05 0.00344146 0.000597599 0.00306672 -0.00191567 0.0115068 -0.00601897 0.0141265 -0.0151341 0.00957305 -0.021613 0.0223947 0.0173629 -0.0149436 -0.0215986 0.0153441 -0.0203237 0.00193878 -0.00419155 -0.00944423 0.0101197 -0.0111305 0.0147356 0.00641934 -0.0145679 -0.0257244 0.00423526 0.0323945 -0.0335821 -0.039703
internal_weight=9596.95 7771.27 6757.36 6080.91 4192.3 981.539 3210.76 1888.61 1825.67 1511.79 1146.72 1013.92 766.201 736.387 676.444 737.873 575.069 112.272 678.957 531.464 571.972 520.483 147.493 124.329 461.529 462.797 161.319 376.825 410.33 303.575
internal_count=80000 62153 54570 49098 35300 6673 28627 13798 17847 11044 12805 7583 5498 6046 5472 5305 4917 703 5042 4068 4225 3994 974 825 2943 4214 1129 2754 6759 6143
is_linear=0
shrinkage=0.06


Tree=59
num_leaves=31
num_cat=0
split_feature=4 22 32 1 7 18 17 7 32 4 1 6 18 7 5 17 17 1 1 10 5 1 22 4 18 5 4 17 1 7
split_gain=134.949 103.406 72.1969 69.7908 66.8166 53.1536 39.5432 37.1975 31.6009 34.4761 29.858 25.6946 23.3465 23.0638 22.3324 20.5108 18.0503 17.99 17.9188 15.3158 13.342 12.3359 12.102 9.99397 9.84426 9.79992 9.52542 9.76744 9.20195 8.88955
threshold=24.005000000000006 1.0000000180025095e-35 1.0000000180025095e-35 17.855000000000004 1.5000000000000002 0.022564461905683331 0.24971626387090243 1.5000000000000002 1.0000000180025095e-35 30.055000000000003 27.055000000000003 629.50000000000011 0.031055521727563221 1.5000000000000002 1.0000000180025095e-35 0.25167468530620707 0.33783270186867204 26.855000000000004 23.115000000000006 3950.0000000000005 1.0000000180025095e-35 22.275000000000002 1.0000000180025095e-35 35.945000000000007 0.041611061178332638 1.0000000180025095e-35 7.6350000000000007 0.25167468530620707 28.585000000000004 1.5000000000000002
decision_type=2 2 2 2 2 2 2 2 2 2 2 2 2 2 2 2 2 2 2 2 2 2 2 2 2 2 2 2 2 2
left_child=1 6 3 -3 5 -5 11 8 9 15 16 -1 25 -14 -6 18 20 -17 -2 -18 -8 -4 -9 28 -24 -13 -23 -28 -11 -12
right_child=7 2 21 4 14 -7 10 22 -10 23 29 12 13 -15 -16 17 19 -19 -20 -21 -22 26 24 -25 -26 -27 27 -29 -30 -31
leaf_value=0.042351309310982063 -0.026561720175875419 -0.043698663574240425 -0.048103559133862828 -0.030121993558907167 0.0033320016395056236 -0.0067509845322782465 0.015515286126053487 0.042026038532168228 -0.014449227191413005 0.016242264179318136 0.02776625928280288 -0.024186596529452188 -0.0034352781344502903 0.018895819690505012 0.025106602507055677 0.0086132723859526916 -0.001687829705651935 0.03553365762206219 0.002097581242436817 0.025030623963785976 0.050670169472383043 -0.070375463958693471 -0.0019516023141926448 0.04384436668448604 0.024793702100948237 0.00050326928641461705 -0.035944591619631032 -0.014179074614249762 0.03964424159043739 0.059242094232344653
leaf_weight=46.897761642932892 91.457421578466892 179.11998982168734 128.23531875945628 402.92899235337973 783.95579496584833 2683.7894431687891 232.7626840248704 129.38420294225216 200.1646910700947 329.9075489230454 210.3964584544301 216.69722991809249 716.36556770466268 216.9152241460979 216.36443438008428 510.59292362816632 468.30671297386289 108.32494716718793 555.97112876921892 92.48967457935214 46.654189862310886 16.557885972782969 57.959385557100177 79.185095386579633 341.22107054106891 78.963828571140766 131.25769688002765 170.82045032456517 74.070025358349085 38.16061244904995
leaf_count=337 1757 4603 2146 4807 5706 23262 1338 1055 1502 2298 2328 2030 5092 1322 1353 3170 2856 1341 3489 609 289 133 392 575 2361 467 1129 960 693 600
internal_value=-8.83101e-05 -0.00430749 -0.00944449 -0.00704105 -0.00543448 -0.00980175 0.00593133 0.0119613 0.00813391 0.0107177 0.0143305 -0.00123634 -0.00289969 0.00175497 0.00804174 0.00551507 0.00892631 0.013325 -0.00195091 0.00271873 0.0213851 -0.0323895 0.0260792 0.0243535 0.0209104 -0.0175925 -0.0260653 -0.0236365 0.0205331 0.0325987
internal_weight=9555.88 7077.64 4713.03 4266.16 4087.04 3086.72 2364.61 2478.24 1949.67 1749.51 1088.77 1275.84 1228.94 933.281 1000.32 1266.35 840.213 618.918 647.429 560.796 279.417 446.871 528.565 483.163 399.18 295.661 318.636 302.078 403.978 248.557
internal_count=80000 61367 44099 39731 35128 28069 17268 18633 14825 13323 8020 9248 8911 6414 7059 9757 5092 4511 5246 3465 1627 4368 3808 3566 2753 2497 2222 2089 2991 2928
is_linear=0
shrinkage=0.06


Tree=60
num_leaves=31
num_cat=0
split_feature=11 1 1 11 32 17 4 1 17 17 9 11 5 17 1 1 5 9 9 1 11 4 15 1 1 4 4 4 18 1
split_gain=131.879 98.7472 77.6805 60.6118 58.4832 52.9924 48.2676 42.7691 42.6611 40.6435 36.9975 34.6404 32.0549 31.6028 31.126 29.9873 22.4982 33.9781 21.0132 17.0179 15.6751 14.9915 13.6031 12.8259 12.6193 12.5343 11.694 11.3974 11.3352 10.1835
threshold=52.750000000000007 22.035000000000004 27.155000000000005 93.950000000000017 1.0000000180025095e-35 0.25167468530620707 24.185000000000006 27.765000000000004 0.24971626387090243 0.24971626387090243 1.0000000180025095e-35 13.750000000000002 1.0000000180025095e-35 0.24971626387090243 27.825000000000003 19.835000000000004 1.0000000180025095e-35 1.0000000180025095e-35 1.0000000180025095e-35 30.755000000000006 77.15000000000002 15.315000000000003 16.150000000000002 18.815000000000001 18.555000000000003 22.545000000000005 15.145000000000001 28.275000000000002 0.12896146982311454 18.645000000000003
decision_type=2 2 2 2 2 2 2 2 2 2 2 2 2 2 2 2 2 2 2 2 2 2 2 2 2 2 2 2 2 2
left_child=1 13 3 6 5 7 8 10 15 18 -3 25 -10 -1 -13 -2 21 28 19 20 -4 -15 -9 -5 -8 -7 -6 -26 -18 -23
right_child=2 4 9 23 26 11 24 22 12 -11 -12 14 -14 16 -16 -17 17 -19 -20 -21 -22 29 -24 -25 27 -27 -28 -29 -30 -31
leaf_value=-0.044352755017660929 -0.047359107051795905 -0.021141922324996055 0.00084305671256097844 -0.016653383127592361 -0.042843721982449762 -0.028240137794175432 -0.027576909914552705 0.012991324797120783 -0.0012668620503498318 0.042835605652073658 0.0049022811910141512 0.0062018984788839351 0.019585831542625446 -0.0432074328583745 0.031155034832460689 -0.0095432679828211641 -0.015595313716124649 0.052341849580275705 0.047069783704016863 0.035976556328007038 0.023654336214162863 -0.047351892268343361 -0.0052764920156019701 0.029000989616844167 0.0089170251879155532 0.0049223927539963326 -0.019138738485980779 0.023676528244263726 0.096371603204158648 -0.013584800173273907
leaf_weight=240.00175766460598 81.693526141345501 860.16679339669645 381.76073635742068 23.650164056569338 102.45391716808081 128.84181989729404 25.92194040119648 325.34245492145419 1311.5728897061199 254.23049422167242 254.44443347677588 1356.3210129141808 332.70154255256057 134.00219610519707 207.48977039009333 994.21494651958346 164.12247589603066 34.090418286621571 65.48862961679697 86.760517876595259 151.47467468306422 37.613587895408273 267.32288061082363 349.87534798122942 458.66726467013359 60.202433429658413 278.75356169231236 319.58645838312805 3.3208709359168997 221.44878513924778
leaf_count=7451 2824 8390 1932 390 805 782 376 1741 8770 3644 1397 7632 2125 2364 2389 9192 1033 170 554 797 844 810 1456 2293 3181 380 1918 2103 16 2241
internal_value=-8.41589e-05 -0.00726953 0.00686109 0.00312794 -0.00320531 -0.000747999 0.000692172 -0.00827172 -0.00312565 0.022346 -0.0151965 0.00658009 0.00295246 -0.0259755 0.00951273 -0.0124146 -0.0185578 -0.00225842 0.0147469 0.0113327 0.00732299 -0.0269149 0.00475159 0.0261103 0.0136062 -0.0176793 -0.0255097 0.014978 -0.0133747 -0.0184875
internal_weight=9513.54 4675.94 4837.6 3897.88 3841.34 3460.13 3524.36 1707.28 2720.18 939.715 1114.61 1752.86 1644.27 834.6 1563.81 1075.91 594.598 201.534 685.485 619.996 533.235 393.065 592.665 373.526 804.176 189.044 381.207 778.254 167.443 259.062
internal_count=80000 40975 39025 31254 26890 24167 28571 12984 22911 7771 9787 11183 10895 14085 10021 12016 6634 1219 4127 3573 2776 5415 3197 2683 5660 1162 2723 5284 1049 3051
is_linear=0
shrinkage=0.06


Tree=61
num_leaves=31
num_cat=0
split_feature=7 1 11 32 4 9 20 1 20 4 1 17 1 4 5 9 17 1 11 1 1 1 11 17 21 16 11 32 11 11
split_gain=125.557 118.409 88.1016 75.7756 73.3869 57.3165 46.4763 45.5307 42.655 29.4461 21.7966 19.3593 17.5904 17.1817 18.0716 24.2694 16.9511 16.5189 16.4707 16.6583 16.2591 15.4248 14.4255 14.0382 13.8802 13.7854 13.3477 12.8957 12.7306 12.4731
threshold=1.5000000000000002 20.705000000000002 24.650000000000002 1.0000000180025095e-35 26.275000000000002 1.0000000180025095e-35 1.0000000180025095e-35 28.065000000000001 1.0000000180025095e-35 20.585000000000004 16.925000000000004 0.25362077466676297 25.705000000000002 8.4150000000000009 1.0000000180025095e-35 1.0000000180025095e-35 0.24971626387090243 24.095000000000002 56.550000000000004 25.105000000000004 29.025000000000002 28.735000000000003 76.550000000000011 0.25362077466676297 4766.7500000000009 0.093822732998968497 55.95000000000001 1.0000000180025095e-35 90.15000000000002 79.550000000000011
decision_type=2 2 2 2 2 2 2 2 2 2 2 2 2 2 2 2 2 2 2 2 2 2 2 2 2 2 2 2 2 2
left_child=1 6 13 4 5 -4 26 8 9 11 -8 27 -13 -3 17 -16 29 -15 19 -10 28 -6 23 -11 -18 -22 -1 -2 -5 -12
right_child=7 2 3 20 21 -7 10 -9 18 22 16 12 -14 14 15 -17 24 -19 -20 -21 25 -23 -24 -25 -26 -27 -28 -29 -30 -31
leaf_value=-0.055442907103936685 -0.011738932425667675 -0.057374234123879826 -0.002732918732071714 -0.02632594999978061 0.015444471127463485 0.016251482266578125 -0.049795797000339627 0.037983380323989575 0.007785876122918904 -0.00093826551433708906 -0.043412093143818255 -0.00097470545284476231 0.033105365732937465 -0.042627591406163165 -0.010669021325539608 0.052364341912962485 0.0082759109043651548 -0.01778743669380712 0.034333244396041886 0.03764684071886374 -0.013162632363852593 0.036046318519153991 0.036365635141401238 0.020438192030557471 -0.019207724357152945 0.038287307947695956 -0.03163293449739138 -0.053994868804740213 0.0071556750139404723 0.016525037974133225
leaf_weight=157.87215376179665 284.75740709900856 42.526476828381419 3581.6797487009317 453.51294558867812 763.68212795443833 681.44239434972405 50.829438814893365 228.08917216025293 296.38271996751428 219.56695852428675 66.239506926387548 388.15569681860507 63.432787198573351 123.52619503811002 137.67882749065757 26.169486504048109 192.11452218145132 438.51553045213223 250.9901907555759 86.996191553771496 51.074219167232513 157.87707162089646 88.499431375414133 222.84454008564353 100.89530469849706 29.620700519531965 183.02237911149859 28.61250364407897 44.933092787861824 15.406472388654946
leaf_count=5805 2971 407 27356 3445 5070 4446 896 2239 1815 1661 1637 2399 474 1845 880 154 1199 2943 1723 618 264 1531 570 1353 601 325 4508 350 264 251
internal_value=-8.10541e-05 -0.00384059 -0.00122292 0.0013213 0.00362058 0.000301659 -0.0261523 0.0126322 0.00963656 0.00339603 -0.0129268 -0.00413885 0.00381238 -0.0203069 -0.0181353 -0.000601473 -0.00792474 -0.0232468 0.0223845 0.0145619 -0.0192627 0.0189739 0.0142526 0.00982915 -0.00118783 0.00572311 -0.0426596 -0.0155971 -0.0233077 -0.032102
internal_weight=9456.95 7298.62 6532.24 5763.82 5184.68 4263.12 766.38 2158.33 1930.24 1295.87 425.485 764.958 451.588 768.417 725.89 163.848 374.656 562.042 634.369 383.379 579.141 921.559 530.911 442.411 293.01 80.6949 340.895 313.37 498.446 81.646
internal_count=80000 63827 48930 42701 38403 31802 14897 16173 13934 9778 4584 6194 2873 6229 5822 1034 3688 4788 4156 2433 4298 6601 3584 3014 1800 589 10313 3321 3709 1888
is_linear=0
shrinkage=0.06


Tree=62
num_leaves=31
num_cat=0
split_feature=11 1 1 11 17 20 1 17 1 20 1 11 20 20 32 17 17 1 1 1 1 10 17 11 17 16 11 1 11 32
split_gain=113.706 85.2706 68.0049 53.3065 51.1801 43.0664 41.0383 38.6393 38.1459 42.1195 34.3208 33.8432 33.1357 33.0443 27.0563 25.5745 22.0838 26.3332 25.7095 16.5152 15.8202 15.6055 14.8722 14.8582 14.4141 15.7644 13.4402 12.7765 12.3272 10.6465
threshold=52.750000000000007 22.035000000000004 27.155000000000005 91.350000000000009 0.24971626387090243 1.0000000180025095e-35 20.215000000000003 0.24971626387090243 27.375000000000004 1.0000000180025095e-35 29.265000000000004 13.750000000000002 1.0000000180025095e-35 1.0000000180025095e-35 1.0000000180025095e-35 0.21367315912585064 0.25167468530620707 23.735000000000003 19.125000000000004 30.755000000000006 17.375000000000004 1150.0000000000002 0.25362077466676297 38.850000000000001 0.24971626387090243 0.11076421030909099 77.15000000000002 30.985000000000003 114.95000000000002 1.0000000180025095e-35
decision_type=2 2 2 2 2 2 2 2 2 2 2 2 2 2 2 2 2 2 2 2 2 2 2 2 2 2 2 2 2 2
left_child=1 12 3 5 8 6 -2 13 9 23 11 -6 22 19 -13 -8 18 -18 -7 26 -14 -11 -1 -3 -22 -26 -4 29 -5 -10
right_child=2 4 7 28 10 16 15 -9 27 21 -12 14 20 -15 -16 -17 17 -19 -20 -21 24 -23 -24 -25 25 -27 -28 -29 -30 -31
leaf_value=-0.055746592737483884 -0.03190982157140948 -0.039013085648478676 -0.0035562072652701284 0.019031929476928732 -0.022505880985778166 -0.052301014018971505 -0.012526902758410462 0.041539892180669176 -0.00092024095969124261 -0.030837418516672231 0.033856961810666442 0.0070033390550820378 -0.048047813053461404 0.040076090914353817 -0.017878990342489572 0.0022618476084473745 0.01041880728824973 0.039711495369876643 0.0040195013475052815 0.03340975110973092 -0.028213784447003933 -0.0018963535885766166 -0.02972614514645229 -0.018992333017157161 0.064825466269399751 -0.005111634701175218 0.01904210098101455 0.016999402222456019 0.054133450237394805 -0.028331628492518367
leaf_weight=111.91855235304683 184.06948727648705 278.04814437404275 334.38347999751568 423.50316676869988 188.16895532235503 30.664888136088848 608.09923412464559 243.69400909356773 555.39050431922078 77.823099430650473 126.96569062769413 1475.4430579058826 41.818040737882257 136.29858150333166 176.09891461580992 1367.9515388887376 475.19575220346451 143.94826074317098 601.96956316940486 73.704152300953865 104.30946237780154 485.58746562898159 269.47479830309749 256.59881826117635 12.129901621490715 267.03548382595181 132.20415718108416 134.30534357205033 39.365443689748645 56.167924508452415
leaf_count=5308 4733 4144 1583 3047 1098 704 6681 3644 2916 507 1649 8802 743 1220 1003 8117 2596 1463 3626 643 1805 2581 4606 3075 65 1558 681 813 287 302
internal_value=-7.86021e-05 -0.00679903 0.00639268 0.0029104 -0.00304745 0.000318315 -0.00481322 0.0210545 -0.0102287 -0.0173412 0.00368557 0.00160332 -0.0245206 0.013676 0.00435021 -0.00228916 0.0091735 0.0172292 0.00128955 0.00701611 -0.0130049 -0.00589394 -0.0373618 -0.0294043 -0.00918346 -0.00207283 0.00284686 0.000242254 0.0220172 -0.00343781
internal_weight=9412.34 4617.28 4795.05 3874.77 3810.6 3411.9 2160.12 920.284 1843.92 1098.06 1966.68 1839.71 806.686 676.59 1651.54 1976.05 1251.78 619.144 632.634 540.292 425.293 563.411 381.393 534.647 383.475 279.165 466.588 745.864 462.869 611.558
internal_count=80000 40975 39025 31254 26890 27920 19531 7771 14338 10307 12552 10903 14085 4127 9805 14798 8389 4059 4330 2907 4171 3088 9914 7219 3428 1623 2264 4031 3334 3218
is_linear=0
shrinkage=0.06


Tree=63
num_leaves=31
num_cat=0
split_feature=7 1 11 4 5 9 23 17 1 11 11 11 5 9 17 17 1 11 5 1 28 9 11 11 21 6 4 3 4 4
split_gain=116.931 101.641 74.0726 69.5654 61.6966 103.106 48.5412 41.2279 40.9994 34.0726 29.6175 24.208 24.1242 35.6499 25.0076 23.9733 19.0677 17.2803 14.239 14.1756 13.5465 12.9431 14.3847 13.8547 12.1408 12.1087 11.0733 10.6927 10.3276 9.56776
threshold=1.5000000000000002 21.205000000000002 82.250000000000014 12.115 1.0000000180025095e-35 1.0000000180025095e-35 1.0000000180025095e-35 0.24971626387090243 25.845000000000002 101.55000000000001 29.050000000000004 44.550000000000004 1.0000000180025095e-35 1.0000000180025095e-35 0.24971626387090243 0.27173482304541224 16.925000000000004 13.750000000000002 1.0000000180025095e-35 25.145000000000003 1.0000000180025095e-35 1.0000000180025095e-35 83.450000000000017 87.050000000000011 1344.2500000000005 624.50000000000011 26.855000000000004 65450.000000000007 21.795000000000005 8.9750000000000032
decision_type=2 2 2 2 2 2 2 2 2 2 2 2 2 2 2 2 2 2 2 2 2 2 2 2 2 2 2 2 2 2
left_child=1 7 3 17 6 -6 -5 21 9 10 29 28 14 -14 -12 20 -13 -3 -18 27 -10 -1 26 -24 -21 -19 -23 -4 -9 -2
right_child=8 2 19 4 5 -7 -8 11 15 -11 12 16 13 -15 -16 -17 18 25 -20 24 -22 22 23 -25 -26 -27 -28 -29 -30 -31
leaf_value=-0.051686991861972613 -0.053599476631036078 -0.055223325450991602 0.017001315707673111 -0.0091727015742774816 0.0050595424429565067 0.061199542491784956 0.0049742572068395309 -0.0416424857998293 0.034941579335806681 0.066269543669749756 -0.0068047291058174813 -0.045429110261173536 0.016266531456621602 0.078168921814966111 0.012751676553387905 0.046119732192533625 -0.012060614188861764 0.011355096558743687 0.009909642222236904 -0.025373667002580078 0.01195944046550681 -0.042242891102560548 0.18456888425814061 0.0086382795163123371 0.02895288308872199 -0.019208339115646147 0.045706105697645751 -0.0036034569399166477 -0.01191151338390828 -0.010202258976407953
leaf_weight=179.32171123940498 19.99833063967526 45.684915469028056 247.48247131705284 2378.4688969720155 834.57464141771197 137.12216121517122 1379.6047564279288 138.2559019587934 129.64492592401803 34.19196031242609 393.52880017645657 44.507612904533744 241.23998799920082 38.891948539763689 585.79510458186269 152.16501515731215 301.51107305847108 49.844943590462208 163.93945844471455 15.546538442373274 320.80409442260861 42.385621367022395 2.1515558492392284 6.4193724971264601 312.15098795667291 731.56983329169452 5.8670717589557162 143.09139896929264 60.453255943953991 213.96665409393609
leaf_count=7837 219 419 1430 18457 5569 921 9782 2459 1046 228 4014 889 1526 233 3521 2015 3460 318 843 74 1657 1094 33 95 2326 5996 85 1033 707 1714
internal_value=-7.61354e-05 -0.00372075 -0.000958403 -0.00330208 -0.000494759 0.0129818 -0.00397929 -0.0220674 0.0122765 0.00704847 0.0056926 -0.0148323 0.00933442 0.0248607 0.00489318 0.0255295 -0.00791 -0.0193557 -0.00432232 0.0171733 0.018574 -0.0437797 -0.0188261 0.0528021 0.0263755 -0.0172588 -0.0315491 0.00945251 -0.0325974 -0.0139117
internal_weight=9350.18 7219.95 6275.14 5556.87 4729.77 971.697 3758.07 944.813 2130.23 1527.61 1493.42 708.667 1259.46 280.132 979.324 602.614 509.958 827.1 465.451 718.271 450.449 236.145 56.8236 8.57093 327.698 781.415 48.2527 390.574 198.709 233.965
internal_count=80000 63827 46325 41462 34729 6490 28239 17502 16173 11455 11227 8358 9294 1759 7535 4718 5192 6733 4303 4863 2703 9144 1307 128 2400 6314 1179 2463 3166 1933
is_linear=0
shrinkage=0.06


Tree=64
num_leaves=31
num_cat=0
split_feature=4 22 7 20 16 1 20 10 1 32 1 16 7 20 1 16 32 5 14 18 4 32 21 1 3 16 7 32 4 4
split_gain=110.044 62.6791 59.5949 46.9242 44.9845 42.1821 30.2073 28.6971 26.9846 25.7675 25.4342 25.3554 22.692 21.7882 21.4665 20.0851 18.2929 18.1712 22.1793 17.8012 17.5864 17.3869 16.3087 16.2911 15.4324 14.6306 13.7531 13.3955 13.2053 12.8151
threshold=19.055000000000003 1.0000000180025095e-35 1.5000000000000002 1.0000000180025095e-35 0.11697265296937974 24.735000000000003 1.0000000180025095e-35 550.00000000000011 26.515000000000004 1.0000000180025095e-35 21.985000000000003 0.11242932645206684 1.5000000000000002 1.0000000180025095e-35 27.605000000000004 0.084230358799888758 1.0000000180025095e-35 1.0000000180025095e-35 1.0000000180025095e-35 0.20073211508009256 29.635000000000002 1.0000000180025095e-35 3037.3500000000004 23.155000000000005 46450.000000000007 0.11788465142004269 1.5000000000000002 1.0000000180025095e-35 12.115 14.975000000000003
decision_type=2 2 2 2 2 2 2 2 2 2 2 2 2 2 2 2 2 2 2 2 2 2 2 2 2 2 2 2 2 2
left_child=1 6 3 5 10 11 15 -6 21 19 -3 -2 16 -14 27 -1 -9 26 -19 -7 -13 24 -8 -17 -5 -10 -12 -4 -25 -24
right_child=2 4 14 8 7 9 22 12 25 -11 17 20 13 -15 -16 23 -18 18 -20 -21 -22 -23 29 28 -26 -27 -28 -29 -30 -31
leaf_value=-0.011827449809363649 -0.028479497751751303 -0.037861271001846115 0.018060648361103517 0.02134568190617921 -0.027518852320301906 0.0049035033840293856 0.0033197245190930333 -0.0050710401885280029 0.020842414329876272 -0.018621510492430701 -0.027979931476806968 -0.0099011932101982052 -0.00017122535153373095 0.030874520620306267 0.040119391822380716 -0.015072115641236035 -0.029752619843263509 -0.010441996302692619 0.039083866529117606 0.032478320682681631 0.018312552758837149 -0.015981708571026949 0.015250457544051715 -0.0036486534012629863 0.00446237966960611 0.052601280578801167 -0.0080551514706679317 -0.0065740691806263274 0.017084264861827497 0.04243088485268124
leaf_weight=487.31067637167871 248.55096408165991 259.45983412768692 779.61166976578534 297.58572901971638 201.18735966645181 1314.0251773893833 232.5857440084219 1129.0296126138419 213.65678860247135 161.69219488278031 425.62880637310445 588.32217144221067 269.22543305717409 116.63721539825201 150.1602713894099 121.219153765589 119.55016912519932 220.168930567801 38.200738403946161 90.056304052472115 91.968096856027842 101.36215102672577 174.80714865960181 173.66647538915277 564.86264999583364 69.111118655651808 176.40157144516706 88.481893666088581 304.51167945191264 97.153229735791683
leaf_count=4306 5845 8583 5362 1843 1916 8518 1444 8675 1623 996 5117 4403 1709 772 1648 999 976 1235 193 615 552 619 1269 1053 3767 1261 1257 596 2033 815
internal_value=-7.33742e-05 -0.00674875 0.00630367 0.00280099 -0.0119179 -0.00194911 0.00285206 -0.00613616 0.0123067 0.00406013 -0.021395 -0.0120791 -0.00350411 0.00921317 0.019173 -0.00278084 -0.00743427 -0.0164295 -0.00311945 0.00667212 -0.00608699 0.00752519 0.0149844 0.00457406 0.0102879 0.0286046 -0.0221418 0.0155497 0.00955441 0.0249602
internal_weight=9306.19 4546.74 4759.45 3741.19 2955.49 2494.61 1591.25 1835.63 1246.58 1565.77 1119.86 928.841 1634.44 385.863 1018.25 1086.71 1248.58 860.4 258.37 1404.08 680.29 963.811 504.546 599.397 862.448 282.768 602.03 868.094 478.178 271.96
internal_count=80000 42352 37648 30042 30433 20929 11919 14048 9113 10129 16385 10800 12132 2481 7606 8391 9651 7802 1428 9133 4955 6229 3528 4085 5610 2884 6374 5958 3086 2084
is_linear=0
shrinkage=0.06


Tree=65
num_leaves=31
num_cat=0
split_feature=11 1 9 5 17 4 29 22 1 32 7 11 5 4 4 9 5 21 17 18 1 11 5 6 4 1 2 3 2 6
split_gain=101.408 82.5448 56.4184 99.1493 59.1801 48.8351 43.3043 39.2055 34.9049 31.3989 28.2975 27.8548 27.4953 25.5693 23.8602 22.6736 35.778 17.9445 17.4867 17.4617 16.9774 15.836 15.5397 16.4715 14.4479 12.5636 12.3698 11.9867 11.0815 9.23483
threshold=59.650000000000013 21.155000000000005 1.0000000180025095e-35 1.0000000180025095e-35 0.24971626387090243 11.685 1.0000000180025095e-35 1.0000000180025095e-35 25.745000000000001 1.0000000180025095e-35 1.5000000000000002 90.15000000000002 1.0000000180025095e-35 29.095000000000002 27.675000000000004 1.0000000180025095e-35 1.0000000180025095e-35 2465.5000000000005 0.24971626387090243 0.0078399640614233608 27.315000000000001 78.850000000000009 1.0000000180025095e-35 659.50000000000011 15.405000000000003 17.855000000000004 154.79500000000004 68150.000000000015 268.42000000000002 789.50000000000011
decision_type=2 2 2 2 2 2 2 2 2 2 2 2 2 2 2 2 2 2 2 2 2 2 2 2 2 2 2 2 2 2
left_child=1 15 4 19 6 17 10 21 13 11 -3 14 -10 -6 -9 18 -17 27 -1 -4 -21 22 23 -7 -8 -20 -23 28 -2 -18
right_child=5 2 3 -5 8 7 24 9 12 -11 -12 -13 -14 -15 -16 16 29 -19 25 20 -22 26 -24 -25 -26 -27 -28 -29 -30 -31
leaf_value=-0.050346701491423132 0.011802158082351782 -0.024426786634903701 -0.053619574316181619 0.056024469266420823 -0.0066157500657445193 0.048756435398727919 -0.017973169830028102 0.0027670417635884291 0.0075734676377904944 -0.014760743062285621 -0.0055832814771430827 0.025024719859420876 0.044680852664918905 0.023522307994502854 0.022919817673318802 -0.022776163202943938 0.045526047678438493 -0.0021452040474541946 -0.049576895852004317 -0.0011489540599272773 0.024104848475182118 -0.010968204670748495 0.038837692964496219 0.0080363195645706074 0.006928634405242092 -0.019675347375247433 0.036025596646249977 -0.049446380368785577 -0.030234259403538209 -0.070554757357498318
leaf_weight=131.61537565104663 37.330027675256133 953.63678984995931 19.766215907409787 150.42945748195052 1337.284052181989 38.924159226939082 105.90920282900333 1428.5883265547454 728.01418622583151 225.59262479189783 410.35078218579292 321.72101433761418 79.761042239144444 109.65196632966399 248.25062610022724 127.50442584045231 43.424367884173989 441.03367611113936 60.973216349259019 502.7861489225179 118.40235997550189 21.735757855698466 87.535041971132159 440.15491793304682 403.20456752181053 296.93022989854217 278.9222341440618 52.201641958206892 57.121813466772437 2.6158614680171004
leaf_count=6034 399 11076 134 994 7986 495 541 11718 5047 1761 2844 2375 1156 585 1857 1528 333 3485 1508 2998 1041 132 807 3154 2179 3945 2292 796 772 28
internal_value=-7.01692e-05 -0.00516719 -0.00248851 0.0121866 -0.00530202 0.00766347 -0.0131842 0.0106774 0.00124606 0.00645814 -0.0187578 0.00885327 0.0112375 -0.00433182 0.0057506 -0.0250401 -0.00640575 -0.00819101 -0.0316463 0.00189801 0.00366458 0.021498 0.0155921 0.0113447 0.0017484 -0.0247694 0.0326282 -0.0263727 -0.0136203 0.0389307
internal_weight=9261.37 5582.26 4919.2 791.384 4127.81 3679.11 1873.1 3091.42 2254.71 2224.15 1363.99 1998.56 807.775 1446.94 1676.84 663.063 173.545 587.687 489.519 640.955 621.189 867.272 566.614 479.079 509.114 357.903 300.658 146.653 94.4518 46.0402
internal_count=80000 49957 36581 5167 31414 30043 16640 24591 14774 17711 13920 15950 6203 8571 13575 13376 1889 5452 11487 4173 4039 6880 4456 3649 2720 5453 2424 1967 1171 361
is_linear=0
shrinkage=0.06


Tree=66
num_leaves=31
num_cat=0
split_feature=32 7 1 11 17 17 1 20 4 29 4 20 1 1 11 1 11 17 1 4 11 7 11 21 18 8 11 17 11 2
split_gain=97.888 90.2868 80.6921 52.7147 52.4406 47.0557 42.8646 40.2226 34.8508 33.6534 30.4581 28.2164 24.1715 22.522 21.0231 18.5433 16.19 15.2394 14.664 14.153 14.1463 13.8245 12.7228 12.4148 11.6923 10.3006 10.2553 10.217 9.05519 8.66998
threshold=1.0000000180025095e-35 1.5000000000000002 23.435000000000006 25.150000000000002 0.25167468530620707 0.24971626387090243 27.825000000000003 1.0000000180025095e-35 26.385000000000002 1.0000000180025095e-35 24.385000000000002 1.0000000180025095e-35 16.925000000000004 18.555000000000003 66.15000000000002 21.755000000000006 71.450000000000017 0.24971626387090243 29.025000000000002 30.055000000000003 19.650000000000002 1.5000000000000002 22.050000000000004 2844.5000000000005 0.22128757979989896 4.5000000000000009 34.550000000000004 0.24971626387090243 73.850000000000009 201.38500000000002
decision_type=2 2 2 2 2 2 2 2 2 2 2 2 2 2 2 2 2 2 2 2 2 2 2 2 2 2 2 2 2 2
left_child=1 2 4 19 7 8 -7 -1 -5 11 12 13 -6 24 -15 -2 -9 25 21 23 -12 28 29 -4 -3 -17 -23 -24 -19 -13
right_child=15 9 3 5 10 6 -8 16 -10 -11 20 22 -14 14 -16 17 -18 18 -20 -21 -22 26 27 -25 -26 -27 -28 -29 -30 -31
leaf_value=-0.04505134058487107 -0.038851272171309598 -0.04440059943835821 -0.032889017025696528 -0.0042091472346730691 -0.051697253375478598 0.0093216504617407835 0.036466946746127327 -0.021239822137477035 0.014966893825798083 0.04163101811933103 -0.04028958172195727 0.086398903376381259 -0.0077451641487416524 0.0022587972926519022 0.020098890079406302 0.065169303953580129 0.0085066957742381873 -0.021053958058365761 0.035588147930218757 0.015263640801657798 0.015577510544506108 -0.026945747853541716 0.018460768298108683 -0.011424521159545262 0.16111604498888368 -0.025277795743197797 0.024108214240377148 0.035985634521066026 0.005289420351588919 -0.0082413143680095113
leaf_weight=244.25673495978117 139.91633633617312 37.774472510442138 129.21914128772914 1644.668282693252 46.840903712436557 1446.073160264641 244.88018636591733 232.63887277431786 430.4988846629858 141.73722685687244 17.358675258234143 3.6973216049373141 1174.8958493564278 808.94497697241604 336.80209267139435 4.5915446616709223 91.88438099808991 245.8037252612412 26.943676840513945 54.891869910061359 271.83001665771008 18.494084544479847 295.48279988393188 389.13366811163723 1.0235775150358666 354.83882427960634 60.497824773192406 201.38184610940516 58.071620296686888 60.605041325092316
leaf_count=10251 2525 1081 1091 11210 1145 8538 3613 3418 2674 1687 179 21 9799 5772 2188 31 876 1446 376 354 1754 96 1838 2548 8 2834 357 1603 315 372
internal_value=-6.79031e-05 0.00197789 -0.0014141 0.00324303 -0.0111313 0.00582307 0.0132528 -0.02666 -0.000231027 0.0135138 -0.00528567 0.0112309 -0.00943027 0.00598061 0.00750304 -0.0187593 -0.0128175 -0.0151048 -0.00719586 -0.0137074 0.0122241 -0.0102067 0.0223136 -0.0167754 -0.0389786 -0.0241224 0.0121551 0.0255637 -0.0160196 -0.0027996
internal_weight=9215.68 8306.52 6419.07 4339.37 2079.71 3766.12 1690.95 568.78 2075.17 1887.45 1510.93 1745.71 1221.74 1184.55 1145.75 909.158 324.523 769.241 409.811 573.245 289.189 382.867 561.167 518.353 38.7981 359.43 78.9919 496.865 303.875 64.3024
internal_count=80000 72020 57450 30028 27422 26035 12151 14545 13884 14570 12877 12883 10944 9049 7960 7980 4294 5455 2590 3993 1933 2214 3834 3639 1089 2865 453 3441 1761 393
is_linear=0
shrinkage=0.06


Tree=67
num_leaves=31
num_cat=0
split_feature=11 22 9 5 6 17 29 17 9 5 21 7 20 18 6 5 9 11 7 11 11 6 22 6 16 6 2 18 11 7
split_gain=91.0834 73.5793 50.8296 103.654 40.5298 40.1119 30.2887 28.4965 25.5999 39.9394 26.3284 25.1651 20.6465 19.0033 17.0268 16.4753 22.398 16.641 16.1773 15.1185 15.1117 15.0654 14.9569 15.5385 14.6083 12.817 10.5289 10.1547 9.94279 9.66753
threshold=35.150000000000013 1.0000000180025095e-35 1.0000000180025095e-35 1.0000000180025095e-35 764.50000000000011 0.25167468530620707 1.0000000180025095e-35 0.24971626387090243 1.0000000180025095e-35 1.0000000180025095e-35 2764.9000000000001 1.5000000000000002 1.0000000180025095e-35 0.017856865051485319 649.50000000000011 1.0000000180025095e-35 1.0000000180025095e-35 88.050000000000011 1.5000000000000002 83.450000000000017 75.950000000000017 689.50000000000011 1.0000000180025095e-35 634.50000000000011 0.089046303655233736 644.50000000000011 471.37500000000006 0.0078399640614233608 61.250000000000007 1.5000000000000002
decision_type=2 2 2 2 2 2 2 2 2 2 2 2 2 2 2 2 2 2 2 2 2 2 2 2 2 2 2 2 2 2
left_child=8 7 4 19 5 11 -7 14 10 27 21 -3 18 26 -2 17 -17 -16 20 25 -9 -1 23 -15 -20 -4 -12 -10 -14 -24
right_child=1 2 3 -5 -6 6 -8 12 9 -11 13 -13 28 22 15 16 -18 -19 24 -21 -22 -23 29 -25 -26 -27 -28 -29 -30 -31
leaf_value=-0.014492468735691152 0.030019851361317622 -0.014352532289343588 0.033017698808542807 0.054038890970912121 -0.039936586920715923 0.0011399744763610014 0.03970475998618514 0.0064132686878580073 -0.050008211163948275 0.043035457001826379 0.00025964659812738712 0.0022097188824022488 0.025873974032930916 0.063286725003968383 -0.0021230927022376721 0.010984520337158514 0.064063828021876754 0.023751985156333276 0.13234365830219252 0.025075996752236929 0.030862498324112166 -0.03629804736814024 -0.015397421835260171 0.0022539438080878393 0.030428368103680561 -0.0038364582120555073 -0.026859575869623967 -0.0037871942241337244 0.051985533374491931 0.0027885948338374602
leaf_weight=206.65965212322772 101.03356247395277 1207.5016669919714 36.188371943309903 171.8708943836391 108.22590951342136 2224.0573187302798 75.815734183415771 475.14310365915298 18.242503935471177 72.606537088751793 63.371846850961447 454.6047745347023 130.39584724232554 15.795962082222102 819.51230845227838 203.60737590119243 33.300241835415363 100.44565637037158 5.2809766307473174 88.01693375967443 112.57075862586498 254.57130158133805 429.77160537242889 304.53378215245903 122.76662782765925 554.60101437754929 276.00090726092458 276.02283643186092 87.878946710377932 139.35141065530479
leaf_count=1625 883 14683 315 1197 2928 15054 1076 3511 167 486 476 3771 1292 126 6053 1284 218 638 29 625 910 4785 3838 2124 1118 4069 2656 2015 1089 959
internal_value=-6.5617e-05 0.00315012 -0.000922749 0.012416 -0.00371055 -0.002721 0.00241127 0.0122937 -0.0111856 0.00318102 -0.0143042 -0.00982257 0.0202329 -0.0097162 0.00639858 0.00433564 0.0184455 0.000702079 0.0153067 0.00187722 0.0110963 -0.0265278 -0.0051073 0.00526357 0.0346316 -0.00157898 -0.0217955 -0.00665259 0.0363867 -0.0109445
internal_weight=9169.75 7112.82 4920.88 850.677 4070.21 3961.98 2299.87 2191.94 2056.93 366.872 1690.06 1662.11 934.036 1228.83 1257.9 1156.87 236.908 919.958 715.761 678.806 587.714 461.231 889.453 320.33 128.048 590.789 339.373 294.265 218.275 569.123
internal_count=80000 60743 43718 6206 37512 34584 16130 17025 19257 2668 16589 18454 7949 10179 9076 8193 1502 6691 5568 5009 4421 6410 7047 2250 1147 4384 3132 2182 2381 4797
is_linear=0
shrinkage=0.06


Tree=68
num_leaves=31
num_cat=0
split_feature=4 1 7 17 20 1 20 1 7 17 22 17 1 5 14 32 29 18 5 9 17 1 1 19 1 18 6 20 18 1
split_gain=95.0444 50.9672 47.5315 43.8587 40.6553 35.016 33.3932 29.7238 27.1002 24.6838 24.2776 23.223 22.7327 22.2244 30.6673 19.2895 18.652 17.9519 16.357 25.5179 15.8949 17.7249 15.1884 14.8316 14.4603 14.2439 14.2145 15.1446 13.4946 13.2835
threshold=19.055000000000003 20.755000000000006 1.5000000000000002 0.24971626387090243 1.0000000180025095e-35 24.735000000000003 1.0000000180025095e-35 26.655000000000005 1.5000000000000002 0.24389896891811649 1.0000000180025095e-35 0.25731936111845821 28.065000000000001 1.0000000180025095e-35 1.0000000180025095e-35 1.0000000180025095e-35 1.0000000180025095e-35 0.014336780532645465 1.0000000180025095e-35 1.0000000180025095e-35 0.24971626387090243 20.325000000000003 24.335000000000004 1.0000000180025095e-35 25.105000000000004 0.020449618956383663 619.50000000000011 1.0000000180025095e-35 0.20073211508009256 17.375000000000004
decision_type=2 2 2 2 2 2 2 2 2 2 2 2 2 2 2 2 2 2 2 2 2 2 2 2 2 2 2 2 2 2
left_child=1 13 4 10 5 9 15 8 -8 -2 26 28 20 29 -15 17 -4 -5 24 -20 21 -6 -22 -11 -12 -13 -3 -28 -7 -1
right_child=2 3 16 6 12 11 7 -9 -10 23 18 25 -14 14 -16 -17 -18 -19 19 -21 22 -23 -24 -25 -26 -27 27 -29 -30 -31
leaf_value=-0.056693869805839438 -0.029756575793015008 0.047716860354931924 0.014953112608389083 -0.024516582936427386 -0.045556113486252617 -0.0043906408392141733 0.0033242218975982631 0.051640267106163727 0.039490986952222536 -0.01047113690843696 -0.032735700246735583 -0.021283042781368042 0.035139223330014686 -0.017416614056113364 0.043562817065657053 -0.023743162503086508 0.043832272126057316 0.0013378101176716479 -0.01420973412182033 0.030936698126991277 0.010427190117875391 0.0042905503978326849 0.033964957194721909 0.010372960755881533 -0.014732298752719274 0.015121984082234859 -0.010762392346112952 0.0066458145603982034 0.022672359586710981 -0.026571220558622304
leaf_weight=63.719601448625326 198.52826261986047 19.280658584088087 913.199522562325 104.74172917380929 26.949135085567832 847.94201689213514 463.95389849692583 66.34594664722681 88.87307234108448 550.7924338625744 287.80549531150609 41.4354243054986 132.65891084633768 188.22641748376191 35.250339534133673 144.01160150207579 88.29622795060277 1256.4196487814188 236.28280329145491 55.695299971848726 386.03151615336537 545.80419494397938 132.59041457250714 158.18673088774085 363.41017947159708 584.1215886566788 495.01350972708315 282.62669442594051 71.959224954247475 304.80831619910896
leaf_count=2813 5569 145 6421 745 657 5206 2548 1037 642 4366 5714 222 1771 2144 270 976 1185 7957 1518 294 2090 3127 1468 865 2469 4310 3995 1636 391 7449
internal_value=-6.20005e-05 -0.00633275 0.00591115 -0.00382132 0.00275493 -0.00170178 0.00196378 0.0136926 0.00913843 -0.0110567 -0.0108838 0.00379155 0.0116862 -0.0227267 -0.00779796 -0.00286103 0.0174992 -0.000651692 -0.0173982 -0.00559798 0.00883542 0.00194517 0.0164448 -0.00582042 -0.0226889 0.0127106 -0.00317376 -0.00443553 -0.00227364 -0.0317795
internal_weight=9134.96 4456.47 4678.5 3864.46 3677 2452.97 2124.35 619.173 552.827 907.507 1740.11 1545.46 1224.03 592.005 223.477 1505.17 1001.5 1361.16 943.194 291.978 1091.38 572.753 518.622 708.979 651.216 625.557 796.921 777.64 919.901 368.528
internal_count=80000 42352 37648 29676 30042 20929 13905 4227 3190 10800 15771 10129 9113 12676 2414 9678 7606 8702 9995 1812 7342 3784 3558 5231 8183 4532 5776 5631 5597 10262
is_linear=0
shrinkage=0.06


Tree=69
num_leaves=31
num_cat=0
split_feature=4 11 23 5 9 20 1 1 1 11 6 11 7 11 1 1 11 9 5 1 21 11 3 7 11 23 7 6 20 21
split_gain=89.8663 76.4064 59.8203 36.4071 83.4344 31.6417 30.8512 26.9088 26.6452 26.0523 23.4265 23.3722 23.1848 20.3462 19.8119 19.5077 18.0408 16.2124 26.9668 19.2562 16.1017 14.3021 18.8517 14.2437 13.0663 12.2859 11.8694 11.0271 9.11812 8.45943
threshold=12.115 62.750000000000007 1.0000000180025095e-35 1.0000000180025095e-35 1.0000000180025095e-35 1.0000000180025095e-35 21.105000000000004 26.515000000000004 23.935000000000006 29.450000000000003 629.50000000000011 82.250000000000014 1.5000000000000002 23.650000000000002 30.755000000000006 24.865000000000006 16.250000000000004 1.0000000180025095e-35 1.0000000180025095e-35 18.735000000000003 4062.2500000000005 101.55000000000001 58750.000000000007 1.5000000000000002 107.35000000000001 1.0000000180025095e-35 1.5000000000000002 759.50000000000011 1.0000000180025095e-35 7164.2500000000009
decision_type=2 2 2 2 2 2 2 2 2 2 2 2 2 2 2 2 2 2 2 2 2 2 2 2 2 2 2 2 2 2
left_child=11 2 3 6 15 8 26 21 23 -8 -4 16 13 -12 20 -5 -1 19 29 -18 -10 22 -7 -3 -25 -21 -2 -6 -14 -19
right_child=1 5 10 4 27 7 9 -9 14 -11 12 -13 28 -15 -16 -17 17 18 -20 25 -22 -23 -24 24 -26 -27 -28 -29 -30 -31
leaf_value=-0.043775117496560545 -0.036187184355390097 -0.0082266640300415316 0.052297246803143606 -0.010555108909523105 0.054030475436856268 0.024299073627100452 -0.019097983323600319 0.046315966001413064 0.004768448625379903 -0.0038643583653965143 -0.013305797248574849 0.00569279730138148 0.015131039477261415 0.0065056440693271626 0.049273293388235523 0.011020309882089923 -0.052170024516280146 -0.015296702493443497 0.037429812747882686 -0.021785813379422453 0.020067731055206348 0.051896687149893296 0.0039367375060153607 0.0081589028594183377 0.094767076060920039 -0.0078420032416327192 -0.010652055439381832 -0.020938324309838153 0.038543227269294281 0.031893198572645658
leaf_weight=81.27253360953182 202.93707957491279 494.62993721477687 41.361432053148746 462.46409778669477 118.67084198817611 323.30124182440341 528.45487469062209 124.94330383837223 666.59067963063717 1718.1508455732837 227.81128399260342 198.63823640346527 231.77566549554467 1032.0450285729021 49.535838330164552 223.90937613509595 55.806974609382451 164.94111051782966 52.674568837508559 537.59562629554421 394.03679329715669 37.906242351979017 331.52691081166267 182.64478799235076 6.4939518682658663 394.34665512945503 96.786886288784444 7.5102521441876879 80.749746708199382 14.911955412477253
leaf_count=1059 6001 5715 450 3349 769 2171 4527 1730 3939 13144 1691 1663 1675 7705 717 1580 2201 1411 359 6036 2797 263 2195 1398 43 3057 1511 76 666 102
internal_value=-5.95293e-05 0.00259457 -0.0017698 -0.00633124 0.0047268 0.0109045 -0.00985995 0.0206868 0.00644576 -0.00744767 0.0077245 -0.0134774 0.00655202 0.00292328 0.0121845 -0.00351676 -0.0164031 -0.0145801 -0.000326266 -0.0179356 0.0104523 0.0160643 0.01399 -0.00287167 0.0111325 -0.0158856 -0.0279414 0.0495684 0.0211802 -0.0113841
internal_weight=9084.42 7584.24 4972.63 3358.88 812.555 2611.61 2546.33 817.678 1793.93 2246.61 1613.74 1500.19 1572.38 1259.86 1110.16 686.373 1301.55 1220.28 232.528 987.749 1060.63 692.734 654.828 683.769 189.139 931.942 299.724 126.181 312.525 179.853
internal_count=80000 64112 43144 30957 5774 20968 25183 6359 14609 17671 12187 15888 11737 9396 7453 4929 14225 13166 1872 11294 6736 4629 4366 7156 1441 9093 7512 845 2341 1513
is_linear=0
shrinkage=0.06


Tree=70
num_leaves=31
num_cat=0
split_feature=32 4 7 11 1 1 1 1 20 11 11 20 1 4 11 21 21 18 1 20 5 9 11 18 7 18 21 6 21 3
split_gain=89.4362 78.5513 68.0142 59.8017 42.5876 34.9882 32.9261 26.3755 23.2033 18.017 17.5863 17.1656 16.3431 15.4096 15.3228 15.0922 13.2972 13.1188 12.9606 13.5284 12.3396 13.5795 12.1775 10.4286 9.27543 8.5005 8.09862 9.4328 6.68273 7.23052
threshold=1.0000000180025095e-35 27.385000000000002 1.5000000000000002 42.150000000000013 27.315000000000001 24.095000000000002 18.375000000000004 25.945000000000004 1.0000000180025095e-35 13.750000000000002 90.750000000000014 1.0000000180025095e-35 23.735000000000003 35.945000000000007 78.250000000000014 6156.2500000000009 4062.2500000000005 0.01567361269031944 28.665000000000003 1.0000000180025095e-35 1.0000000180025095e-35 1.0000000180025095e-35 23.650000000000002 0.019530677814035956 1.5000000000000002 0.15303445293308232 3802.2500000000009 629.50000000000011 4368.7500000000009 84050.000000000015
decision_type=2 2 2 2 2 2 2 2 2 2 2 2 2 2 2 2 2 2 2 2 2 2 2 2 2 2 2 2 2 2
left_child=1 2 3 5 6 11 -5 8 10 -7 -4 -1 28 14 18 -6 -9 -14 19 -3 26 24 -10 -20 -22 -15 -19 -28 -2 -30
right_child=12 13 7 4 15 9 -8 16 22 -11 -12 -13 17 25 -16 -17 -18 20 23 -21 21 -23 -24 -25 -26 -27 27 -29 29 -31
leaf_value=-0.035683585513940033 -0.036521015267876586 0.0031428073711280724 -0.00252525188416394 -0.034048774256413401 0.010337984957827437 -0.024514484606082097 -0.0012042672074476237 0.015739635306683972 -0.010602999122970184 -0.0033827957465820389 0.033470677343364313 -0.015171698059219809 -0.046478096329028544 0.025298544048412225 0.034502490634153511 0.035272600447736571 0.038520664351421888 -0.02228487034263707 -0.03311186103609224 0.020664063834552129 -0.0079301893873603493 0.066230855005223632 0.020691783704977349 0.033767108832056511 0.045240746230845376 0.062459470392082779 0.043952516070682748 -0.0091737122451114646 -0.011271863956845705 -0.050473685922351234
leaf_weight=275.52637484483421 185.7920062141493 488.89199494291097 744.34423175547272 114.15893065463752 595.41320147924125 171.93076687119901 2931.3507882757112 271.70262514799833 50.647057380527258 935.98576514422894 52.294691894203424 314.55902498029172 37.797879105433822 53.835660921409726 124.66966682672501 102.41912268474698 139.64856424368918 223.71187224052846 9.0048258118331415 234.84810625948012 74.040828675031662 13.005771650001405 385.29122270457447 123.66910785064101 14.052731987088917 37.663542276248336 12.755965910851954 211.89122325927019 95.952321134507656 20.56879129819572
leaf_count=6923 3006 3730 6290 3360 4252 1207 24365 1815 310 6353 366 2860 292 408 1024 1355 1576 1526 54 1647 485 88 2515 1305 108 305 102 1325 775 273
internal_value=-5.63534e-05 0.00191356 -0.000377185 -0.00360836 0.000628011 -0.0129477 -0.00243542 0.0103179 0.00592745 -0.00666209 -0.000162329 -0.0247492 -0.0181216 0.0170458 0.0148495 0.0139976 0.0234735 -0.0122866 0.0119886 0.00882832 -0.00993448 0.00900087 0.017056 0.0292279 0.000551667 0.040595 -0.0142042 -0.00615709 -0.0294564 -0.0181919
internal_weight=9047.42 8157.86 7085.27 5441.34 3743.34 1698 3045.51 1643.93 1232.58 1107.92 796.639 590.085 889.569 1072.58 981.084 697.832 411.351 587.256 856.414 723.74 549.458 101.099 435.938 132.674 88.0936 91.4992 448.359 224.647 302.313 116.521
internal_count=80000 72020 63547 50675 33332 17343 27725 12872 9481 7560 6656 9783 7980 8473 7760 5607 3391 3926 6736 5377 3634 681 2825 1359 593 713 2953 1427 4054 1048
is_linear=0
shrinkage=0.06


Tree=71
num_leaves=31
num_cat=0
split_feature=32 11 1 17 1 1 20 16 11 17 1 16 7 1 3 7 1 20 17 20 20 1 2 7 1 3 8 1 7 11
split_gain=79.6069 69.3632 65.5158 45.0532 34.9073 33.9776 39.5255 29.5632 28.5881 25.9937 25.1846 22.4463 19.5383 17.7646 17.6037 16.5997 15.3711 14.391 13.3469 13.2775 12.8332 11.8219 12.2851 12.3706 9.12329 8.91812 8.81374 7.56108 7.46016 7.45664
threshold=1.0000000180025095e-35 66.15000000000002 21.005000000000006 0.25167468530620707 27.825000000000003 26.365000000000006 1.0000000180025095e-35 0.11697265296937974 93.950000000000017 0.24971626387090243 27.155000000000005 0.080770066045221398 1.5000000000000002 16.925000000000004 52450.000000000007 1.5000000000000002 21.755000000000006 1.0000000180025095e-35 0.24971626387090243 1.0000000180025095e-35 1.0000000180025095e-35 29.025000000000002 1340.3800000000003 1.5000000000000002 18.815000000000001 238100.00000000003 4.5000000000000009 19.835000000000004 1.5000000000000002 58.650000000000013
decision_type=2 2 2 2 2 2 2 2 2 2 2 2 2 2 2 2 2 2 2 2 2 2 2 2 2 2 2 2 2 2
left_child=1 2 9 5 7 6 -4 -5 10 27 12 19 14 -11 -3 -7 -2 -15 26 -12 -6 22 23 -20 -10 -14 -18 -1 -29 -28
right_child=16 8 3 4 20 15 -8 -9 24 13 11 -13 25 17 -16 -17 18 -19 21 -21 -22 -23 -24 -25 -26 -27 29 28 -30 -31
leaf_value=-0.051826720706223295 -0.036126326718701508 0.0085242027205508514 -0.024157842904832173 0.02471165717345427 0.019963693208633667 -0.0016888697707246872 -0.002507930151391528 0.0014442623718308825 -0.013442630557946372 -0.048566724532594183 0.0016518341106085623 0.039866051676518161 0.017089290864327783 -0.02209449574526735 -0.0055208779697753507 0.0160580527598824 0.060975932294494717 -6.5562528705981834e-05 -0.01188538210089592 0.043577241295545716 0.053246049125440578 0.033324518835901359 -0.04944772783649095 0.015962018532636145 0.027642571568773741 -0.082480823559515568 -0.031467931115537737 -0.040526989046460092 0.00064029622221837873 -0.013751640918810003
leaf_weight=92.668866170570254 131.0267136618495 595.80501466151327 560.30436927080154 216.54093793779612 225.57127448543906 992.16045263409615 662.54741867259145 2133.5804346054792 20.566920419223607 45.431970814242959 159.02052585780621 148.94655052758753 387.72752397228032 181.82909255474806 697.19258101657033 234.60413913801312 4.50331937521696 258.58790605142713 279.19637861847878 32.802960820496082 51.167668243870139 25.275023270398378 25.297899484634399 72.299320433288813 360.65009496919811 3.2655791109427801 190.36279568634927 43.500495910644531 24.92814807780087 155.29953395202756
leaf_count=4691 2525 4401 9479 1268 2633 5779 4031 12930 343 1145 924 2010 2734 3633 6445 1392 31 1628 1645 375 1143 376 146 423 2668 23 1759 1883 462 1075
internal_value=-5.37792e-05 0.00180495 -0.00178845 0.00050321 0.00596158 -0.00535011 -0.0124278 0.00358813 0.010353 -0.0197707 0.00751513 0.0223906 0.00450495 -0.0128453 0.000951005 0.00170502 -0.0171612 -0.00916035 -0.0138578 0.00882133 0.0261174 -0.0063993 -0.00906394 -0.00615744 0.025426 0.0162577 -0.0224218 -0.0406568 -0.02553 -0.0235083
internal_weight=9012.66 8129.4 5723.42 5076.48 2626.86 2449.62 1222.85 2350.12 2405.98 646.946 2024.76 340.77 1683.99 485.849 1293 1226.76 883.261 440.417 752.234 191.823 276.739 402.069 376.794 351.496 381.217 390.993 350.166 161.098 68.4286 345.662
internal_count=80000 72020 52097 38655 17974 20681 13510 14198 19923 13442 16912 3309 13603 6406 10846 7171 7980 5261 5455 1299 3776 2590 2214 2068 3011 2757 2865 7036 2345 2834
is_linear=0
shrinkage=0.06


Tree=72
num_leaves=31
num_cat=0
split_feature=4 11 7 11 22 4 22 20 20 20 4 16 11 17 21 11 4 17 11 4 17 16 11 4 15 20 16 4 21 29
split_gain=80.2067 55.2823 46.9917 39.0435 35.3986 31.9111 31.1828 25.0998 24.5293 21.4348 19.0852 14.918 14.7877 14.3672 13.1126 13.6365 12.9159 12.0659 11.7901 11.5851 11.68 11.379 13.5813 11.3289 11.3103 9.41264 9.34879 8.98946 8.82565 8.78441
threshold=21.635000000000002 24.650000000000002 1.5000000000000002 90.15000000000002 1.0000000180025095e-35 9.3050000000000015 1.0000000180025095e-35 1.0000000180025095e-35 1.0000000180025095e-35 1.0000000180025095e-35 28.585000000000004 0.11154759946078459 79.250000000000014 0.21897450589388059 1917.8750000000002 66.15000000000002 29.635000000000002 0.25167468530620707 46.850000000000001 32.185000000000009 0.24971626387090243 0.11788465142004269 1.0000000180025095e-35 13.345000000000001 23.550000000000004 1.0000000180025095e-35 0.079431756619800592 8.2150000000000016 6005.5000000000009 1.0000000180025095e-35
decision_type=2 2 2 2 2 2 2 2 2 2 2 2 2 2 2 2 2 2 2 2 2 2 2 2 2 2 2 2 2 2
left_child=1 17 3 4 9 -6 12 13 10 -3 11 18 19 29 16 -16 24 26 -8 20 -2 -19 -23 -15 -10 28 -1 -24 -5 -4
right_child=6 2 7 25 5 -7 8 -9 14 -11 -12 -13 -14 23 15 -17 -18 21 -20 -21 -22 22 27 -25 -26 -27 -28 -29 -30 -31
leaf_value=-0.024517018277334657 0.005832406135733827 -0.004697878124625408 -0.01194962557912607 0.0015443419106323981 -0.030929868396380886 -0.009211033598929488 -0.027968682101751876 0.020727448009937977 -0.021780496833890748 0.012129897338019276 0.0097109092553153437 0.00055886792009807661 0.038253704868360751 -0.0039093298899618226 0.010392283972303103 0.02954851497223868 0.032562471074593188 0.015249759472915073 -0.0067613229387839821 0.036327969595760214 0.021106738134798447 -0.0509158289339013 -0.045938721950513961 0.01527314802630831 0.035018410490833263 0.029489279846002792 -0.050772300550176432 -0.01029470497411674 0.033245573830256447 0.01870726606553513
leaf_weight=176.07404660992324 467.32953900564462 849.53207405470312 268.92994372360408 171.29515934642404 277.73477668035775 1978.1224867245182 139.06714212149382 383.85189505293965 94.054468832910061 401.19043738953769 457.06146768201143 709.31939650513232 101.02380707301199 171.7330929748714 507.28279962018132 181.69373134896159 26.496462944895029 40.880068930797279 293.63875664770603 75.750195091590285 293.36611628346145 40.362271034158766 28.220571934245527 312.56438429001719 14.577237863093613 103.67782891914248 67.555149890482426 261.52738746348768 38.77109851129353 38.460014559328556
leaf_count=2570 3212 6767 2762 1423 4136 20605 2037 2802 705 2936 3529 4893 963 1318 3510 1424 171 310 3082 650 2785 336 297 2196 100 770 1012 2159 273 267
internal_value=-5.21414e-05 -0.00444295 -0.00235394 -0.00558187 -0.00739622 -0.011885 0.00727814 0.00813637 0.00368328 0.000699916 -0.000650379 -0.00479718 0.0165702 0.00203155 0.0120923 0.0154441 -0.00499741 -0.0214233 -0.0135771 0.0139513 0.011723 -0.0146107 -0.0183086 0.00847099 -0.0141587 0.0146963 -0.0317973 -0.0137663 0.00739531 -0.0081139
internal_weight=8971.14 5610.48 4995.86 3820.32 3506.58 2255.86 3360.66 1175.54 2423.19 1250.72 1599.09 1142.03 937.47 791.687 824.105 688.977 135.128 614.619 432.706 836.446 760.696 370.99 330.11 484.297 108.632 313.744 243.629 289.748 210.066 307.39
internal_count=80000 52939 46255 36910 34444 24741 27061 9345 19451 9703 13541 10012 7610 6543 5910 4934 976 6684 5119 6647 5997 3102 2792 3514 805 2466 3582 2456 1696 3029
is_linear=0
shrinkage=0.06


Tree=73
num_leaves=31
num_cat=0
split_feature=4 11 1 17 1 11 7 32 17 1 32 22 1 20 17 16 1 20 17 11 17 1 4 1 22 15 16 20 9 17
split_gain=74.2518 51.1428 47.2549 41.0034 34.8338 28.4127 26.9111 25.7891 22.0908 20.8875 22.1932 19.8897 19.8173 20.3539 16.7573 17.5276 17.0117 13.7909 12.4973 12.3971 12.2874 12.7191 11.4364 11.2603 10.5109 10.4976 10.1728 9.86059 9.82128 8.75423
threshold=15.145000000000001 29.450000000000003 28.315000000000001 0.24971626387090243 19.835000000000004 67.550000000000011 1.5000000000000002 1.0000000180025095e-35 0.25167468530620707 19.755000000000006 1.0000000180025095e-35 1.0000000180025095e-35 30.095000000000002 1.0000000180025095e-35 0.24971626387090243 0.12175275209719195 26.515000000000004 1.0000000180025095e-35 0.25167468530620707 101.55000000000001 0.12658080971648383 21.355000000000004 30.055000000000003 22.795000000000005 1.0000000180025095e-35 12.950000000000001 0.024295945181101879 1.0000000180025095e-35 1.0000000180025095e-35 0.24971626387090243
decision_type=2 2 2 2 2 2 2 2 2 2 2 2 2 2 2 2 2 2 2 2 2 2 2 2 2 2 2 2 2 2
left_child=5 12 3 4 -3 9 11 -6 17 -1 14 -5 13 18 16 -16 -11 -4 24 20 -7 -22 29 -8 -2 -21 -14 -23 -12 -15
right_child=1 2 8 6 7 19 23 -9 -10 10 28 -13 26 22 15 -17 -18 -19 -20 25 21 27 -24 -25 -26 -27 -28 -29 -30 -31
leaf_value=-0.034633615274235079 -0.014780869360222193 -0.041293760740375732 0.010127577671831263 0.016853037321963193 0.0010115000768691363 -0.018712064133009847 0.012281033229082115 -0.023269933677491542 0.040336685665825177 -0.024695480209903992 -0.040792778522932761 0.0025526902764119678 -0.076188517572979619 -0.013849803286573158 0.016596551505790185 -0.0069267912330738431 -0.0047073879761317817 0.034797520677009738 -0.011696195830010463 -0.0068637221536497293 -0.013558964370360612 0.0016813335276457046 0.0335855855626285 0.030323787761343202 -0.041759597243927672 0.042156296660453146 0.020613379719246039 0.021753362942887353 -0.0032489557422791535 0.0057498911032572873
leaf_weight=144.53943858295679 92.58569074049592 80.75603951420635 444.02717695385218 447.67766076512635 1815.1221464155242 121.56582297291607 251.53630248643458 172.42585183121264 154.99280351772904 359.65049643442035 118.47326056379825 1607.0073078628629 4.0735548660159102 155.80844251438975 134.43982404842973 751.21754270605743 267.151840724051 99.935502205044031 376.85887944884598 24.048127473331988 138.53852886054665 314.45041336864233 32.87249755859375 246.60335779376328 118.56009566131979 45.45123640820384 96.273314679041505 122.40857343189418 31.821177508682013 173.27564400807023
leaf_count=4822 848 3115 2600 3115 15048 1280 1486 1632 3181 5561 1274 10962 22 1177 908 5278 1565 1128 2914 198 1928 2085 222 2061 2365 352 688 870 207 1108
internal_value=-4.98599e-05 0.00342499 0.00581368 0.00361447 -0.00266453 -0.00865058 0.00870173 -0.00109499 0.0203537 -0.012756 -0.0108542 0.00566847 -0.00867434 -0.011353 -0.00866907 -0.00335603 -0.0161763 0.0146599 -0.0182436 0.0010298 -0.00137983 0.002282 -0.000159019 0.0212131 -0.0299296 0.0251944 0.0166837 0.00730555 -0.0328438 -0.0035298
internal_weight=8944.15 6370.39 5320.08 4621.13 2068.3 2573.76 2552.82 1987.55 698.955 1807.29 1662.75 2054.68 1050.31 949.961 1512.46 885.657 626.802 543.963 588.005 766.463 696.963 575.398 361.957 498.14 211.146 69.4994 100.347 436.859 150.294 329.084
internal_count=80000 53672 44328 37419 19795 26328 17624 16680 6909 19615 14793 14077 9344 8634 13312 6186 7126 3728 6127 6713 6163 4883 2507 3547 3213 550 710 2955 1481 2285
is_linear=0
shrinkage=0.06


Tree=74
num_leaves=31
num_cat=0
split_feature=32 7 11 29 17 22 29 26 5 16 5 6 16 17 14 11 11 6 11 17 5 17 15 14 8 16 3 18 17 12
split_gain=68.9854 61.8016 49.7304 32.3351 29.6437 25.6411 25.1913 23.9865 23.3878 20.505 17.4368 16.8873 16.2378 15.6582 15.5881 14.0892 13.8065 13.2709 11.9288 11.3458 9.52649 8.55585 9.1568 8.36539 7.6973 7.63567 7.12987 6.81108 6.5614 6.49233
threshold=1.0000000180025095e-35 1.5000000000000002 42.150000000000013 1.0000000180025095e-35 0.25167468530620707 1.0000000180025095e-35 1.0000000180025095e-35 1.0000000180025095e-35 1.0000000180025095e-35 0.13383987971126618 1.0000000180025095e-35 624.50000000000011 0.20604690491710845 0.24971626387090243 1.0000000180025095e-35 66.15000000000002 99.450000000000017 729.50000000000011 36.050000000000004 0.24971626387090243 1.0000000180025095e-35 0.21367315912585064 14.350000000000003 1.0000000180025095e-35 15.500000000000002 0.071076651376508398 196550.00000000003 0.16491999460977821 0.54743027111479314 17.500000000000004
decision_type=2 2 2 2 2 2 2 2 2 2 2 2 2 2 2 2 2 2 2 2 2 2 2 2 2 2 2 2 2 2
left_child=1 2 5 4 7 11 10 -4 -6 -5 15 -1 17 -13 16 19 -12 -7 29 -3 21 -20 24 27 -23 -8 -17 -22 -14 -2
right_child=18 6 3 9 8 12 25 -9 -10 -11 14 13 28 -15 -16 26 -18 -19 20 -21 23 22 -24 -25 -26 -27 -28 -29 -30 -31
leaf_value=0.055865523311776695 0.0042355458903182682 -0.0047224978231819375 -0.0038041809985789529 0.011836527470463282 0.0021802195475418631 -0.016181092521107773 0.021337296734508439 -0.036546469290644985 0.018020128971450073 0.045982883895664774 0.015611389258421482 -0.010471483447927027 0.0080640809077849197 0.0072895591435728812 0.061462308829193471 0.017020057078596669 0.10374323329816901 -0.039982093199873218 -0.026444295337844738 0.0083763142095862886 -0.0079355772227652863 -0.0038997786511178441 -0.019193459377530229 0.040587751930833887 0.04018981343894127 0.050898969442079868 -0.042604084925703195 0.042325936542239886 -0.0093194702108727236 -0.032451073363213928
leaf_weight=18.841718873009086 19.203055918216705 430.89534815773368 1527.0612693857402 396.64830018952489 1753.2719518216327 781.07977895159274 58.545353142544627 85.032621844671667 415.00287388451397 75.334538124501705 298.90997726283967 361.05456513632089 117.94389873370528 353.79038954712451 32.082812817767262 391.79220247268677 6.5391105301678172 94.544355636462569 186.48839063663036 531.91339403111488 127.04064530879259 126.83574069850147 183.82125831022859 16.941119382157922 16.06003450229764 67.978565348312259 7.3555984608829013 10.509067514911292 231.77394066937268 181.47752590011805
leaf_count=159 200 4034 13862 3006 12519 7939 537 3825 3027 1579 2116 2928 942 2566 232 2817 53 3143 2160 3575 929 1027 1470 109 138 1150 56 82 1955 1865
internal_value=-4.7701e-05 0.00168806 -0.0011646 0.00247936 0.000630643 -0.00907435 0.0113917 -0.00553123 0.00521194 0.0172867 0.00946884 -0.000203354 -0.0143859 -0.00168121 0.021677 0.00644332 0.0174981 -0.018751 -0.0161133 0.00251407 -0.012258 -0.0161902 -0.0103372 0.000804366 0.00105544 0.0372201 0.0159213 -0.0040955 -0.00345679 -0.0289405
internal_weight=8905.77 8037.39 6211.38 4252.35 3780.37 1959.03 1826.01 1612.09 2168.27 471.983 1699.49 733.687 1225.34 714.845 337.532 1361.96 305.449 875.624 868.377 962.809 667.696 513.205 326.717 154.491 142.896 126.524 399.148 137.55 349.718 200.681
internal_count=80000 72020 57450 37818 33233 19632 14570 17687 15546 4585 12883 5653 13979 5494 2401 10482 2169 11082 7980 7609 5915 4795 2635 1120 1165 1687 2873 1011 2897 2065
is_linear=0
shrinkage=0.06


Tree=75
num_leaves=31
num_cat=0
split_feature=4 23 5 9 17 1 11 1 7 6 1 11 11 17 9 5 9 1 11 4 17 2 3 1 5 17 13 6 4 4
split_gain=69.1625 56.0106 45.6178 100.088 35.7269 34.1304 27.1608 27.1586 25.4792 26.3129 23.8559 23.6835 22.6897 20.1761 18.6269 21.2431 17.7301 17.2559 16.1038 12.5692 11.0003 10.588 10.1293 12.4557 8.72478 9.38836 8.50985 8.33073 8.23462 7.96726
threshold=11.685 1.0000000180025095e-35 1.0000000180025095e-35 1.0000000180025095e-35 0.25167468530620707 23.155000000000005 78.850000000000009 26.415000000000003 1.5000000000000002 639.50000000000011 16.925000000000004 18.350000000000005 38.850000000000001 0.24971626387090243 1.0000000180025095e-35 1.0000000180025095e-35 1.0000000180025095e-35 18.735000000000003 52.750000000000007 26.035000000000004 0.25731936111845821 154.79500000000004 53050.000000000007 24.055000000000003 1.0000000180025095e-35 0.25362077466676297 4.5000000000000009 619.50000000000011 5.5250000000000012 9.6050000000000022
decision_type=2 2 2 2 2 2 2 2 2 2 2 2 2 2 2 2 2 2 2 2 2 2 2 2 2 2 2 2 2 2
left_child=14 2 4 7 5 19 8 13 9 -3 -6 -12 -7 -4 17 26 -11 -1 -19 -2 -9 -8 23 -20 25 -10 28 -24 -16 -17
right_child=1 6 3 -5 10 12 21 20 24 16 11 -13 -14 -15 15 29 -18 18 22 -21 -22 -23 27 -25 -26 -27 -28 -29 -30 -31
leaf_value=-0.048282480708619784 -0.035423912948841112 0.040462300124328061 -0.012210514380211842 0.050450050376750641 -0.050439213809882373 -0.02141974843823178 -0.013158525702565538 0.016761090482926358 0.0098714692518518631 5.5111757615064828e-05 -0.020916022310549762 0.0026643223109944496 -0.0026764820224407463 0.0059812119402921924 -0.029313015145679633 0.016475930690358451 0.018298379739857821 -0.022639624487179173 -0.010996803327068542 -0.0059354531598363484 0.055932800078992678 0.030673749957043112 0.032017457086541967 0.015478059156689487 0.042487027618640955 0.03063800972922083 -0.043658061437612222 -0.017162741841137457 0.0032010009767848126 0.062104754639924327
leaf_weight=56.971370695158839 243.98215250484645 69.092478770762682 397.8958109356463 178.23931998200715 32.892021562904119 302.21257558278739 21.469747956842184 111.93248268030584 214.98025712929666 1356.5700113773346 164.87530122045428 2191.2352669443935 1008.0899318996817 489.46703420579433 35.018352991901338 36.993582660332322 223.35931821912527 460.33716233633459 138.21944358292967 66.143158158287406 33.542338849976659 261.24850818142295 12.966493077576159 119.0970099940896 58.773564539849758 123.33516089618206 21.03559918794781 283.57151796575636 140.75233124662191 21.950709896162152
leaf_count=2476 8885 768 3162 1260 863 2925 132 725 1426 10360 1388 15507 7094 3059 343 264 1692 5181 1210 1461 643 2292 78 776 569 1199 182 2776 1159 145
internal_value=-4.49179e-05 0.00217552 -0.00127627 0.00892883 -0.00435879 -0.0112358 0.00991335 0.00176341 0.00750475 0.00421918 0.000305807 0.00101422 -0.00699949 -0.00217601 -0.0126779 0.00187068 0.00263422 -0.0161515 -0.0143466 -0.0291346 0.025793 0.0273451 -0.00745375 0.00125689 0.021149 0.0174421 -0.00759284 -0.0150123 -0.00327668 0.033468
internal_weight=8876.25 7549.34 5220.51 1211.08 4009.43 1620.43 2328.83 1032.84 2046.11 1649.02 2389 2356.11 1310.3 887.363 1326.91 255.751 1579.93 1071.16 1014.19 310.125 145.475 282.718 553.854 257.316 397.089 338.315 196.806 296.538 175.771 58.9443
internal_count=80000 65410 46972 8849 38123 20365 18438 7589 16014 12820 17758 16895 10019 6221 14590 2093 12052 12497 10021 10346 1368 2424 4840 1986 3194 2625 1684 2854 1502 409
is_linear=0
shrinkage=0.06


Tree=76
num_leaves=31
num_cat=0
split_feature=32 9 5 1 17 17 1 11 11 7 1 1 1 11 1 11 1 1 11 1 17 5 7 6 18 20 11 16 10 1
split_gain=62.2828 56.496 102.837 64.0779 40.8568 35.982 28.6847 27.2956 24.8968 23.2166 22.8145 19.8344 19.2683 18.2539 16.4135 15.4015 15.0409 14.5564 14.0298 14.013 11.7177 10.8567 10.4868 10.5108 8.77697 8.34623 9.59573 9.22959 7.33815 7.32111
threshold=1.0000000180025095e-35 1.0000000180025095e-35 1.0000000180025095e-35 22.795000000000005 0.25167468530620707 0.24971626387090243 29.265000000000004 58.650000000000013 72.65000000000002 1.5000000000000002 17.095000000000002 25.105000000000004 28.735000000000003 91.350000000000009 16.925000000000004 83.450000000000017 23.735000000000003 29.895000000000003 16.250000000000004 19.835000000000004 0.27585699573924294 1.0000000180025095e-35 1.5000000000000002 629.50000000000011 0.022139935462766411 1.0000000180025095e-35 29.850000000000005 0.096834076197742716 12450.000000000002 15.725000000000003
decision_type=2 2 2 2 2 2 2 2 2 2 2 2 2 2 2 2 2 2 2 2 2 2 2 2 2 2 2 2 2 2
left_child=1 3 12 5 7 9 8 11 -6 21 -7 -5 14 -12 -3 -16 20 -9 -14 -11 -2 -1 23 -18 -4 26 -24 -28 -22 -26
right_child=16 2 24 4 6 10 -8 17 -10 19 13 -13 18 -15 15 -17 22 -19 -20 -21 28 -23 25 -25 29 -27 27 -29 -30 -31
leaf_value=-0.047418433647740302 -0.043252641680435688 -0.055921356648375393 0.021908463305819005 -0.020702409190680716 0.0040564344065311224 -0.043292243048340485 0.035982379703812573 0.0025405020435791377 0.020925458860529742 -0.040013037070394143 -0.0061253745102143563 -0.0040458084483942398 -0.036521172852646111 0.021939118533202764 0.0012422079707015115 0.027238192928734938 0.018150026197066384 0.027395764742783168 0.047376930924947325 0.003325731527422117 -0.019873522185352606 -0.022892625570975211 -0.044801979585370189 -0.016477260378532168 -0.036536466016928941 0.033788103638392901 -0.015182184756108516 0.027665119186624256 0.049076654321026827 0.053633593229262692
leaf_weight=150.33021282963455 99.295990190468729 16.922114470973611 40.968461150303483 331.99457392655313 1881.0629022531211 55.700437834486365 128.8900442160666 1061.673520911485 378.31244157999754 35.35464424546808 1106.4415242718533 1144.8854755498469 8.2322794683277589 90.238840844482183 872.40296080894768 90.562027832493186 34.10695700161159 92.190085392445326 55.893027827143669 111.76271399483085 182.13666327297688 114.44027479924262 16.187697559595108 422.17467619664967 3.2925472557544699 29.540019018575549 36.101763408631086 36.291932381689548 5.7315763160586348 209.35223031230271
leaf_count=8878 2333 372 287 4431 11606 1500 2455 6779 2793 1169 10035 7308 66 545 6257 667 246 907 817 1535 1687 1969 101 2912 37 214 209 244 34 1607
internal_value=-4.32614e-05 0.00161124 0.0130678 -0.000613165 0.00276992 -0.0108157 0.00845155 -0.00238802 0.006881 -0.0261994 -0.00575624 -0.00779012 0.00474279 -0.0040091 0.0026576 0.003687 -0.0153693 0.00452636 0.0366063 -0.00708926 -0.0265814 -0.0368178 -0.00976398 -0.0138889 0.0473381 0.00616973 -0.00304041 0.00629774 -0.01777 0.0522374
internal_weight=8842.47 7980.9 1297.63 6683.28 5019.01 1664.27 2388.27 2630.74 2259.38 411.888 1252.38 1476.88 1044.01 1196.68 979.887 962.965 861.567 1153.86 64.1253 147.117 287.164 264.77 574.403 456.282 253.613 118.121 88.5814 72.3937 187.868 212.645
internal_count=80000 72020 10110 61910 36279 25631 16854 19425 14399 13551 12080 11739 8179 10580 7296 6924 7980 7686 883 2704 4054 10847 3926 3158 1931 768 554 453 1721 1644
is_linear=0
shrinkage=0.06


Tree=77
num_leaves=31
num_cat=0
split_feature=4 11 5 9 17 29 4 7 16 6 26 9 5 22 6 11 6 7 29 21 4 4 11 22 17 3 6 11 5 18
split_gain=68.169 43.9366 40.7173 80.8086 32.0406 28.3229 24.6774 22.0392 20.2594 22.1917 19.841 18.9634 17.3246 15.5904 14.8124 14.2249 13.5011 13.6705 11.8173 11.4413 9.49104 9.43264 9.18648 8.79549 12.7426 8.53833 8.3816 7.97051 7.78815 8.43745
threshold=21.635000000000002 18.350000000000005 1.0000000180025095e-35 1.0000000180025095e-35 0.24971626387090243 1.0000000180025095e-35 29.635000000000002 1.5000000000000002 0.10986106256625142 734.50000000000011 1.0000000180025095e-35 1.0000000180025095e-35 1.0000000180025095e-35 1.0000000180025095e-35 759.50000000000011 94.550000000000011 629.50000000000011 1.5000000000000002 1.0000000180025095e-35 7313.2500000000009 35.945000000000007 8.4150000000000009 86.550000000000011 1.0000000180025095e-35 0.88492312235187309 143750.00000000003 774.50000000000011 83.850000000000009 1.0000000180025095e-35 0.0060411234603431315
decision_type=2 2 2 2 2 2 2 2 2 2 2 2 2 2 2 2 2 2 2 2 2 2 2 2 2 2 2 2 2 2
left_child=1 23 4 16 5 10 7 11 -6 -10 -3 13 26 19 -15 18 -4 -18 25 -2 22 -5 28 24 -1 -9 -13 -7 29 -8
right_child=6 2 3 21 8 27 20 15 9 -11 -12 12 -14 14 -16 -17 17 -19 -20 -21 -22 -23 -24 -25 -26 -27 -28 -29 -30 -31
leaf_value=-0.015662681899514475 0.0044715159292008991 -0.014398411489201821 0.042579353045326951 0.011478095256828885 0.018296725502132488 0.00052036243796834021 -0.074153759609526748 0.012053826095889678 -0.00046004753086671164 -0.019032464888388063 -0.046119330752222895 0.010017309477404684 0.044520925251222622 -0.0038773741988853993 -0.042703580749537624 0.06393785374092259 -0.0044694124762498086 0.012680626034471438 0.042883841795449677 0.034811077847715394 0.034082604553872319 0.049618696870822494 0.043008179282050633 -0.031646396793371522 0.092977790675303193 -0.022233068478303301 -0.052260165870899232 0.035606069537877677 0.027509954589729338 0.0095600609618711144
leaf_weight=141.51780965272337 482.58297283947468 1191.974610039033 26.594366453588009 27.504945766180754 178.4507815791294 321.71075185388327 4.3767708213999859 477.25706147775054 1884.5831686640158 264.06128355767578 75.481409206986427 255.08843207359314 57.316947601735592 1160.1641920460388 36.485956331714988 20.268019217997789 770.46556194778532 213.74121151492 43.164614239707589 49.319534342736006 99.20724870543927 154.27581219561398 36.853440519422293 222.72645701933652 3.996421229094266 27.662317866459489 8.0245181526988727 25.130008906126022 96.726707276888192 446.6892393566668
leaf_count=1146 3632 14415 307 192 1291 1785 32 3406 13253 4031 4665 1876 476 9579 1004 165 5962 1544 649 516 793 1107 322 3020 31 190 96 190 843 3482
internal_value=-4.19173e-05 -0.00413156 -0.00269563 0.00701829 -0.00563486 -0.0121301 0.00677445 0.00412279 -0.00112916 -0.00274254 -0.0162875 0.00122305 0.0146295 -0.00126217 -0.00506119 0.0145767 0.000394949 -0.000744921 0.0127514 0.00728469 0.0169232 0.0438477 0.0140115 -0.0241512 -0.012679 0.0101754 0.00811795 0.00306246 0.0120607 0.00874777
internal_weight=8803.4 5502.21 5133.97 1192.58 3941.39 1614.3 3301.19 2617.33 2327.1 2148.64 1267.46 2048.98 320.43 1728.55 1196.65 568.352 1010.8 984.207 548.084 531.903 683.853 181.781 584.646 368.241 145.514 504.919 263.113 346.841 547.793 451.066
internal_count=80000 52939 48742 9112 39630 21055 27061 21589 18575 17284 19080 17179 2448 14731 10583 4410 7813 7506 4245 4148 5472 1299 4679 4197 1177 3596 1972 1975 4357 3514
is_linear=0
shrinkage=0.06


Tree=78
num_leaves=31
num_cat=0
split_feature=4 7 23 4 17 6 6 20 20 20 6 19 6 4 23 4 29 16 17 18 29 12 16 17 6 15 6 32 16 18
split_gain=61.2454 45.116 34.3803 32.5868 28.7956 23.2652 22.4769 19.2102 18.9877 17.768 16.2313 16.1679 15.4082 14.9451 14.8468 13.9394 12.9069 12.4097 12.1917 11.8131 10.245 10.072 10.0218 9.76745 9.27741 10.3871 8.86455 8.68358 8.32656 8.25895
threshold=24.005000000000006 1.5000000000000002 1.0000000180025095e-35 9.3050000000000015 0.25167468530620707 694.50000000000011 714.50000000000011 1.0000000180025095e-35 1.0000000180025095e-35 1.0000000180025095e-35 629.50000000000011 1.0000000180025095e-35 684.50000000000011 28.585000000000004 1.0000000180025095e-35 12.015000000000002 1.0000000180025095e-35 0.12082239843329161 0.25362077466676297 0.010526112653998726 1.0000000180025095e-35 23.500000000000004 0.089046303655233736 0.25167468530620707 654.50000000000011 3.6500000000000008 624.50000000000011 1.0000000180025095e-35 0.11419604028828685 0.020449618956383663
decision_type=2 2 2 2 2 2 2 2 2 2 2 2 2 2 2 2 2 2 2 2 2 2 2 2 2 2 2 2 2 2
left_child=1 2 3 26 6 -6 -5 11 10 16 -4 13 -11 29 17 -12 18 -14 27 -10 23 -13 -20 -9 25 -15 -1 -3 -25 -2
right_child=7 9 8 4 5 -7 -8 20 19 12 15 21 14 24 -16 -17 -18 -19 22 -21 -22 -23 -24 28 -26 -27 -28 -29 -30 -31
leaf_value=0.0075770218582360454 -0.031404113280033598 -0.0055724088567724542 0.03520920336490304 -0.011980649137463007 0.003873883182524027 -0.0097156190360696074 -0.038523591750925214 0.0082954422283576419 -0.026267086063323782 0.033384128614083207 -0.016739401305116634 0.0068529553106303808 -0.0107192519092902 -0.086721450698697009 0.029475780535637854 -0.00096561415833921029 0.024772754998310356 0.015156554247709992 0.10323494522980907 0.012370704289515564 0.04060489597218004 0.029838078661773904 0.0048290085130758414 0.066878120007397582 0.0070140904483516411 0.03807626929095434 -0.03038111001350936 -0.037119579792430461 0.020742756963743884 -0.0019200068988342164
leaf_weight=23.926101140677929 35.837860960513353 373.36442422121763 38.270807111635804 956.54589735902846 920.87219080887735 893.64234655536711 130.52443505404517 377.07345004752278 30.143917914479971 127.45448797382414 260.03983701951802 141.64290785603225 137.06145893223584 2.5111763030290595 95.180080745369196 898.76856533344835 79.540558289736509 130.01593066379428 3.7516776733100405 518.16431782394648 59.042034990154207 133.14700444228947 537.78345740493387 14.931712796911595 472.0556324236095 54.697866804897785 298.16090209642425 34.296207208186388 247.81668405048549 749.28396377991885
leaf_count=143 385 3788 353 9579 5739 8416 6419 2393 205 1153 2365 1106 1044 17 682 6953 835 781 22 3942 1102 1039 3612 138 3659 486 4888 448 2013 6295
internal_value=-4.01902e-05 -0.00301695 -0.00578287 -0.00945519 -0.00744533 -0.0028189 -0.0151677 0.00840011 0.000999763 0.00603443 -0.00323562 0.00475428 0.0154414 0.00198714 0.0091286 -0.0045053 0.00155638 0.00187735 -0.000389103 0.0102465 0.0166905 0.0179902 0.00551075 0.0144837 0.00977953 0.0325983 -0.0275614 -0.00822645 0.0233646 -0.00326585
internal_weight=8775.55 6487.51 4969.06 3223.67 2901.58 1814.51 1087.07 2288.04 1745.39 1518.45 1197.08 1589.18 489.712 1314.39 362.257 1158.81 1028.74 267.077 949.196 548.308 698.864 274.79 541.535 639.822 529.265 57.209 322.087 407.661 262.748 785.122
internal_count=80000 61367 49002 35184 30153 14155 15998 18633 13818 12365 9671 12987 3660 10842 2507 9318 8705 1825 7870 4147 5646 2145 3634 4544 4162 503 5031 4236 2151 6680
is_linear=0
shrinkage=0.06


Tree=79
num_leaves=31
num_cat=0
split_feature=11 4 20 17 4 11 22 22 26 27 20 11 16 4 32 16 20 22 20 11 10 17 22 22 17 11 32 18 4 16
split_gain=57.1636 37.6064 31.8118 24.7173 22.2857 18.5756 20.5579 18.5 17.8997 18.4165 16.0517 18.0607 14.2946 13.8033 13.5454 13.2973 13.1287 12.2845 11.7908 11.7714 11.403 11.0029 10.5877 9.48661 9.33564 9.19718 9.00009 8.6366 10.6866 8.24118
threshold=52.750000000000007 14.095000000000001 1.0000000180025095e-35 0.24971626387090243 24.975000000000005 85.050000000000011 1.0000000180025095e-35 1.0000000180025095e-35 1.0000000180025095e-35 1.0000000180025095e-35 1.0000000180025095e-35 13.750000000000002 0.10229721760017789 11.795000000000002 1.0000000180025095e-35 0.084230358799888758 1.0000000180025095e-35 1.0000000180025095e-35 1.0000000180025095e-35 100.45000000000002 5050.0000000000009 0.25539229302225114 1.0000000180025095e-35 1.0000000180025095e-35 0.047800766405742733 87.050000000000011 1.0000000180025095e-35 0.08129888518996975 35.115000000000002 0.071076651376508398
decision_type=2 2 2 2 2 2 2 2 2 2 2 2 2 2 2 2 2 2 2 2 2 2 2 2 2 2 2 2 2 2
left_child=1 17 4 8 7 6 21 25 9 15 11 -5 -9 26 -14 -3 -11 -1 29 27 -15 -4 -12 -13 -20 -2 -8 -6 -29 -19
right_child=2 3 5 10 19 -7 13 12 -10 16 22 23 14 20 -16 -17 -18 18 24 -21 -22 -23 -24 -25 -26 -27 -28 28 -30 -31
leaf_value=-0.0072496150222779582 0.0030097736488502035 0.0016878437797984501 0.014886662665836851 -0.022704014322554655 0.026439563468903693 0.026839439438703747 -0.0071554965319501175 -0.014172300745178126 -0.044042920387581258 -0.030748832494287101 0.027958832835481336 0.0098740155093056114 0.00056853144990354275 0.015677817325465158 -0.022332634169402597 -0.014274546625371618 -0.0088633581145238071 -0.052907355909078621 0.075456822728178233 0.049171848624268245 0.0011097758064481961 0.040175271953878045 0.0071640290740696963 -0.0021754663970308557 -0.013154076193128987 0.020573202275804094 -0.057039841902889216 0.0040072967951468377 0.035728375490587529 -0.024948408009782694
leaf_weight=394.40280158165842 666.95615741517395 783.88662944361567 192.63118289411068 123.97538811899722 89.540877658873796 249.92194908857346 140.57384090870619 468.83263184921816 47.10023100161925 157.25665744487196 110.29243563301861 335.6150281522423 973.33925362862647 359.30831906851381 102.79718256182969 247.09720043325797 264.88929112441838 44.280226363800466 4.3518972676247349 27.579529698938131 418.98153565078974 91.291814599186182 438.93051034305245 786.34392761532217 260.10649518016726 127.92072852514684 14.349360848776994 515.09877464175224 41.29909211024642 265.62689157016575
leaf_count=3260 5232 5170 1430 1036 727 2071 1176 7437 2455 4433 1149 2486 7509 2576 830 1644 1915 1727 54 208 3138 1205 2981 6160 2425 951 131 4074 330 4080
internal_value=-3.82882e-05 -0.0050109 0.0046943 -0.00195582 0.00116667 0.0119401 0.00888076 -0.00160167 -0.00764004 -0.00646012 0.00279453 -0.000972391 -0.00542845 0.00457965 -0.00161909 -0.00213788 -0.0170161 -0.0154031 -0.021002 0.0107841 0.00783531 0.0230179 0.0113399 0.00142893 -0.0116959 0.00583628 -0.0117759 0.00914502 0.00636182 -0.0289432
internal_weight=8744.58 4264.16 4480.42 3295.39 3013.36 1467.06 1217.14 2339.85 1500.23 1453.13 1795.16 1245.93 1544.97 933.213 1076.14 1030.98 422.146 968.768 574.366 673.518 778.29 283.923 549.223 1121.96 264.458 794.877 154.923 645.939 556.398 309.907
internal_count=80000 40975 39025 29429 27298 11727 9656 21959 15617 13162 13812 9682 15776 7021 8339 6814 6348 11546 8286 5339 5714 2635 4130 8646 2479 6183 1307 5131 4404 5807
is_linear=0
shrinkage=0.06


Tree=80
num_leaves=31
num_cat=0
split_feature=7 1 11 4 20 20 1 1 11 11 17 17 11 1 1 20 1 20 1 11 21 20 18 11 1 17 11 11 17 18
split_gain=57.0809 50.5835 40.3237 38.4851 29.1947 24.8311 24.2171 23.1288 20.8227 18.9435 18.4871 18.3583 15.1823 13.2452 13.1779 12.9684 13.5556 12.5269 11.67 11.4001 11.5232 10.7873 10.947 10.3962 10.3937 9.88157 9.12118 8.67187 9.23212 8.09184
threshold=1.5000000000000002 20.445000000000004 85.050000000000011 14.975000000000003 1.0000000180025095e-35 1.0000000180025095e-35 25.185000000000006 29.515000000000004 34.150000000000013 101.55000000000001 0.24971626387090243 0.26779080494193047 29.050000000000004 16.925000000000004 27.155000000000005 1.0000000180025095e-35 18.645000000000003 1.0000000180025095e-35 23.935000000000006 50.650000000000013 5690.5000000000009 1.0000000180025095e-35 0.013381169257241945 93.950000000000017 25.365000000000006 0.24971626387090243 114.95000000000002 105.65000000000002 0.24971626387090243 0.033496489643102478
decision_type=2 2 2 2 2 2 2 2 2 2 2 2 2 2 2 2 2 2 2 2 2 2 2 2 2 2 2 2 2 2
left_child=1 5 3 10 8 19 9 -6 -5 12 18 17 -2 -7 -12 16 -14 29 -3 -1 -21 24 -23 -22 26 -17 -4 28 -15 -8
right_child=6 2 21 4 7 13 11 -9 -10 -11 14 -13 15 27 -16 25 -18 -19 -20 20 23 22 -24 -25 -26 -27 -28 -29 -30 -31
leaf_value=-0.055670798795171957 -0.012564299265956392 -0.035495284095926387 -0.0021385124540692158 -0.012937089783738732 0.0055688897208659447 -0.043483518939233926 -0.0091012543885328617 0.040798957377213591 -0.00050403828430321416 0.051377363575926427 -0.0085710725406875406 0.03443035309284858 -0.038243749703387765 -0.030625204482229433 0.012541196260718934 0.0061936357612788952 0.002589197912322551 0.030248052115948016 -0.014904139074216408 -0.033604304387057138 -0.0049536816307853794 -0.089472599979355499 0.028983866750367432 0.10530614601568718 0.019528779285542586 0.025465049887491684 0.050727571488641127 0.060947902444270362 -0.0022165386471166121 0.011710616358993857
leaf_weight=71.758915060665458 192.21791711542755 126.18406670261174 228.60378628224134 626.04805151652545 1306.4822129216045 37.477815051563084 85.644404448568821 70.716734985820949 2151.4277955731377 29.782781142741442 737.75953155569732 180.65425134729594 30.642145639285445 49.943253953941166 124.37719076871872 223.34357456304133 652.8299638684839 108.34872619621456 461.39914195984602 119.78976582596079 18.01637061312795 2.8585380390286437 160.58760996256024 3.7129712402820578 183.55717791803181 167.71331257373095 12.38549857214093 6.8846682962030163 234.74128038063645 313.23493457958102
leaf_count=4488 1784 3363 1612 5769 8743 896 474 1166 17227 202 4910 2478 1001 1654 1112 1407 4918 914 3648 4540 364 16 1301 32 1273 1182 84 48 1581 1813
internal_value=-3.71721e-05 -0.00267239 -0.00113354 -0.00270182 0.000235201 -0.0202433 0.00890626 0.00737789 -0.00330647 0.00407831 -0.0111189 0.018006 0.00296625 -0.00990708 -0.00552529 0.00574444 0.000758532 0.0121563 -0.0193261 -0.0361902 -0.0263124 0.0138144 0.0269122 0.0138868 0.00877186 0.0144586 0.000578508 -0.00559123 -0.00720038 0.00724205
internal_weight=8719.12 6734.71 6192.39 5604.39 4154.67 542.325 1984.41 1377.2 2777.48 1296.53 1449.72 687.882 1266.75 329.047 862.137 1074.53 683.472 507.228 587.583 213.278 141.519 587.993 163.446 21.7293 424.546 391.057 240.989 291.569 284.685 398.879
internal_count=80000 63827 50224 45938 32905 13603 16173 9909 22996 10494 13033 5679 10292 4179 6022 8508 5919 3201 7011 9424 4936 4286 1317 396 2969 2589 1696 3283 3235 2287
is_linear=0
shrinkage=0.06


Tree=81
num_leaves=31
num_cat=0
split_feature=32 4 9 5 1 17 17 11 11 11 7 1 1 1 1 4 17 2 7 1 7 2 8 18 18 11 4 18 17 1
split_gain=56.745 49.2651 41.9649 78.3466 42.8763 36.0352 28.6357 21.1239 21.1205 18.647 15.474 14.7808 13.6011 12.9766 12.2444 10.8843 9.58509 10.1825 9.29992 9.25307 9.04287 7.84996 7.72656 7.36167 7.25185 7.15714 7.07201 6.66884 6.62749 6.44635
threshold=1.0000000180025095e-35 27.675000000000004 1.0000000180025095e-35 1.0000000180025095e-35 23.155000000000005 0.25167468530620707 0.24971626387090243 71.750000000000014 42.45000000000001 20.850000000000005 1.5000000000000002 28.735000000000003 19.965000000000003 21.755000000000006 16.925000000000004 35.945000000000007 0.24971626387090243 1319.4400000000003 2.5000000000000004 28.515000000000004 1.5000000000000002 931.44500000000005 4.5000000000000009 0.02708757752494519 0.15303445293308232 91.950000000000017 8.2150000000000016 0.01912018470142109 0.74875810052860603 27.265000000000004
decision_type=2 2 2 2 2 2 2 2 2 2 2 2 2 2 2 2 2 2 2 2 2 2 2 2 2 2 2 2 2 2
left_child=1 2 4 11 6 8 10 -7 -6 -8 -1 14 -3 -2 -4 18 22 20 19 -14 25 -20 -15 -13 -17 -18 -5 -24 -19 -22
right_child=13 12 3 26 5 7 9 -9 -10 -11 -12 23 15 16 -16 24 17 28 21 -21 29 -23 27 -25 -26 -27 -28 -29 -30 -31
leaf_value=-0.033102401452706778 -0.033154597792878368 -0.019280235861833073 -0.053887024774547522 0.011814622297374859 -0.013592540899454744 0.0041358003253210793 -0.033724882963483693 0.020916246265764656 -0.00046876317478941658 -0.0040455321234263647 -0.0089898821851531821 -0.0038967902693641679 0.0089855894898562515 0.060163410592628218 0.0015895432377677646 0.021903420069405058 -0.0094940209973169588 -0.015803670116252173 0.044879758106937992 0.026637505282673828 0.010172852938574391 -0.012152011756015026 -0.047863124236154929 0.047800505704107703 0.058001919805996921 0.034945169664696712 0.045775109381724646 -0.017678332940154768 -0.074730158229882188 0.068417795394635703
leaf_weight=257.80399038083851 119.34000304667279 41.781672361306846 14.566811020486055 24.816293297335505 629.39002591464669 1601.8398479996249 81.373032273724675 324.83187544252723 1478.4436993971467 1200.6974585307762 152.48155337292701 13.528084671124814 653.58981559239328 4.3498908765614024 854.02643034327775 49.896106196567416 277.73577327281237 16.703953040763739 53.698012781329453 127.81269920989871 63.585793279111385 10.365454269573091 28.88708209618926 37.139867257326841 33.47517592087388 13.690086357295511 199.82552488148212 299.98891646321863 11.672742858529089 7.6653400715440503
leaf_count=10952 2525 633 358 174 5415 10768 1225 2762 10215 10995 2739 112 4676 31 6214 385 1844 109 442 1450 362 94 360 585 287 87 1539 2474 70 118
internal_value=-3.61394e-05 0.00155463 -0.000232872 0.0102591 -0.00232857 0.00103386 -0.0103444 0.00696494 -0.00438747 -0.00592928 -0.024141 0.00249672 0.0142079 -0.0148222 0.000659169 0.0157143 -0.0118016 -0.00543 0.0136747 0.0118729 -0.00272179 0.035652 -0.0192789 0.0339976 0.0363977 -0.00740644 0.0420235 -0.0203296 -0.0400431 0.016439
internal_weight=8685 7841.38 6870.76 1143.9 5726.86 4034.51 1692.36 1926.67 2107.83 1282.07 410.286 919.261 970.619 843.62 868.593 928.837 724.28 391.054 845.466 781.403 362.677 64.0635 333.226 50.668 83.3713 291.426 224.642 328.876 28.3767 71.2511
internal_count=80000 72020 64053 8982 55071 29160 25911 13530 15630 12220 13691 7269 7967 7980 6572 7334 5455 2590 6662 6126 2411 536 2865 697 672 1931 1713 2834 179 480
is_linear=0
shrinkage=0.06


Tree=82
num_leaves=31
num_cat=0
split_feature=7 1 11 17 1 1 1 5 5 11 9 11 17 11 1 9 5 6 17 1 3 16 1 3 9 11 3 18 1 2
split_gain=51.0116 43.9353 36.1776 33.5896 29.3131 28.9116 22.0748 21.6823 20.592 20.3825 20.0999 19.5125 17.4608 15.8668 13.9426 12.7688 13.7825 12.365 12.0044 10.3655 9.11672 10.8117 9.04651 8.83049 8.29332 8.14719 7.62558 8.99897 6.95228 6.43422
threshold=1.5000000000000002 20.705000000000002 85.050000000000011 0.25167468530620707 29.265000000000004 27.155000000000005 25.845000000000002 1.0000000180025095e-35 1.0000000180025095e-35 19.650000000000002 1.0000000180025095e-35 101.55000000000001 0.27173482304541224 59.650000000000013 16.925000000000004 1.0000000180025095e-35 1.0000000180025095e-35 614.50000000000011 0.25362077466676297 17.095000000000002 31050.000000000004 0.24349442706131488 16.755000000000006 55650.000000000007 1.0000000180025095e-35 90.15000000000002 33450.000000000007 0.07239682509859538 25.325000000000003 1435.3650000000002
decision_type=2 2 2 2 2 2 2 2 2 2 2 2 2 2 2 2 2 2 2 2 2 2 2 2 2 2 2 2 2 2
left_child=1 8 3 5 9 7 11 -3 13 -5 19 14 26 -1 -2 18 -17 -7 -16 -10 -12 -22 -15 -24 28 -21 27 -8 -4 -14
right_child=6 2 24 4 -6 17 12 -9 10 -11 20 -13 29 22 15 16 -18 -19 -20 25 21 -23 23 -25 -26 -27 -28 -29 -30 -31
leaf_value=-0.040130806071022325 -0.035762898728254014 -0.018254522406735911 0.0047214137050835634 -0.015589022500336138 0.030254521592188732 0.02176232823974401 -0.090344375154283271 -0.0030186823664691549 -0.053503992257371069 0.0022189342487120164 0.0871658343452065 0.050667745365090562 0.041197833012658648 -0.058398748886561706 -0.0054023834654522013 0.010653476255892348 0.049727688299118285 -0.0019184966904696671 0.0070343080292697103 -0.012749791735412803 0.029081487726258119 -0.057047128098775809 -0.00087517003750827945 -0.028596649151818289 0.032446599363992114 0.032911675821162362 0.014282744825251456 0.033435426623302365 0.019080627300331669 -0.057833663717259357
leaf_weight=172.34163649845868 31.765581293031573 966.07548443088308 295.07732105627656 254.27881776541471 125.4623682834208 86.353572282940149 5.4061052165925485 515.79045580327511 20.795696946792305 2569.7574597615749 7.9851990677416316 32.349811593070626 116.32900475244969 15.925361595582215 474.74890621006489 180.74552846327424 39.621130123734474 982.76893336139619 679.04479827452451 157.30673830956221 39.62426894903183 6.0476805716752997 111.20477200066671 65.870052422396839 71.686749340035021 15.448817390948532 402.72283688001335 3.4726810157299042 206.2178565626964 2.4107939042150965
leaf_count=7498 782 14456 1998 1791 2307 526 34 3164 521 16720 40 228 1976 813 4878 1172 260 5780 4135 1760 355 30 1707 2051 588 122 2641 28 1600 39
internal_value=-3.47463e-05 -0.00253428 -0.000989637 -0.00248423 0.00187624 -0.00752588 0.00845441 -0.0129514 -0.0178494 0.000615489 -0.00447585 0.00459629 0.0189176 -0.0268987 0.0035362 0.00444466 0.0176789 -5.78433e-06 0.00191701 -0.0134839 0.028018 0.0176767 -0.0150829 -0.0111873 0.0133581 -0.00866647 0.0130701 -0.0419315 0.0106284 0.0391872
internal_weight=8654.64 6686.02 6073.47 5500.49 2949.5 2550.99 1968.62 1481.87 612.55 2824.04 247.208 1438.28 530.341 365.342 1405.93 1374.16 220.367 1069.12 1153.79 193.551 53.6571 45.6719 193 177.075 572.982 172.756 411.602 8.87879 501.295 118.74
internal_count=80000 63827 48930 44744 20818 23926 16173 17620 14897 18511 2828 11455 4718 12069 11227 10445 1432 6306 9013 2403 425 385 4571 3758 4186 1882 2703 62 3598 2015
is_linear=0
shrinkage=0.06


Tree=83
num_leaves=31
num_cat=0
split_feature=4 11 7 20 1 1 7 1 17 1 17 20 1 17 17 1 3 1 11 4 1 18 11 1 21 1 11 1 11 21
split_gain=51.1758 30.6511 26.7489 23.2837 20.56 20.2741 20.9467 18.2469 17.6337 17.0943 16.976 15.3814 14.6611 14.2185 14.2101 13.8166 13.5907 13.4315 13.463 12.2826 11.976 11.3919 11.319 10.8661 10.7555 10.2047 9.07769 8.54857 7.98624 8.816
threshold=19.055000000000003 43.95000000000001 1.5000000000000002 1.0000000180025095e-35 25.845000000000002 29.605000000000004 1.5000000000000002 21.205000000000002 0.25167468530620707 22.585000000000004 0.25167468530620707 1.0000000180025095e-35 26.655000000000005 0.25167468530620707 0.22761501197203174 24.295000000000005 124950.00000000001 29.105000000000004 78.250000000000014 31.845000000000002 27.605000000000004 0.017459324432859514 45.45000000000001 22.185000000000006 2986.6500000000005 26.415000000000003 100.45000000000002 22.875000000000004 96.850000000000009 1067.2500000000002
decision_type=2 2 2 2 2 2 2 2 2 2 2 2 2 2 2 2 2 2 2 2 2 2 2 2 2 2 2 2 2 2
left_child=1 7 3 4 14 6 8 -1 9 -3 15 27 -13 -6 23 -9 -10 18 19 -5 28 -16 -15 -2 -22 26 -8 -12 29 -4
right_child=2 5 20 17 13 -7 25 10 16 -11 11 12 -14 22 21 -17 -18 -19 -20 -21 24 -23 -24 -25 -26 -27 -28 -29 -30 -31
leaf_value=-0.03069597539877653 -0.047851026490326888 -0.032436557251221541 -0.05394134743871655 0.0031607071866449278 -0.00060162195827894902 0.022686635818662149 0.0024681201571378759 -0.036226256030630732 -0.0010556148848162522 -0.0083898140564855391 -0.029179773152067861 0.0035001057604990777 0.049088102652650227 0.0040576035052337011 -0.046507463800471126 -0.012580224363780645 0.12323901969883766 0.035611313510629607 0.025475892320093882 0.030349669714733598 0.0092037720979749309 -0.0024203144495306131 0.024166535271484605 -0.014073800422975829 0.045841047156339569 0.025562720766510876 0.041181866925263579 -0.0063389683479432623 0.046478051382944044 0.010491658178094014
leaf_weight=166.44990208745003 40.564600817393512 126.42041519517079 7.7193819908425203 896.8047673497349 754.04903152957559 122.69034914951771 530.38400526624173 114.35135447373614 1219.5575183378533 672.84072537254542 68.695644713938236 198.64261223003268 29.119019888341427 218.52843232266605 21.608900930732489 400.61100834514946 3.1751906657591453 64.500962077639997 131.03354488126934 64.089254513382912 48.172061357647181 895.26358414627612 187.0033647082746 221.54940627422184 71.901828086003661 92.778021873906255 22.739405447617173 417.49174240045249 22.043699158355594 789.5634576883167
leaf_count=5318 2767 5267 130 6380 4273 1310 4288 2554 9444 5333 800 1041 399 1457 281 3111 26 1176 1067 490 454 6481 2170 3500 1194 739 164 2558 166 5662
internal_value=-3.38188e-05 -0.00479201 0.00445778 0.00204182 -0.00140198 -0.00116145 -0.00225817 -0.0120528 -0.00526299 -0.0121933 -0.00952764 -0.00353852 0.00932847 0.00427074 -0.00698133 -0.017831 -0.000732847 0.00900599 0.0074344 0.00497414 0.0134462 -0.00345936 0.0133305 -0.0193011 0.0311427 0.0071484 0.00405968 -0.00956625 0.0108528 0.00986781
internal_weight=8620.34 4185.95 4434.4 3495 2338.57 2790.59 2667.9 1395.36 2021.99 799.261 1228.91 713.949 227.762 1159.58 1178.99 514.962 1222.73 1156.43 1091.93 960.894 939.4 916.872 405.532 262.114 120.074 645.901 553.123 486.187 819.327 797.283
internal_count=80000 42352 37648 30042 20929 26571 25261 15781 20070 10600 10463 4798 1440 7900 13029 5665 9470 9113 7937 6870 7606 6762 3627 6267 1648 5191 4452 3358 5958 5792
is_linear=0
shrinkage=0.06


Tree=84
num_leaves=31
num_cat=0
split_feature=32 4 20 1 1 22 10 17 1 17 7 18 4 7 1 19 17 17 20 18 6 15 20 21 17 1 3 1 12 7
split_gain=52.1318 42.7247 35.9337 31.2959 22.4884 20.4754 18.6542 18.4345 17.8595 20.8616 14.9018 14.6774 13.1075 13.0824 11.6685 11.1782 10.4652 10.2782 8.78512 8.65115 8.5625 8.35886 8.30845 9.07843 7.93044 7.55141 7.51132 7.36954 7.33841 8.38577
threshold=1.0000000180025095e-35 22.545000000000005 1.0000000180025095e-35 18.645000000000003 26.655000000000005 1.0000000180025095e-35 550.00000000000011 0.25167468530620707 29.695000000000004 0.24971626387090243 1.5000000000000002 0.066963239416672579 30.055000000000003 1.0000000180025095e-35 23.735000000000003 1.0000000180025095e-35 0.25167468530620707 0.27585699573924294 1.0000000180025095e-35 0.015231008662526349 649.50000000000011 28.150000000000002 1.0000000180025095e-35 3802.2500000000009 0.40539718791334717 30.985000000000003 73350.000000000015 29.105000000000004 17.500000000000004 1.5000000000000002
decision_type=2 2 2 2 2 2 2 2 2 2 2 2 2 2 2 2 2 2 2 2 2 2 2 2 2 2 2 2 2 2
left_child=1 2 3 -1 6 16 24 25 9 -5 -8 -10 13 18 17 -15 20 -2 -7 -16 -3 -14 23 -21 -4 -6 -18 -25 -24 -30
right_child=14 5 4 8 7 12 10 -9 11 -11 -12 -13 21 15 19 -17 26 -19 -20 22 -22 -23 28 27 -26 -27 -28 -29 29 -31
leaf_value=-0.044401837480750946 -0.040929156178351404 0.044482851090519145 -0.03351473809622383 -0.012374088909449766 0.009266250741950123 -0.0085186408029349122 0.00088941945488715617 0.048835760093988365 0.0015317554207285792 -0.0019730193880756601 0.015248795824948267 0.034415579752913199 0.012889366999161359 0.0043399575463063181 -0.039754962751992307 0.024395717914884922 0.022768800202874851 -0.016225145808684709 0.0052133744614408827 -0.022355062962978088 0.0091625297219280789 0.071708421671530492 0.041900889361128457 -0.0081589801507345634 -0.0039096007930821165 0.052787167539895902 0.054839711325497024 0.026233771515948533 -0.0066297973452346072 0.032949058954518308
leaf_weight=72.447047130670398 91.095643586479127 26.258008453994989 69.003195361234248 1092.3423500228673 207.51834548078477 475.94512789230794 1165.7065431522205 63.878669725731015 160.0401906631887 1904.7199152018875 334.93315018340945 70.340226251631975 392.16391089372337 591.25031037628651 31.771829290315509 120.42226182296872 213.57655232958496 181.28859020862728 258.98154145013541 176.14901584386826 418.82948218099773 8.8951722104102355 16.303233155980706 162.22284362465143 61.699373913928866 15.419167920947073 29.980833318084478 26.027515249326825 124.81200235895813 22.790647897869349
leaf_count=4544 2333 304 681 15462 1322 4412 8949 1399 1155 13594 2292 773 3084 4866 277 954 2391 1721 1887 1313 2911 71 114 962 401 227 341 259 821 180
internal_value=-3.25148e-05 0.00149926 -0.00160576 -0.00540189 0.00492488 0.00788736 0.00220082 0.0204187 -0.00452645 -0.00576391 0.00409434 0.0115719 0.00459617 0.00193526 -0.014301 0.0077336 0.0167177 -0.0244871 -0.0036796 -0.00934713 0.0112463 0.0141939 -0.00751842 -0.0125648 -0.0195394 0.0122763 0.0267166 -0.00340383 0.00370073 -0.000518608
internal_weight=8586.81 7754.35 5218.05 3299.89 1918.16 2536.3 1631.34 286.816 3227.44 2997.06 1500.64 230.38 1847.66 1446.6 832.461 711.673 688.645 272.384 734.927 560.077 445.087 401.059 528.305 364.399 130.703 222.938 243.557 188.25 163.906 147.603
internal_count=80000 72020 50799 35528 15271 21221 12323 2948 30984 29056 11241 1928 15274 12119 7980 5820 5947 4054 6299 3926 3215 3155 3649 2534 1082 1549 2732 1221 1115 1001
is_linear=0
shrinkage=0.06


Tree=85
num_leaves=31
num_cat=0
split_feature=32 11 1 1 17 17 11 17 9 5 7 10 17 5 5 7 1 9 1 7 43 9 16 11 21 8 1 7 16 17
split_gain=46.3747 39.2346 33.6022 25.7045 22.2615 21.2022 20.067 18.6192 18.0529 32.8964 18.3958 14.5667 13.9842 13.0605 12.9211 13.4036 11.9532 11.2007 10.8354 10.6716 10.4229 10.0353 9.37612 8.49656 8.2845 7.9767 8.48658 7.7944 7.77867 8.53374
threshold=1.0000000180025095e-35 52.750000000000007 22.875000000000004 27.155000000000005 0.24971626387090243 0.24971626387090243 93.950000000000017 0.25167468530620707 1.0000000180025095e-35 1.0000000180025095e-35 1.5000000000000002 1250.0000000000002 0.20864978970823689 1.0000000180025095e-35 1.0000000180025095e-35 1.5000000000000002 29.425000000000004 1.0000000180025095e-35 21.755000000000006 1.5000000000000002 1.0000000180025095e-35 1.0000000180025095e-35 0.018684990038548895 56.850000000000001 3747.2500000000005 10.500000000000002 30.985000000000003 4.5000000000000009 0.16818297511562688 0.2843554727908883
decision_type=2 2 2 2 2 2 2 2 2 2 2 2 2 2 2 2 2 2 2 2 2 2 2 2 2 2 2 2 2 2
left_child=1 2 5 6 17 13 8 11 10 -10 -3 -4 -13 -1 15 -7 19 -5 -2 -9 22 -16 -8 25 28 26 -20 -15 29 -25
right_child=18 3 7 4 -6 14 20 16 9 -11 -12 12 -14 27 21 -17 -18 -19 23 -21 -22 -23 -24 24 -26 -27 -28 -29 -30 -31
leaf_value=-0.042192510053212111 -0.030737825432194308 -0.0032197565081124105 -0.01924737237861528 0.0079162253873298477 0.036445994339083715 -0.021170367807827401 -0.076237693849699736 0.0012259599415223486 0.0049610628744186343 0.044958544703924228 0.008839921245366587 0.0006958116523866696 -0.016351093382507578 -0.015200196857937378 -0.0017282664531611961 0.00082623203950356089 0.027935220261243721 0.040422620101423327 -0.0093129375588477722 0.015090418525510102 -0.043157491454977763 0.032545390226586521 0.020982719482470619 -0.014232960263592245 0.0064335269650314187 -0.023467090284150356 0.053301074795681379 0.10317751178025823 -0.053054830838640682 0.028183610293635593
leaf_weight=123.99665059894323 113.67989269876853 1858.6523729613982 208.96438339073211 499.21346902288496 151.18875758815557 295.77041542995721 3.614457760937511 1103.3175194431096 403.22004412021488 90.672534555196762 603.11138425860554 1043.5386485159397 207.72534511424601 93.334786346182227 186.25186740420759 150.45750567596406 77.730653260834515 41.318544019013643 143.22412178153172 244.07150153443217 9.7672658609226328 36.837394159287214 298.20075222756714 130.01841887645423 154.89047111663967 241.72128062602133 8.2411795463412982 2.0462756045162669 15.700415909290312 19.656944386661053
leaf_count=6717 2525 17748 1984 3220 3253 4757 31 6718 2916 649 4515 7899 1589 1483 1173 1181 1366 497 1183 1761 70 185 2296 989 1048 1956 62 12 96 121
internal_value=-3.07191e-05 0.00141361 -0.00296362 0.00558638 0.0160937 -0.0131649 0.00336184 0.000178398 0.00183511 0.0123041 -0.000265237 -0.00458315 -0.00213419 -0.0293526 -0.00785915 -0.0137536 0.00505725 0.010401 -0.013534 0.00373742 0.0178443 0.00393114 0.0198184 -0.0107927 -0.00353779 -0.0167022 -0.00590613 -0.0126606 -0.0128769 -0.00866237
internal_weight=8560.14 7733 3774.04 3958.96 691.721 888.695 3267.24 2885.35 2955.66 493.893 2461.76 1460.23 1251.26 219.378 669.317 446.228 1425.12 540.532 827.133 1347.39 311.582 223.089 301.815 713.453 320.266 393.187 151.465 95.3811 165.376 149.675
internal_count=80000 72020 36825 35195 6970 15508 28225 21317 25828 3565 22263 11472 9488 8212 7296 5938 9845 3717 7980 8479 2397 1358 2327 5455 2254 3201 1245 1495 1206 1110
is_linear=0
shrinkage=0.06


Tree=86
num_leaves=31
num_cat=0
split_feature=4 11 1 4 9 5 17 1 20 1 11 17 17 21 7 1 15 32 32 11 20 15 11 9 1 1 20 1 2 15
split_gain=45.1488 36.7814 27.6467 24.2784 23.007 46.7852 21.7403 20.4684 18.8984 16.9515 15.3539 13.0886 12.2296 12.039 11.7708 10.5494 9.01487 8.98438 8.79263 8.84334 8.05171 8.1521 7.97233 7.60285 7.53693 7.20275 7.11003 7.09515 6.94809 6.07336
threshold=12.015000000000002 62.750000000000007 21.155000000000005 28.915000000000003 1.0000000180025095e-35 1.0000000180025095e-35 0.24971626387090243 30.755000000000006 1.0000000180025095e-35 26.515000000000004 16.250000000000004 0.18472565162674001 0.24971626387090243 2631.3000000000006 1.5000000000000002 23.975000000000005 29.350000000000005 1.0000000180025095e-35 1.0000000180025095e-35 82.250000000000014 1.0000000180025095e-35 27.150000000000002 111.65000000000002 1.0000000180025095e-35 25.985000000000003 29.025000000000002 1.0000000180025095e-35 18.645000000000003 219.85000000000005 19.550000000000004
decision_type=2 2 2 2 2 2 2 2 2 2 2 2 2 2 2 2 2 2 2 2 2 2 2 2 2 2 2 2 2 2
left_child=10 2 12 4 6 -6 -4 8 14 11 -1 -10 23 22 15 -3 18 -5 19 -15 27 -22 26 -2 -16 -20 28 -14 -12 -28
right_child=1 7 3 17 5 -7 -8 -9 9 -11 13 -13 20 16 24 -17 -18 -19 25 -21 21 -23 -24 -25 -26 -27 29 -29 -30 -31
leaf_value=-0.037831310342381803 -0.044359816735390641 -0.0063627444629173737 -0.009006761236834606 0.015269152563959845 0.0017534515247177587 0.046577357554897864 0.0010580917010352597 0.045640085727925231 0.00089144746365466465 0.039165145791540706 -0.0086887828450546573 0.018222954794268331 -0.047423532658651575 -0.0049986946045528207 0.008140871259054416 0.0048694295833117407 -0.053589337059269979 -0.01054668782671582 -0.027564076056602282 0.012762151006235201 -0.0050327696919447978 0.051404543707964274 0.066434203642458237 -0.0095913283678439112 0.028307214703078287 0.038468119911982256 -0.003207274844536959 -0.014271624607101427 -0.035029537496272238 -0.029640340756166235
leaf_weight=68.104878712445498 70.254448577295989 477.36883064173162 1394.74390505068 458.60570905543864 482.30345201585442 101.46386249735951 1732.0357006741688 50.386656723916531 254.96823841519654 91.046546113677323 50.398407730273902 407.68291395716369 28.601293700747192 728.73117907717824 291.35836547892541 814.89553948678076 13.608644182793794 54.27428965549916 79.850775586906821 117.14725414384156 212.77663154713809 9.63085740059614 3.9575548768043509 33.408511579036713 86.533149837516248 6.4254153463989487 119.45695921778679 123.99654467776418 126.63106281869113 42.398697803728282
leaf_count=1029 4659 5785 13291 3489 3319 756 11844 1071 1696 1383 962 2956 1219 6776 2068 5323 141 400 813 894 1416 59 43 769 776 45 1285 2148 3121 464
internal_value=-2.93293e-05 0.00186831 -0.00124762 0.000301236 -0.00139005 0.00954424 -0.00343148 0.00778991 0.00700309 0.0148897 -0.0100669 0.0115543 -0.0149137 -0.00859955 0.00344406 0.000720209 -0.0051078 0.0125373 -0.00440001 -0.00253896 -0.00987131 -0.00258888 -0.0182318 -0.0331546 0.0127588 -0.0226463 -0.0192206 -0.0204853 -0.0275306 -0.0101315
internal_weight=8533.05 7176.34 4702.1 4223.43 3710.55 583.767 3126.78 2474.24 2423.85 753.698 1356.71 662.651 478.668 1288.61 1670.16 1292.26 945.763 512.88 932.155 845.878 375.005 222.407 342.843 103.663 377.892 86.2762 338.885 152.598 177.029 161.856
internal_count=80000 64427 43369 33099 29210 4075 25135 21058 19987 6035 15573 4652 10270 14544 13952 11108 8669 3889 8528 7670 4842 1475 5875 5428 2844 858 5832 3367 4083 1749
is_linear=0
shrinkage=0.06


Tree=87
num_leaves=31
num_cat=0
split_feature=22 4 1 5 9 17 6 20 4 1 2 17 1 2 4 16 1 32 10 18 1 32 35 10 3 4 3 12 10 16
split_gain=43.8216 35.1697 29.7928 29.6255 64.9701 23.141 21.5275 21.3141 19.4848 17.7853 15.6899 15.5023 15.1916 14.3618 12.27 11.5005 12.0319 8.94466 8.81049 8.0643 7.97538 7.96013 7.69109 7.44549 6.82755 5.7711 5.76786 5.51946 5.99074 5.18973
threshold=1.0000000180025095e-35 9.3050000000000015 16.925000000000004 1.0000000180025095e-35 1.0000000180025095e-35 0.24971626387090243 629.50000000000011 1.0000000180025095e-35 22.625000000000004 23.155000000000005 741.59000000000003 0.24971626387090243 26.605000000000004 190.60500000000005 5.5250000000000012 0.043765327466037368 23.155000000000005 1.0000000180025095e-35 9050.0000000000018 0.0066799404564791788 26.515000000000004 1.0000000180025095e-35 1.0000000180025095e-35 5850.0000000000009 171750.00000000003 15.575000000000001 31050.000000000004 32.500000000000007 5750.0000000000009 0.025271717853924947
decision_type=2 2 2 2 2 2 2 2 2 2 2 2 2 2 2 2 2 2 2 2 2 2 2 2 2 2 2 2 2 2
left_child=6 17 27 5 12 9 25 8 15 -4 21 18 -5 -7 26 23 -17 19 22 -2 -16 -10 -9 -8 -20 -1 -13 -3 -29 -6
right_child=1 2 3 4 29 13 7 11 10 -11 -12 14 -14 -15 20 16 -18 -19 24 -21 -22 -23 -24 -25 -26 -27 -28 28 -30 -31
leaf_value=0.022292842250928743 -0.065225931404908524 -0.044698517109156739 -0.023254031805163906 -0.0014501321144626503 -0.019924960254951534 0.13289044875059972 -0.024286216465404752 -0.0018460061569471838 0.0098427098311057778 -0.0063940494619102693 0.035457303086505472 -0.076294613424468236 0.020329918591463849 -0.0001628705339649044 0.023921069916649756 -0.013878739844866794 0.003395959497020761 -0.049313365534582126 0.017121684672581339 -0.015503856928920387 0.051667419868634643 -0.015451159748258511 0.016169111488474469 -0.0031280560804764178 0.061636494776569933 0.059187003808548334 -0.0014143685876206336 -0.034757726010313517 0.12198612296089345 0.042048508950912215
leaf_weight=29.404951968230307 12.117270868271588 65.743814687710255 272.096366180107 915.2135949106887 5.003631927073001 2.9239739570766679 121.25479215104133 278.22564361989498 431.01565787568688 1308.0631596371531 83.034068959765136 4.9633392412215498 131.90481402724981 2475.8881103843451 207.31276388280094 172.27222975622863 921.9547505537048 33.563399733509868 79.086826981976628 379.94706866284832 45.474964032880962 49.985649240203202 123.04188366234303 118.27909742295742 14.71119095943868 31.73686970025301 14.586624607443808 2.0718673570081587 1.5231377054005859 174.90241112746298
leaf_count=311 357 2568 10330 6460 34 29 1390 1833 3221 10524 823 32 1322 18470 1557 2033 6482 606 648 5379 1344 370 819 934 106 535 104 86 31 1262
internal_value=-2.80072e-05 -0.00298527 -0.00166592 -0.00115337 0.00701626 -0.00362305 0.00624259 0.00543506 0.00202308 -0.00929726 0.011372 0.0138729 0.00129349 -5.9226e-06 0.0253707 -0.00193048 0.000676276 -0.0195855 0.00754793 -0.0170406 0.0289125 0.00721417 0.00367802 -0.0138386 0.0241033 0.0414435 -0.0204249 -0.04074 0.0316518 0.0403249
internal_weight=8507.3 5780.96 5355.33 5286 1227.02 4058.97 2726.34 2665.2 1897.8 1580.16 564.035 767.403 1047.12 2478.81 272.338 1333.76 1094.23 425.628 495.066 392.064 252.788 481.001 401.268 239.534 93.798 61.1418 19.55 69.3388 3.59501 179.906
internal_count=80000 57458 51116 48431 9078 39353 22542 21696 15253 20854 4414 6443 7782 18499 3037 10839 8515 6342 3406 5736 2901 3591 2652 2324 754 846 136 2685 117 1296
is_linear=0
shrinkage=0.06


Tree=88
num_leaves=31
num_cat=0
split_feature=7 1 11 4 11 1 3 11 1 5 1 4 4 11 9 20 21 9 5 21 11 21 21 10 15 4 15 18 20 11
split_gain=40.7988 34.5787 32.5762 24.0338 18.7734 17.1306 16.7704 14.6707 14.03 13.7286 13.3714 12.3523 11.3648 12.4983 11.2528 10.4109 10.316 10.0761 12.2122 11.4005 9.93275 9.83698 9.80214 10.5409 9.37547 12.4937 7.01481 10.6048 7.00721 6.37874
threshold=1.5000000000000002 19.965000000000003 37.550000000000004 24.475000000000005 90.15000000000002 25.845000000000002 61750.000000000007 101.55000000000001 26.415000000000003 1.0000000180025095e-35 16.925000000000004 34.505000000000003 28.275000000000002 29.050000000000004 1.0000000180025095e-35 1.0000000180025095e-35 6197.7500000000009 1.0000000180025095e-35 1.0000000180025095e-35 2721.3000000000006 16.250000000000004 4092.2500000000005 5820.2500000000009 4250.0000000000009 26.850000000000005 16.825000000000003 13.250000000000002 0.11428394799246953 1.0000000180025095e-35 56.550000000000004
decision_type=2 2 2 2 2 2 2 2 2 2 2 2 2 2 2 2 2 2 2 2 2 2 2 2 2 2 2 2 2 2
left_child=1 10 8 4 6 7 -4 12 17 20 -1 16 13 -2 -15 22 -5 19 -19 -3 -10 -7 -12 -24 -17 -26 27 -14 -6 -23
right_child=5 2 3 11 28 21 -8 -9 9 -11 15 -13 26 14 -16 24 -18 18 -20 -21 -22 29 23 -25 25 -27 -28 -29 -30 -31
leaf_value=-0.046829657370066585 -0.012456601585764431 -0.030813489591830785 0.0012303374452558088 0.0044543958683879109 0.0070117189805114126 0.011362117665438621 -0.0075945120545639414 0.044421631339475527 -0.019592179546378818 0.018574501893087427 -0.036147382872999866 0.030503295044875735 0.028404118689589426 0.0015110795788525733 0.018316098940753141 -0.010094816009254288 0.020540055068363108 -0.0095115621452066135 0.026467326497803451 -0.012750196843654386 -0.0010119266064243836 0.020731657043905498 -0.032144473349128996 0.068625304771535944 -0.020412425288051827 0.10843601283246998 0.032320741503766175 -0.03194806853783267 0.026525143628889327 0.045821213786770246
leaf_weight=56.211774781811982 191.67587113985792 165.00210179621354 1800.5018593529239 881.67871311213821 232.64148711878806 350.24358845036477 1361.398073291406 31.969056924805045 138.8240463975817 98.789466131478548 101.86403121100739 87.75129035487771 23.748221373185515 905.40499481931329 170.44983837939799 197.97137447725981 171.43496009893715 158.83854700718075 43.199253354221582 529.24546098290011 407.96925038006157 108.08896932844073 7.8492903644219023 7.1328135575167835 5.1662016538903099 5.6963396854698658 74.39124202542007 18.762304561212659 92.626357882283628 55.063469462096691
leaf_count=2922 1784 3290 13927 6780 1650 2544 12706 228 908 821 5426 729 166 7433 1187 2496 1573 1143 238 5236 2706 1251 277 152 71 52 525 132 724 923
internal_value=-2.66347e-05 -0.00228509 -0.00120065 0.0013158 -0.00115732 0.00764099 -0.00256932 0.00423758 -0.00875395 -0.00201018 -0.0198055 0.00887514 0.00330965 0.00165873 0.00417353 -0.0151412 0.00707296 -0.0136114 -0.00181864 -0.0170433 -0.00572922 0.0170306 -0.0294827 0.0158309 -0.0071169 0.047156 0.0212102 0.00176728 0.0125685 0.0291993
internal_weight=8481.59 6551.79 6169.9 4628.03 3487.17 1929.8 3161.9 1416.4 1541.87 645.583 381.892 1140.86 1384.43 1267.53 1075.85 325.68 1053.11 896.285 202.038 694.248 546.793 513.396 116.846 14.9821 208.834 10.8625 116.902 42.5105 325.268 163.152
internal_count=80000 63827 52431 38089 29007 16173 26633 11455 14342 4435 11396 9082 11227 10404 8620 8474 8353 9907 1381 8526 3614 4718 5855 429 2619 123 823 298 2374 2174
is_linear=0
shrinkage=0.06


Tree=89
num_leaves=31
num_cat=0
split_feature=32 22 4 11 14 7 11 4 6 4 11 4 1 1 3 16 11 1 17 8 16 18 4 11 0 10 11 12 12 18
split_gain=40.8743 33.965 29.3415 19.0785 18.389 17.4701 16.231 15.9431 16.7849 14.3729 13.6168 12.4083 10.9875 10.3411 10.1853 9.96562 9.95353 9.50509 9.70252 9.34873 8.63879 7.96063 7.60849 7.66273 8.35139 8.74683 7.53349 7.50467 7.47305 7.29295
threshold=1.0000000180025095e-35 1.0000000180025095e-35 19.055000000000003 44.250000000000007 1.0000000180025095e-35 1.5000000000000002 66.15000000000002 14.975000000000003 629.50000000000011 31.015000000000004 23.650000000000002 5.8150000000000004 17.855000000000004 17.505000000000006 34150.000000000007 0.22146152166716487 13.750000000000002 23.735000000000003 0.27585699573924294 19.500000000000004 0.056843321800415146 0.18604260570677825 20.985000000000003 58.150000000000013 11000.000000000002 2550.0000000000005 104.15000000000002 33.500000000000007 28.500000000000004 0.13953105292688242
decision_type=2 2 2 2 2 2 2 2 2 2 2 2 2 2 2 2 2 2 2 2 2 2 2 2 2 2 2 2 2 2
left_child=1 5 3 13 6 7 9 16 -9 -4 -10 -7 -5 -3 -14 -15 -1 18 -2 -8 21 -13 23 -19 -25 -26 -18 -24 -6 -30
right_child=17 2 4 12 28 11 19 8 10 -11 -12 20 14 15 -16 -17 26 22 -20 -21 -22 -23 27 24 25 -27 -28 -29 29 -31
leaf_value=-0.037839585404046271 -0.038753025423604974 -0.059628435149966429 -0.0042317822558245351 -0.027869070918088136 0.019582159726593121 -0.027901807236304338 0.0091860038855665245 0.05850360295778953 -0.0081325496073644723 0.012825850740359713 0.0098968651485886131 0.0064772657399888656 0.0080395422990342854 -0.017302825331207132 -0.0040547719686422606 -0.0015700249720756281 -0.0025330386659837998 -0.022792942976122409 -0.014161239067975109 -0.048592307329377922 0.026222562334571962 0.074268047975161372 -0.0024687817189557441 -0.026418532639182812 0.039981651529005589 -0.0041079582630067953 0.045047634055854088 0.058274292405416678 -0.016377244534116726 0.036614893152632694
leaf_weight=28.521006888709962 85.776121173985302 17.582591296173632 1518.8108973242342 59.915261246263981 290.33714760188013 20.620345660485327 730.49788055708632 23.652778365649283 173.86323539353907 201.41468098945916 1137.0875200834125 163.77542197424918 311.35707577085122 538.52929084794596 1286.2766336882487 198.31858271174133 582.22184900054708 176.85721407178789 176.81669746991247 10.222586878575383 277.81718072108924 6.4828843697905532 244.93225239682943 38.706740325316787 21.793079135939479 63.102899093180895 12.231135711073874 7.5478279273957005 42.308509316295385 12.001473812386392
leaf_count=289 2333 1193 14057 2335 2240 174 5951 400 1324 1595 9310 1150 2332 7397 12512 1648 4817 1337 1721 84 2672 56 1731 261 134 408 82 55 316 86
internal_value=-2.60592e-05 0.00133624 -0.00139115 -0.00624385 0.00278074 0.00720134 0.000962904 0.0047101 0.00840956 -0.00223457 0.00750574 0.0176063 -0.00264377 -0.0141535 -0.00169775 -0.0130684 -0.00321527 -0.0127946 -0.0221942 0.00838861 0.0197006 0.00905852 -0.00833076 -0.0147826 -0.00332093 0.00720999 -0.00155405 -0.000652883 0.0157609 -0.00466699
internal_weight=8459.38 7643.85 5217.57 2411.98 2805.59 2426.27 2460.95 1957.58 1334.6 1720.23 1310.95 468.696 1657.55 754.43 1597.63 736.848 622.974 815.533 262.593 740.72 448.075 170.258 552.94 300.46 123.603 84.896 594.453 252.48 344.647 54.31
internal_count=80000 72020 51746 27417 24329 20274 21687 16222 11034 15652 10634 4052 17179 10238 14844 9045 5188 7980 4054 6035 3878 1206 3926 2140 803 542 4899 1786 2642 402
is_linear=0
shrinkage=0.06


Tree=90
num_leaves=31
num_cat=0
split_feature=5 9 1 11 4 1 1 7 1 17 1 16 7 11 1 1 18 3 17 16 18 2 15 1 11 10 7 30 1 18
split_gain=36.3468 76.4518 35.3982 31.2614 29.0178 20.0828 18.2228 16.0808 15.7916 14.617 24.3944 14.2937 14.2134 11.8795 11.225 10.921 10.9054 9.77498 9.74674 8.27478 7.33117 7.74672 10.5213 7.18855 6.52974 6.51906 6.49856 5.34622 8.16865 5.18492
threshold=1.0000000180025095e-35 1.0000000180025095e-35 16.925000000000004 29.450000000000003 20.505000000000006 29.515000000000004 23.695000000000004 1.5000000000000002 20.385000000000002 0.24971626387090243 25.945000000000004 0.11076421030909099 1.5000000000000002 25.150000000000002 24.735000000000003 27.055000000000003 0.063907972525216614 167650.00000000003 0.25167468530620707 0.12465948966206475 0.022139935462766411 405.75000000000006 8.5500000000000025 30.205000000000002 20.350000000000005 2450.0000000000005 1.5000000000000002 1.0000000180025095e-35 22.455000000000002 0.060735121995426668
decision_type=2 2 2 2 2 2 2 2 2 2 2 2 2 2 2 2 2 2 2 2 2 2 2 2 2 2 2 2 2 2
left_child=2 5 -1 6 7 9 24 8 -5 13 11 -11 14 29 -6 -9 -14 -15 23 -20 21 27 -23 -8 26 -26 -4 -3 -29 -2
right_child=1 20 3 4 12 -7 18 15 -10 10 -12 -13 16 17 -16 -17 -18 -19 19 -21 -22 22 -24 -25 25 -27 -28 28 -30 -31
leaf_value=-0.053072639719608655 -0.023042908651569577 -0.051729907650595347 -0.047813560059335042 -0.02619581085298547 -0.002900323240908918 0.039583985211879551 -0.018996332891822239 0.00065902808050369321 -0.0051017619890785229 0.04048717060631659 0.042404482199905322 0.0017648196589543494 0.030622821109235081 -0.0036177378810020523 0.0063366482968751541 0.020617755718614898 0.0092320815897892188 0.02844990767815744 0.019437062551708784 -0.0043403649210387663 0.041604753031097161 -0.050363087258688766 0.049263074730988989 0.0020508235212397946 -0.0077312736718156798 -0.0393193771439969 -0.018962718725716247 -0.060222669906244315 0.071460116317186781 -0.10793981912569957
leaf_weight=48.692155008669943 82.372289922088385 8.4042953774332982 69.406628668308258 135.71944947214797 807.04326863912866 50.619271609932184 270.92239322792739 639.69828814733773 2179.7474682568572 36.266429087147117 64.728678475134075 638.80767191015184 108.19644301384687 663.06718632858247 1146.3822311982512 116.70062976703048 414.52206937223673 36.082513003610075 61.679875122383237 361.51263786200434 222.16236521862447 4.5407506544142988 23.914539013057947 74.479480151087046 87.810597498435527 32.124833332374692 47.233472661115229 2.8172125332057467 4.2606809213757515 2.6738322786986819
leaf_count=3019 777 60 2217 5007 8121 999 2695 5098 19304 242 1288 4173 817 5043 8385 1063 3359 285 379 2228 1818 33 171 376 1647 734 586 29 27 20
internal_value=-2.50177e-05 0.00743064 -0.00210379 -0.00172507 3.88548e-05 0.00240391 -0.011461 -0.00385699 -0.00633817 0.00116898 0.0072188 0.00384507 0.00487198 -0.00453837 0.00252046 0.00373835 0.0136597 -0.00196275 -0.00697899 -0.000874829 0.0371758 0.0147817 0.0333652 -0.0144579 -0.0260224 -0.0161922 -0.0361304 -0.0193735 0.0190464 -0.025712
internal_weight=8442.59 1840.72 6601.87 6553.18 5548.01 1574.62 1005.17 3071.87 2315.47 1524 739.803 675.074 2476.14 784.196 1953.43 756.399 522.719 699.15 768.594 423.193 266.1 43.9375 28.4553 345.402 236.576 119.935 116.64 15.4822 7.07789 85.0461
internal_count=80000 14965 65035 62016 51154 12827 10862 30472 24311 11828 5703 4415 20682 6125 16506 6161 4176 5328 5678 2607 2138 320 204 3071 5184 2381 2803 116 56 797
is_linear=0
shrinkage=0.06


Tree=91
num_leaves=31
num_cat=0
split_feature=32 4 5 9 1 17 11 17 11 11 1 17 1 11 1 16 3 11 39 3 7 17 2 21 7 11 8 4 16 21
split_gain=36.8845 31.3101 29.0925 54.1402 26.4326 23.3483 23.3404 22.0429 18.5919 18.0018 14.6061 10.6396 8.68849 8.39781 8.59951 12.7782 10.1449 7.87594 7.78426 7.63814 7.39092 7.38464 9.47534 7.92255 7.46244 6.47357 6.46335 5.89705 5.61351 5.9466
threshold=1.0000000180025095e-35 9.7450000000000028 1.0000000180025095e-35 1.0000000180025095e-35 24.735000000000003 0.25936670859323357 20.350000000000005 0.24971626387090243 41.550000000000004 62.750000000000007 29.515000000000004 0.17727432205874913 21.755000000000006 27.450000000000003 27.205000000000002 0.018684990038548895 53050.000000000007 109.35000000000001 1.0000000180025095e-35 188750.00000000003 1.5000000000000002 0.24971626387090243 1340.3800000000003 7313.2500000000009 1.5000000000000002 26.050000000000004 4.5000000000000009 5.5250000000000012 0.27885170588632263 8698.7500000000018
decision_type=2 2 2 2 2 2 2 2 2 2 2 2 2 2 2 2 2 2 2 2 2 2 2 2 2 2 2 2 2 2
left_child=1 13 4 10 6 8 20 -8 -6 -7 11 -4 -2 27 16 -16 17 -15 -17 -18 -3 26 23 24 -23 -25 -14 -1 -24 -30
right_child=12 2 3 -5 5 9 7 -9 -10 -11 -12 -13 21 14 15 18 19 -19 -20 -21 -22 22 28 25 -26 -27 -28 -29 29 -31
leaf_value=-0.053120604885494992 -0.028102928923341996 -0.037867011415742287 -0.0032910453291472045 0.03888473184554031 -0.0089837240086124252 0.0070461443140129813 -0.012095003494461973 0.00097032504156012922 0.0041810187117051487 0.0251919304566307 0.041722994503858614 0.0084465669942798693 0.05748480597687932 -0.004395797539180262 -0.11185555276331306 0.016580251596336745 -0.021260689314826237 0.076218339592025494 -0.054648651164263873 0.037790990925273445 -0.01027681295921801 -0.0098660194776311241 -0.0059997157756507893 -0.033613345782433961 0.013530438977797236 0.029376452983643889 -0.017481608680341869 -0.018076272365824608 -0.10940741774068023 -0.032142124256714505
leaf_weight=24.840123002883047 107.29020026884973 90.416074397508055 433.05551733076572 202.01528995204717 556.50247740373015 870.00860102940351 638.76775516476482 1707.5636594467796 1261.8909216364846 254.36213785223663 38.629635931923985 776.54357177671045 4.1952833849936715 268.67015505908057 3.0921167396008959 87.977747957222164 262.10480658942834 4.4349925089627495 5.8934083972126237 8.1300283479504269 56.982003928627819 246.23184089362621 10.547749958932402 6.8136541917920104 61.294430814683437 42.574059587903321 315.63938080798835 56.844321488402784 5.994587989524006 8.9245818816125375
leaf_count=410 2525 2214 3269 1685 3950 6529 14340 12700 7970 3071 853 6061 31 2773 17 650 3834 34 47 142 595 1624 72 52 400 353 2834 876 34 55
internal_value=-2.41863e-05 0.00127125 0.00251748 0.0100679 0.000503306 0.00435461 -0.00404149 -0.00258659 0.000152071 0.0111512 0.00540419 0.00424432 -0.0122003 -0.0106159 -0.00830469 0.00815521 -0.0112421 -0.00308669 0.0121084 -0.0194841 -0.027201 -0.00977058 -0.00414334 -0.0016204 -0.00520277 0.0206862 -0.0164983 -0.0287332 -0.0395019 -0.0631877
internal_weight=8418.23 7608.73 6886.74 1450.24 5436.49 2942.76 2493.73 2346.33 1818.39 1124.37 1248.23 1209.6 809.506 721.988 640.303 96.9633 543.34 273.105 93.8712 270.235 147.398 702.216 382.381 356.914 307.526 49.3877 319.835 81.6844 25.4669 14.9192
internal_count=80000 72020 63237 11868 51369 21520 29849 27040 11920 9600 10183 9330 7980 8783 7497 714 6783 2807 697 3976 2809 5455 2590 2429 2024 405 2865 1286 161 89
is_linear=0
shrinkage=0.06


Tree=92
num_leaves=31
num_cat=0
split_feature=22 11 4 11 17 1 6 20 11 17 17 1 6 4 21 4 6 20 16 4 11 12 11 17 15 4 21 11 11 15
split_gain=35.1224 27.6461 26.6472 20.8768 20.2054 19.8769 18.8874 18.6378 16.0365 13.7483 13.3334 12.8535 12.5594 12.5076 12.7717 11.4122 10.852 13.7297 10.7787 10.3722 9.69059 8.79404 8.37209 8.15261 7.43103 7.26263 13.6516 9.48673 6.44435 8.17512
threshold=1.0000000180025095e-35 90.15000000000002 21.145000000000003 2.2500000000000004 0.24971626387090243 21.985000000000003 629.50000000000011 1.0000000180025095e-35 78.250000000000014 0.25167468530620707 0.24971626387090243 21.205000000000002 759.50000000000011 22.715000000000003 6256.2500000000018 28.125000000000004 699.50000000000011 1.0000000180025095e-35 0.018684990038548895 5.5250000000000012 37.550000000000004 15.500000000000002 61.250000000000007 0.80242573634458281 28.550000000000004 16.745000000000001 7313.2500000000009 48.050000000000004 114.95000000000002 14.250000000000002
decision_type=2 2 2 2 2 2 2 2 2 2 2 2 2 2 2 2 2 2 2 2 2 2 2 2 2 2 2 2 2 2
left_child=6 2 3 -2 5 -5 -1 8 13 12 25 -6 15 20 -15 -4 17 -11 -10 -12 -8 -20 -21 -18 28 27 -27 -9 -3 -30
right_child=1 24 9 4 11 -7 7 10 18 16 19 -13 -14 14 -16 -17 23 -19 21 22 -22 -23 -24 -25 -26 26 -28 -29 29 -31
leaf_value=0.039512322924498008 -0.048153952734202268 0.0091004857131552468 -0.0073192432128656058 -0.032901336954170468 -0.012292020847955604 -0.010081476981833147 -0.012491513778405289 -0.015224503066071485 -0.057844762732173469 0.0075236479511327685 -0.018363154528712674 -0.0005694694344918871 -0.049826379914785689 0.0033718259742482565 0.030422875136974267 0.0060013271183254266 0.0028920769874681172 0.033398505844857977 -0.041796922656024957 0.020581234238410583 -0.00036961842389124686 0.01956014313851508 0.046044319677063947 -0.017392021619387885 0.069307618752437058 0.015145938582420288 -0.092042655233953469 0.010131226672650198 0.0018752060764564064 0.063123666007831189
leaf_weight=57.955092617310584 44.895705451257527 354.7645085407421 713.66243482241407 162.47183345025405 436.54221687326208 890.8904727739282 339.21273750020191 96.597393626347184 7.029974825680255 420.18745418451726 19.532767102122307 1472.7133018001914 21.028272043913603 409.83368162065744 74.209739113226533 342.73713231878355 634.33695446979254 89.561158823780715 8.7064216500148159 182.41111934743822 791.1413905066438 246.44839719869196 62.382610628381371 80.370324390940368 8.1545517742633802 270.3550818040967 4.3462640997022381 118.0264638569206 13.616632386110721 18.509510392323136
leaf_count=846 688 2911 6879 8728 6548 9103 3023 628 55 2894 136 9490 980 3051 708 2633 4418 1305 71 1891 6385 1960 1010 545 76 1991 37 750 107 153
internal_value=-2.30474e-05 -0.00268756 -0.00382692 -0.00754563 -0.00693025 -0.0136012 0.00563115 0.0048846 0.00168385 0.00103174 0.0128544 -0.00324978 -0.0039115 -0.000551376 0.00751908 -0.00299753 0.00538141 0.0120698 0.0154472 0.0237128 -0.00400733 0.0174665 0.0270702 0.000611088 0.0126255 0.0069889 0.01345 -0.00128082 0.0114308 0.0371636
internal_weight=8392.63 5704.44 5309.4 3007.51 2962.62 1053.36 2688.19 2630.23 1876.58 2301.88 753.652 1909.26 1077.43 1614.4 484.043 1056.4 1224.46 509.749 262.185 264.326 1130.35 255.155 244.794 714.707 395.045 489.325 274.701 214.624 386.891 32.1261
internal_count=80000 57458 54211 34557 33869 17831 22542 21696 15253 19654 6443 16038 10492 13167 3759 9512 9162 4199 2086 3037 9408 2031 2901 4963 3247 3406 2028 1378 3171 260
is_linear=0
shrinkage=0.06


Tree=93
num_leaves=31
num_cat=0
split_feature=32 20 1 1 17 17 4 17 11 1 1 3 3 11 1 11 1 11 1 11 17 11 1 1 17 4 11 3 28 11
split_gain=33.4858 28.926 28.0352 21.9531 21.0096 20.4045 16.3723 15.001 15.7145 17.2849 16.2066 13.9296 15.5081 13.5684 12.6075 12.4987 11.3374 11.2178 10.4449 10.1839 9.56745 8.45325 7.89076 7.42869 7.25313 6.9642 7.67404 8.51931 7.1992 8.8015
threshold=1.0000000180025095e-35 1.0000000180025095e-35 23.155000000000005 26.655000000000005 0.24971626387090243 0.25167468530620707 16.825000000000003 0.25167468530620707 38.850000000000001 27.055000000000003 30.525000000000002 182450.00000000003 86150.000000000015 75.950000000000017 29.425000000000004 23.650000000000002 16.755000000000006 85.050000000000011 19.965000000000003 61.250000000000007 0.24971626387090243 52.750000000000007 24.735000000000003 30.985000000000003 0.27585699573924294 12.205000000000002 92.550000000000011 126350.00000000001 1.0000000180025095e-35 67.850000000000009
decision_type=2 2 2 2 2 2 2 2 2 2 2 2 2 2 2 2 2 2 2 2 2 2 2 2 2 2 2 2 2 2
left_child=1 2 4 6 18 19 11 8 9 -4 -10 12 -3 14 -9 -6 -17 20 -1 23 -8 -20 24 -5 -2 28 27 -27 29 -24
right_child=22 3 7 5 15 -7 17 13 10 -11 -12 -13 -14 -15 -16 16 -18 -19 21 -21 -22 -23 25 -25 -26 26 -28 -29 -30 -31
leaf_value=-0.051808779694279328 -0.030173577402043596 0.00076795437298939908 -0.028290874814036429 0.0037844622975479756 -0.032266811911843093 0.046059470270948637 0.0015602146459387485 0.0016950408953110788 -0.0014569719654085383 -0.0036850664155599414 0.023204798772396711 0.051184226576812646 -0.01883372888164522 0.018267058691751423 0.025856733841936552 -0.051885813703756736 -0.0029332068795442745 0.028619634552168521 -0.037533679104794479 0.03193717308905724 0.012318677677684735 -0.01017308737278891 -0.021721383668641497 0.04251511045452834 -0.012112372546281908 -0.0027303425324355138 0.036431933087156157 -0.035321231725855343 -0.042555761080058485 0.073760356473155167
leaf_weight=45.248196658911183 122.59739571111277 728.9624259006232 161.05364177469164 235.36903375759721 59.60359431989491 80.898720621131361 612.65763702290133 1556.1376152224839 1345.3493475867435 284.03193813562393 103.29360901005566 17.31605887087062 181.47649294231087 236.82037194818258 81.834552736021578 17.37054087780416 873.85229353234172 91.197607908397913 61.905094612389803 74.511476133018732 578.61968259513378 118.40423208475113 12.585477859713139 19.289169849827886 230.61774110235274 349.78124251868576 16.452366087585688 31.472558077424765 35.14625976793468 4.801439616829156
leaf_count=4698 2770 5604 2745 1479 1312 2384 4350 9256 9593 1628 940 159 1722 2013 1548 919 8352 733 3737 913 4019 3604 89 312 2038 2459 113 212 264 35
internal_value=-2.18208e-05 0.00121505 -0.00148568 0.00631174 -0.00957171 0.0190619 0.00394619 0.00103846 -0.00272809 -0.0125886 0.000301504 -0.0021253 -0.00313922 0.00484304 0.00290218 -0.00566633 -0.00388733 0.00833837 -0.0260347 0.0124268 0.00678575 -0.0195667 -0.011668 0.00671813 -0.0183812 -0.00640143 -0.00368936 -0.00542073 -0.0269333 0.00464613
internal_weight=8368.66 7565.2 4944.91 2620.3 1176.38 410.068 2210.23 3768.52 1893.73 445.086 1448.64 927.755 910.439 1874.79 1637.97 950.826 891.223 1282.47 225.558 329.17 1191.28 180.309 803.454 254.658 353.215 450.239 397.706 381.254 52.5332 17.3869
internal_count=80000 72020 50345 21675 22622 5088 16587 27723 14906 4373 10533 7485 7326 12817 10804 10583 9271 9102 12039 2704 8369 7341 7980 1791 4808 3172 2784 2671 388 124
is_linear=0
shrinkage=0.06


Tree=94
num_leaves=31
num_cat=0
split_feature=7 11 4 32 4 5 29 20 11 11 28 11 15 4 8 15 8 6 15 10 13 6 22 3 4 18 11 16 3 15
split_gain=37.8021 26.6807 25.6978 20.8507 17.7376 17.2419 13.9222 12.9918 12.0507 11.0949 9.62791 9.38823 9.21184 8.66541 9.1194 8.14484 7.50716 7.00208 9.04239 6.73295 6.87118 6.61596 6.57741 6.56421 6.45634 6.44131 6.35272 8.18828 7.92712 5.7243
threshold=1.5000000000000002 82.250000000000014 11.685 1.0000000180025095e-35 33.935000000000009 1.0000000180025095e-35 1.0000000180025095e-35 1.0000000180025095e-35 13.750000000000002 1.0000000180025095e-35 1.0000000180025095e-35 29.050000000000004 28.250000000000004 20.585000000000004 9.5000000000000018 28.950000000000003 8.5000000000000018 629.50000000000011 18.650000000000002 950.00000000000011 1.5000000000000002 684.50000000000011 1.0000000180025095e-35 111150.00000000001 21.145000000000003 0.0089598447688068444 105.65000000000002 0.057970469127331677 59350.000000000007 3.0500000000000003
decision_type=2 2 2 2 2 2 2 2 2 2 2 2 2 2 2 2 2 2 2 2 2 2 2 2 2 2 2 2 2 2
left_child=1 2 8 4 5 -4 7 9 -1 -2 11 23 19 22 -15 16 -10 18 -5 20 -3 -13 -11 -9 -19 -12 28 -28 -21 -8
right_child=6 12 3 17 -6 -7 29 10 15 13 25 21 -14 14 -16 -17 -18 24 -20 26 -22 -23 -24 -25 -26 -27 27 -29 -30 -31
leaf_value=-0.047191102097832865 -0.05332823630540677 -0.058705359910571429 -0.0034469555640802185 -0.0060767329838543544 0.021192128430936125 0.0056854000295021214 -0.03950628102237061 -0.0041250703592675938 0.0013401378979527188 0.0075579049859754305 -0.039212223788487571 0.037663500141161342 0.049630169992193045 -0.0033424612026477594 0.014451587085884211 -0.060890913550974007 -0.014210756327854188 -0.023126008777529218 0.074635044605088588 0.01255148154484317 0.014296819440509569 0.010805786868793405 -0.0050604626175045266 -0.064122675118809536 -0.0086156710662630386 0.031963727134054487 0.054032974615505769 0.012703798619397617 -0.0008128055973628005 0.029467336785814511
leaf_weight=36.960382014745846 12.654774210415779 11.036396556533875 3338.0980212679133 17.29443117976189 128.73318702541292 957.80263902060688 4.4960580365732303 65.206866145133972 137.70592813100666 215.03039736952633 4.7745458260178557 36.56035097502172 18.896991890389472 147.1773131173104 350.877899216488 12.110790127189828 593.02139377896674 219.36522622359917 7.0275591108947983 325.21077550575137 8.010474572889505 340.82792424503714 482.20209264103323 7.2996320221573106 222.21743211289868 110.80141453258693 22.737160635180771 71.61034379620105 314.10765276197344 118.49578556697816
leaf_count=644 135 91 33340 125 1064 7686 58 437 1766 1522 24 231 164 1085 2591 179 7792 2522 57 2744 71 2340 4722 59 1970 1175 192 600 2820 1794
internal_value=-2.10503e-05 -0.00221298 -0.00363739 -0.00202449 -0.000753205 -0.00141083 0.00742476 0.0060709 -0.0137528 0.00255721 0.0135768 0.00960858 0.00825461 0.00314888 0.00919337 -0.012089 -0.0112802 -0.0140977 0.017244 0.00721587 -0.0280031 0.0134077 -0.00116889 -0.0101654 -0.015824 0.0290234 0.0081302 0.0226639 0.00598539 0.026946
internal_weight=8338.35 6441.95 5670.34 4890.54 4424.63 4295.9 1896.41 1773.41 779.798 1207.94 565.471 449.895 771.61 1195.29 498.055 742.838 730.727 465.905 24.322 752.713 19.0469 377.388 697.232 72.5065 441.583 115.576 733.666 94.3475 639.318 122.992
internal_count=80000 63827 57145 46764 42090 41026 16173 14321 10381 10055 4266 3067 6682 9920 3676 9737 9558 4674 182 6518 162 2571 6244 496 4492 1199 6356 792 5564 1852
is_linear=0
shrinkage=0.06


Tree=95
num_leaves=31
num_cat=0
split_feature=7 22 4 11 6 6 10 4 11 20 29 20 17 11 4 6 17 6 16 32 16 3 3 4 6 17 4 10 10 16
split_gain=33.5029 23.9931 23.7089 25.1295 16.1524 15.6905 14.3868 13.31 12.9097 13.6123 12.6638 11.5787 10.2856 10.0005 9.86415 11.3211 9.29795 9.56079 7.91854 7.85048 7.83977 7.19834 10.0721 7.1538 7.12331 7.01873 6.82078 6.44475 6.11933 6.10538
threshold=1.5000000000000002 1.0000000180025095e-35 9.3050000000000015 46.050000000000004 629.50000000000011 774.50000000000011 1550.0000000000002 32.185000000000009 77.15000000000002 1.0000000180025095e-35 1.0000000180025095e-35 1.0000000180025095e-35 0.11848266361695532 1.0000000180025095e-35 30.275000000000002 714.50000000000011 0.24971626387090243 694.50000000000011 0.10986106256625142 1.0000000180025095e-35 0.090366063642264391 69750.000000000015 98150.000000000015 20.585000000000004 624.50000000000011 0.25167468530620707 15.575000000000001 2650.0000000000005 6150.0000000000009 0.090366063642264391
decision_type=2 2 2 2 2 2 2 2 2 2 2 2 2 2 2 2 2 2 2 2 2 2 2 2 2 2 2 2 2 2
left_child=1 4 24 14 26 6 -5 8 9 -6 11 13 -10 -2 15 -4 20 -18 -19 23 -13 29 -23 -15 -3 -26 -1 -22 -16 -9
right_child=10 2 3 5 7 -7 -8 21 12 -11 -12 16 -14 19 28 -17 17 18 -20 -21 27 22 -24 -25 25 -27 -28 -29 -30 -31
leaf_value=0.014992223201904485 -0.051210610412370038 0.010633584992144791 -0.0089271720448053371 0.018664990495172836 -0.0040129614196777906 -0.041750640176200324 -0.00058299597984946166 -0.016594858950798569 -0.0080192860047399398 0.0074218300073964801 0.025791883317175378 0.010755444848533477 0.019305376787537704 0.00041526261072133175 0.014030066369930124 -0.023631047431098028 0.046790701016126965 0.064424919893221327 0.012761612486235065 -0.012389763447456757 -0.039825336569178311 0.085229389446806553 0.014053806348707822 0.010305759605930448 -0.039853989246559723 -0.018036575526360749 0.05994000140302972 0.001415679853267803 -0.013900267953076025 0.034654745952599188
leaf_weight=24.514622561633587 12.39547840785235 23.235932471230626 1028.9370964230038 148.36978834075853 1209.9342253752984 31.992564741056412 2419.2038488104008 15.676722541451452 63.718867844901979 542.96833572629839 120.86661090701818 277.74323237780482 223.70749069750309 637.15988350799307 92.846698008012027 230.78861340065487 45.616039319895208 11.403043290600179 168.5077945291996 108.99139523692429 21.156251771375537 15.176972400397064 13.545748704113064 448.65183616057038 73.057499806862324 194.15118196187541 24.104958616197109 38.401861194521189 40.582505661062896 17.949879920110106
leaf_count=253 135 143 9066 1287 10049 1116 22059 110 469 4279 1852 1887 1979 5622 757 6167 658 100 1224 997 151 129 95 3301 2619 2269 424 246 307 250
internal_value=-1.97583e-05 -0.00208309 -0.00467969 -0.0034757 0.00308667 8.934e-06 0.000529268 0.0022961 0.00146162 -0.000470991 0.00700148 0.00571837 0.0132478 0.00240485 -0.00997788 -0.011621 0.0128255 0.0222567 0.0160361 0.00296108 0.00651958 0.029604 0.0516627 0.00450197 -0.0212308 -0.0240017 0.0372767 -0.013234 0.00553505 0.0107622
internal_weight=8325.36 6434.46 4283.17 3992.72 2151.3 2599.57 2567.57 2102.68 2040.33 1752.9 1890.89 1770.03 287.426 1207.2 1393.15 1259.73 562.828 225.527 179.911 1194.8 337.301 62.3493 28.7227 1085.81 290.445 267.209 48.6196 59.5581 133.429 33.6266
internal_count=80000 63827 45790 40759 18037 24462 23346 17360 16776 14328 16173 14321 2448 10055 16297 15233 4266 1982 1324 9920 2284 584 224 8923 5031 4888 677 397 1064 360
is_linear=0
shrinkage=0.06


Tree=96
num_leaves=31
num_cat=0
split_feature=1 7 9 5 1 17 17 6 1 29 20 18 4 17 1 4 5 3 1 1 16 16 3 21 5 39 15 15 9 3
split_gain=30.4666 30.4913 24.0008 50.9502 26.3018 25.5896 18.8096 16.5032 13.6749 10.8819 10.6525 10.0785 10.0484 9.02273 8.84426 8.00407 7.89708 7.6371 7.58544 7.50091 12.3068 6.88394 6.75105 6.32539 5.7603 7.92641 7.08121 5.74073 5.51791 11.4376
threshold=16.925000000000004 1.5000000000000002 1.0000000180025095e-35 1.0000000180025095e-35 22.795000000000005 0.25167468530620707 0.24971626387090243 614.50000000000011 28.735000000000003 1.0000000180025095e-35 1.0000000180025095e-35 0.02708757752494519 6.1050000000000013 0.24971626387090243 22.795000000000005 39.015000000000008 1.0000000180025095e-35 59350.000000000007 25.185000000000006 24.415000000000003 0.078052596811610864 0.060347983155527397 31850.000000000004 3718.6500000000001 1.0000000180025095e-35 1.0000000180025095e-35 17.350000000000005 3.0500000000000003 1.0000000180025095e-35 37150.000000000007
decision_type=2 2 2 2 2 2 2 2 2 2 2 2 2 2 2 2 2 2 2 2 2 2 2 2 2 2 2 2 2 2
left_child=24 2 4 12 5 16 7 -6 -8 10 15 -7 22 18 -15 21 -2 -14 -12 20 -5 -3 -4 27 -1 28 -27 -11 -26 -30
right_child=1 9 3 19 6 11 8 -9 -10 23 13 -13 17 14 -16 -17 -18 -19 -20 -21 -22 -23 -24 -25 25 26 -28 -29 29 -31
leaf_value=-0.05185301590385747 -0.041186350157368601 -0.006265705594411264 -0.095802739476424495 0.00083431163580365583 0.021483105914350813 -0.024348819379289472 0.0014460094503930081 -0.0063225724953354483 0.019751099122257681 -0.074748542178150912 0.0015623037190977372 -0.0046227513150302255 0.0069967365737739684 0.013855596707554853 0.039890058755648605 0.10006254940348988 -0.018407218206637231 -0.0044773616882462725 0.022708506541652195 0.049234932778385566 0.038264645825073711 0.0048617640452910758 -0.020837898061586067 0.042064154407624295 -0.043532135698706564 0.14553576373708629 -0.030236654994767392 0.016865726447706036 0.14173804520685279 -0.02538421907247362
leaf_weight=43.495626442367211 110.51122028473765 254.45522638596594 5.1884577739983824 48.766043754294515 79.962621420621872 105.95068068196997 1986.2543428642675 1969.7122576134279 158.65580612421036 2.5517469588667145 251.16909257508814 777.42061203159392 426.63083289703354 140.25392070971429 70.631416708230972 3.0341227371245614 108.66095253452659 409.06092702457681 80.686570709571242 69.680894568562508 89.955333495512605 937.74011379899457 25.978715381585062 46.065429279580712 23.011326897423714 1.885684194043278 1.4670124808326361 70.255862702615559 1.9246713481843487 6.2993178013712168
leaf_count=3019 8858 2389 41 324 495 2125 12171 16493 2822 21 1589 7410 3282 831 1049 23 1921 3383 573 782 533 7065 265 1046 555 26 26 785 16 82
internal_value=-1.86776e-05 0.000335265 -0.00163623 0.00653667 -0.00329524 -0.0115418 -0.00112765 -0.00523781 0.00280001 0.00710113 0.00589987 -0.00698868 0.000132778 0.0128707 0.0225753 0.00273448 -0.0298929 0.00138031 0.00670374 0.033174 0.0251064 0.00248678 -0.0333174 0.024664 -0.0373207 -0.0190459 0.0686244 0.0136548 -0.0284561 0.0137276
internal_weight=8307.32 8229.23 6372.39 1075.26 5297.13 1102.54 4194.59 2049.67 2144.91 1856.84 1737.97 883.371 866.859 542.741 210.885 1195.23 219.172 835.692 331.856 208.402 138.721 1192.2 31.1672 118.873 78.0836 34.588 3.3527 72.8076 31.2353 8.22399
internal_count=80000 76276 60905 8610 52295 20314 31981 16988 14993 15371 13519 9535 6971 4042 1880 9477 10779 6665 2162 1639 857 9454 306 1852 3724 705 52 806 653 98
is_linear=0
shrinkage=0.06


Tree=97
num_leaves=31
num_cat=0
split_feature=22 32 11 1 9 4 6 7 11 4 4 21 4 16 6 11 6 11 18 4 11 21 17 6 8 18 4 21 43 21
split_gain=28.9111 23.2188 23.8 18.8043 17.9272 15.7764 14.7086 14.6099 13.2752 13.0711 10.5592 10.4818 10.3404 9.4426 12.1606 10.2313 8.82749 12.6044 8.12651 7.73994 7.69305 7.55229 7.45053 7.24534 7.0611 6.11905 5.79258 7.39361 5.5151 5.32226
threshold=1.0000000180025095e-35 1.0000000180025095e-35 66.15000000000002 16.925000000000004 1.0000000180025095e-35 29.445000000000004 629.50000000000011 1.5000000000000002 25.150000000000002 29.095000000000002 7.6350000000000007 6761.0000000000009 16.335000000000004 0.059760519451636789 714.50000000000011 111.65000000000002 679.50000000000011 114.95000000000002 0.0078399640614233608 2.6750000000000003 31.850000000000005 3719.400000000001 0.15957255830743011 629.50000000000011 19.500000000000004 0.18604260570677825 23.255000000000006 1233.5500000000004 1.0000000180025095e-35 2044.2500000000002
decision_type=2 2 2 2 2 2 2 2 2 2 2 2 2 2 2 2 2 2 2 2 2 2 2 2 2 2 2 2 2 2
left_child=6 2 3 -2 5 -5 -1 8 19 11 -3 -10 13 15 -15 -4 24 -18 -6 -8 -12 -22 25 -23 -14 28 27 -24 -9 -21
right_child=1 10 12 4 18 -7 7 22 9 -11 20 -13 16 14 -16 -17 17 -19 -20 29 21 23 26 -25 -26 -27 -28 -29 -30 -31
leaf_value=0.036180298718122082 -0.045009890867971407 -0.057648969789482307 -0.023580873097274697 -0.0070665205327351448 -0.038310263004583456 0.0078129884788528114 -0.092574528854008395 0.0043081233731389786 0.0010422188028926178 0.022863574156587744 -0.030391140686789726 0.015571953288437289 0.018165605719614578 0.0069333976905973232 -0.015380154472296832 0.1233751835289468 0.0038534134957217778 0.062541281506519969 0.0066411607075753448 -0.03255559293983723 -0.018043626392961729 0.050105099540062308 0.10428870944290845 -0.0042324593938796321 -0.069121146970405598 0.06288528414304051 0.036050426885124241 0.014193896947456104 -0.053633001411558127 -0.0057434137008748757
leaf_weight=53.862200248520821 39.791049806633964 19.718672098126262 80.937154323328286 2548.1712868225295 14.824867638759313 285.2430784124881 4.0113646178506306 179.00385890807956 1485.283489744179 125.46621684171259 76.377988659543917 203.1938505563885 290.35667948191985 359.91169662820175 116.35122519079596 1.7422322407364834 739.50747047225013 13.413244388997553 619.46369217149913 29.868034747429192 201.85814780904911 9.2256434634327871 3.3230701712891451 208.13720467453822 3.3751856749877325 6.2223773701116434 60.602337738499045 248.03963297046721 6.1160796228796235 247.54500684281811
leaf_count=846 2348 413 1181 27833 160 2275 46 1279 11885 1177 1064 1941 2443 2595 1754 27 6226 97 4776 358 2511 84 25 1640 31 55 761 2174 42 1953
internal_value=-1.80648e-05 -0.00245185 -0.00122843 -0.00399803 -0.00352743 -0.00556858 0.00514616 0.00450292 0.00229804 0.00417914 -0.0145908 0.00279075 0.00482189 -0.0017671 0.00148219 -0.0204842 0.00834061 0.00489893 0.00559054 -0.00982671 -0.0128776 -0.00968686 0.0136823 -0.00192618 0.0171626 0.004361 0.0193994 0.015385 0.00239384 -0.00863018
internal_weight=8280.94 5628.41 5113.09 3507.49 3467.7 2833.41 2652.54 2598.68 2095.37 1813.94 515.318 1688.48 1605.59 558.942 476.263 82.6794 1046.65 752.921 634.289 281.424 495.599 419.221 503.307 217.363 293.732 191.342 311.965 251.363 185.12 277.413
internal_count=80000 57458 51746 37392 35044 30108 22542 21696 17360 15003 5712 13826 14354 5557 4349 1208 8797 6323 4936 2357 5299 4235 4336 1724 2474 1376 2960 2199 1321 2311
is_linear=0
shrinkage=0.06


Tree=98
num_leaves=31
num_cat=0
split_feature=11 4 7 1 4 17 22 17 16 15 10 11 20 6 7 4 10 6 10 11 10 1 12 10 10 20 10 15 6 1
split_gain=26.8269 25.3998 18.9425 18.844 16.6838 17.8513 11.1981 11.1642 10.8147 10.5323 9.954 13.1274 9.5107 9.32541 8.50103 7.98443 9.06906 7.89213 7.84775 7.45418 7.5816 7.38591 7.35523 7.43812 7.26338 6.86483 6.82638 6.41526 8.76735 6.23854
threshold=81.050000000000011 14.095000000000001 1.5000000000000002 20.385000000000002 33.935000000000009 0.25167468530620707 1.0000000180025095e-35 0.24971626387090243 0.22146152166716487 21.250000000000004 4750.0000000000009 30.250000000000004 1.0000000180025095e-35 654.50000000000011 3.5000000000000004 25.085000000000004 3950.0000000000005 794.50000000000011 9450.0000000000018 61.050000000000004 1750.0000000000002 27.105000000000004 23.500000000000004 21650.000000000004 30450.000000000004 1.0000000180025095e-35 2950.0000000000005 20.850000000000005 704.50000000000011 24.535000000000004
decision_type=2 2 2 2 2 2 2 2 2 2 2 2 2 2 2 2 2 2 2 2 2 2 2 2 2 2 2 2 2 2
left_child=1 6 3 7 5 -5 18 -3 9 13 11 -4 15 -8 -11 24 -17 -13 -1 20 -10 -14 29 -24 27 -9 -21 28 -2 -18
right_child=12 2 10 4 -6 -7 8 25 19 14 -12 17 21 -15 -16 16 22 -19 -20 26 -22 -23 23 -25 -26 -27 -28 -29 -30 -31
leaf_value=-0.0025945571290980013 0.0063438213580150928 -0.044343172258337935 1.3098238488906657e-05 -0.0052608638254854449 0.020424638968287737 0.002844516238820614 0.00082203310509610522 -0.026775251688803431 -0.0022909523867837012 -0.033211170428526941 0.00078972820834937861 0.018039567486991186 0.015333176969884076 -0.016305397616412282 0.040824177526763587 0.075093269177158362 -0.021641668390409523 -0.063507568976632067 0.045466416387647458 0.021354390886711844 -0.033663743088890571 0.051808814538855344 0.01926604101113398 0.073529899807512775 -0.061370008782597879 -0.0038434491176000695 -0.024773430057729057 0.015256702972814883 -0.010574586750899579 0.015723276881394459
leaf_weight=643.00540226791054 281.55080618429929 44.307214908534661 232.91392275225371 1837.5478070061654 136.06379915587604 2091.6568800499663 152.88747646752745 69.47460148204118 150.2298484351486 135.79564266745001 510.5429169870913 484.65283924946561 284.22729646041989 455.10869969683699 5.8227690067142239 9.3964917156845313 27.835053092800081 4.3104736730456343 12.468174356967209 68.758939092047513 34.007844557054341 21.49630464753136 54.064285879023373 10.93268158007413 6.393879994750022 145.24509785044938 13.881262083537875 120.56444206880406 181.25777798751369 38.111702953465283
leaf_count=5495 1990 3636 1930 17398 1092 15291 1047 2301 1549 2142 4271 4059 2204 8537 65 76 206 66 93 559 270 551 449 86 60 1039 109 1062 2033 334
internal_value=-1.73223e-05 -0.00131135 0.000639582 -0.00123059 -0.000230805 -0.000946079 -0.00779519 -0.0169217 -0.0117383 -0.015431 0.00720162 0.0117364 0.0090132 -0.0119985 -0.0301671 0.00529285 0.0181555 0.0173207 -0.00168036 -0.0013661 -0.00808196 0.0178979 0.0140696 0.0283934 0.00223208 -0.0112633 0.0136062 0.00292917 -0.000282229 -4.78588e-05
internal_weight=8264.51 7228.68 5556.72 4324.3 4065.27 3929.2 1671.97 259.027 1016.49 749.615 1232.42 721.877 1035.83 607.996 141.618 730.107 140.34 488.963 655.474 266.878 184.238 305.724 130.944 64.997 589.767 214.72 82.6402 583.373 462.809 65.9468
internal_count=80000 70949 51083 40757 33781 32689 19866 6976 14278 11791 10326 6055 9051 9584 2207 6296 1151 4125 5588 2487 1819 2755 1075 535 5145 3340 668 5085 4023 540
is_linear=0
shrinkage=0.06


Tree=99
num_leaves=31
num_cat=0
split_feature=5 14 1 32 4 1 17 11 17 11 1 11 4 1 7 15 11 12 18 21 15 3 11 1 40 7 3 3 8 3
split_gain=26.6647 35.3917 26.7081 24.1187 20.8883 15.1681 18.1425 13.1508 12.7959 11.6194 9.87705 9.80233 9.74112 8.70201 8.43614 7.34191 6.86173 7.0843 6.6449 6.34723 9.91061 6.86267 5.69614 6.06468 7.23799 5.77009 5.64604 5.60317 7.37302 5.41533
threshold=1.0000000180025095e-35 1.0000000180025095e-35 16.925000000000004 1.0000000180025095e-35 20.505000000000006 26.605000000000004 0.24971626387090243 18.350000000000005 0.24971626387090243 93.250000000000014 27.265000000000004 72.65000000000002 25.805000000000003 23.155000000000005 1.5000000000000002 15.850000000000003 58.850000000000001 24.500000000000004 0.21284346632035481 1805.6250000000002 15.750000000000002 141650.00000000003 100.45000000000002 23.395000000000003 1.0000000180025095e-35 1.0000000180025095e-35 65850.000000000015 88350.000000000015 12.500000000000002 167650.00000000003
decision_type=2 2 2 2 2 2 2 2 2 2 2 2 2 2 2 2 2 2 2 2 2 2 2 2 2 2 2 2 2 2
left_child=2 5 -1 4 7 11 16 13 -9 10 -6 12 14 -4 -2 -14 17 -7 -11 20 27 -21 23 26 -25 -24 -5 28 -3 -13
right_child=1 19 3 22 9 6 -8 8 -10 18 -12 29 15 -15 -16 -17 -18 -19 -20 21 -22 -23 25 24 -26 -27 -28 -29 -30 -31
leaf_value=-0.050719552139968913 -0.0073297781259408692 0.027765460492016454 -0.046230166369340756 -0.017746456557209012 0.00055902909254913725 0.013523133382769502 0.049945702107456705 -0.007410251076117768 0.00058406566552871291 0.033840581914800667 0.0092102743008070486 0.0094047504861220869 0.00020821746597819317 -0.012854749574281501 0.0064641274841538872 0.025375274699008833 0.02721127037696372 -0.012776898173013612 0.0052627272638926725 0.038450300213163723 -0.02881606896084939 -0.012194846273019276 -0.0073208215036331655 -0.0091702214876323105 -0.049932528617840616 0.065061110691233645 -0.045753784459944727 -0.023018279547849452 0.12487734397707986 0.053337302825771461
leaf_weight=39.951547633390874 690.72156641632318 9.9844406023621577 34.182104459498078 96.576809523627162 1860.8946876544505 88.361938392743468 48.430866997223347 1199.762950689299 1805.5029419073835 69.859671448357403 637.95675984211266 261.40988182555884 92.355614358559251 158.66909084096551 207.583371469751 76.126992158591747 55.469207567162812 63.273641718551517 50.438886718824506 153.73043404426426 15.380150400102137 10.275922942906616 9.8496737340465206 435.05716936895624 16.268477955833077 6.6360816974192849 35.413895973004401 4.3305116202682248 3.9193301871418944 10.506754195317624
leaf_count=3019 5523 67 1272 1584 15856 603 1525 16319 14325 582 5651 1968 630 1375 1443 524 654 397 409 1297 129 72 76 3237 107 53 1170 34 28 71
internal_value=-1.69712e-05 0.00645872 -0.00181401 -0.00150953 -0.000328388 0.00348986 0.0168853 -0.00358208 -0.00260743 0.00364454 0.00276769 0.000932902 -0.0016592 -0.0187704 -0.00414224 0.0115797 0.00915419 0.0025488 0.0218584 0.030409 0.00665731 0.0352771 -0.0129651 -0.013948 -0.0106395 0.0218154 -0.025261 0.0365782 0.0551403 0.0111023
internal_weight=8248.88 1791.86 6457.02 6417.07 5817.27 1594.24 255.536 3198.12 3005.27 2619.15 2498.85 1338.7 1066.79 192.851 898.305 168.483 207.105 151.636 120.299 197.621 33.6144 164.006 599.802 583.316 451.326 16.4858 131.991 18.2343 13.9038 271.917
internal_count=80000 14965 65035 62016 55789 13338 3179 33291 30644 22498 21507 10159 8120 2647 6966 1154 1654 1000 991 1627 258 1369 6227 6098 3344 129 2754 129 95 2039
is_linear=0
shrinkage=0.06


Tree=100
num_leaves=31
num_cat=0
split_feature=22 11 4 11 1 6 6 5 8 14 20 11 17 17 1 17 5 4 18 6 1 32 12 7 20 4 2 11 16 7
split_gain=25.8384 20.7328 15.6929 13.5845 13.6573 13.551 13.276 13.4434 14.2227 14.2181 13.1191 12.5714 11.3263 11.1111 10.3719 9.9875 9.84553 9.51822 9.50965 8.8237 8.52221 8.95152 8.31937 8.23511 9.09695 8.17985 11.1409 8.48279 7.08268 6.90341
threshold=1.0000000180025095e-35 45.750000000000007 9.3050000000000015 1.0000000180025095e-35 22.035000000000004 629.50000000000011 774.50000000000011 1.0000000180025095e-35 19.500000000000004 1.0000000180025095e-35 1.0000000180025095e-35 36.95000000000001 0.24971626387090243 0.24971626387090243 24.095000000000002 0.31846677356615455 1.0000000180025095e-35 5.5250000000000012 0.22128757979989896 659.50000000000011 27.155000000000005 1.0000000180025095e-35 23.500000000000004 1.5000000000000002 1.0000000180025095e-35 11.455000000000002 987.2700000000001 104.15000000000002 0.047970636235031984 1.5000000000000002
decision_type=2 2 2 2 2 2 2 2 2 2 2 2 2 2 2 2 2 2 2 2 2 2 2 2 2 2 2 2 2 2
left_child=5 3 20 -2 23 -1 7 8 -4 -9 11 14 19 -12 -7 -15 -14 -17 -8 -6 21 29 -20 24 -5 27 -27 -13 -16 -3
right_child=1 2 6 4 12 10 18 9 -10 -11 13 25 16 15 28 17 -18 -19 22 -21 -22 -23 -24 -25 -26 26 -28 -29 -30 -31
leaf_value=0.035028090718537241 -0.035140899797241262 -0.020192770896061252 0.00047581778756204972 -0.039732508483450023 -0.00094070432201438315 -0.027321600297016652 -0.039999970468996816 0.0063384012080929947 -0.035822563749789274 0.034112378544809793 0.0056912677842437523 -0.0077502411912247979 -0.0023838068773651814 0.04067716474195953 -0.018370418214987021 -0.033096277659599695 0.014482902922381195 0.017875127512864401 -0.046213534979794087 -0.015583218699527066 0.021011256874302914 -0.057229871340688548 0.10882929893643893 -0.0049291237888260692 -0.014916645646419547 0.0053925525080185778 0.036938225320672716 0.065275882622696402 0.0011458723955352359 0.0020685767118685458
leaf_weight=52.596023187972605 61.130001323996112 164.8753784832079 2550.2891357992776 81.6215922862757 237.73903878591955 74.999389980453998 41.231621101498604 646.38475050730631 39.461912251776084 73.944896411150694 481.28879670519382 223.1681294972077 748.349783224985 69.044085116125643 85.030814819037914 14.295775413513182 149.47467309422791 170.32188006304204 2.0885627930983892 393.18860437301919 23.805885957553983 18.072161272866651 3.0881066583096981 134.33112178416923 152.60712326830253 1105.5415518968366 41.828288402408361 5.8772497829049817 314.70053146407008 72.070304966066033
leaf_count=846 832 2633 23522 5301 1629 1220 1392 4966 348 606 3406 1919 4781 798 665 100 1097 2139 27 4999 159 346 29 1908 2179 8810 408 43 2188 704
internal_value=-1.61105e-05 -0.00232478 0.000356321 -0.00730152 -0.00640455 0.00487803 0.00149252 0.00193933 -7.72869e-05 0.00918952 0.00426484 0.00157213 -0.00390507 0.0110471 -0.00684714 0.021209 0.000424254 0.0139282 -0.0303762 -0.0100658 -0.0133213 -0.0165262 0.0462762 -0.0167722 -0.0235642 0.00447597 0.00654258 -0.00587641 -0.00300563 -0.0134217
internal_weight=8232.45 5593.75 3635.31 1958.44 1897.31 2638.69 3356.49 3310.08 2589.75 720.33 2586.1 1851.15 1528.75 734.951 474.731 253.662 897.824 184.618 46.4083 630.928 278.824 255.018 5.17667 368.56 234.229 1376.42 1147.37 229.045 399.731 236.946
internal_count=80000 57458 34732 22726 21894 22542 30890 29442 23870 5572 21696 15253 12506 6443 4073 3037 5878 2239 1448 6628 3842 3683 56 9388 7480 11180 9218 1962 2853 3337
is_linear=0
shrinkage=0.06


Tree=101
num_leaves=31
num_cat=0
split_feature=9 4 22 17 11 2 7 11 11 4 21 18 29 11 11 18 7 4 3 7 8 12 17 43 29 2 21 33 15 3
split_gain=25.1785 24.1802 19.8513 18.8573 12.1959 11.447 11.2011 11.5381 10.401 9.39439 9.06613 8.86277 9.09806 8.37508 8.28678 8.39408 8.19395 8.14186 7.90482 7.86556 7.82041 10.2057 8.25755 7.5959 7.5453 7.21744 9.72953 6.46546 6.09194 5.76573
threshold=1.0000000180025095e-35 11.685 1.0000000180025095e-35 0.25167468530620707 33.350000000000001 987.2700000000001 1.5000000000000002 77.15000000000002 9.6500000000000004 35.115000000000002 2527.1000000000004 0.0078399640614233608 1.0000000180025095e-35 107.35000000000001 67.550000000000011 0.027776363241356173 1.5000000000000002 4.3250000000000011 97350.000000000015 3.5000000000000004 15.500000000000002 28.500000000000004 0.24971626387090243 1.0000000180025095e-35 1.0000000180025095e-35 219.85000000000005 1825.7500000000002 1.0000000180025095e-35 5.7500000000000009 188750.00000000003
decision_type=2 2 2 2 2 2 2 2 2 2 2 2 2 2 2 2 2 2 2 2 2 2 2 2 2 2 2 2 2 2
left_child=1 10 5 4 24 6 7 -3 -5 -6 25 -2 13 20 -12 17 -10 -16 -14 -17 22 -22 -13 -8 -4 26 28 -15 -1 -27
right_child=11 2 3 8 9 -7 23 -9 16 -11 14 12 18 27 15 19 -18 -19 -20 -21 21 -23 -24 -25 -26 29 -28 -29 -30 -31
leaf_value=0.057815447439627111 -0.026860884341317403 -0.00036285963613550158 -0.025342038141604482 -0.021326611731893777 -0.0060136565857728096 0.028552505721371215 0.015230834524013767 0.014963114991361527 -0.0002240278616831927 0.024890793449197059 -0.011407387126188932 -0.00056279166782218231 0.040848931590241812 0.097578290627233361 0.0032650014263584234 -0.0061915449072321707 0.0083998797695026793 0.050400423968854038 -0.0011237006331749379 0.072909515625573559 0.03713815016581664 0.0057888817291827308 0.0099840766927448889 -0.037881093865386156 -0.00069230009033827622 -0.030468693449087546 0.10184684446911307 0.0097402816405109324 -0.014957110010975208 0.071945411644214419
leaf_weight=4.4340683526825151 26.463188455905765 1256.7901433100924 191.86655105953105 73.124600799288601 1341.0385935350787 71.670912832953036 341.45960919652134 205.7975154845044 1820.7610931866802 36.370638880878687 518.89492117101327 540.07358386786655 53.769346723798662 6.4651739029213768 31.672921032179147 170.95280649419874 507.09740664623678 22.610524171497673 23.090014897286892 4.6485663475468746 65.213700371328741 87.60489863017574 529.01411102712154 9.9771271641366166 58.285274732857943 140.15619684383273 2.9136421494185916 5.6558019500225782 62.69096098584123 2.0073035799432537
leaf_count=81 277 10273 4290 700 16592 783 2961 1790 14497 278 5807 4306 1073 55 294 1450 3716 208 269 34 509 675 4004 84 322 3433 24 49 1109 57
internal_value=-1.59685e-05 -0.0014812 -4.6878e-05 -0.00242513 -0.00741102 0.00503395 0.00410474 0.00179362 0.000954674 -0.00519762 -0.0103085 0.00751667 0.00821066 0.00696319 -0.0072061 0.00227703 0.00165459 0.0228982 0.0282396 -0.00409756 0.00647089 0.0191668 0.00465609 0.013723 -0.0195987 -0.0212558 -0.00549086 0.056592 -0.01015 -0.0290226
internal_weight=8212.57 6875.22 5914.24 4028.54 1627.56 1885.7 1814.02 1462.59 2400.98 1377.41 960.982 1337.35 1310.89 1234.03 748.78 229.885 2327.86 54.2834 76.8594 175.601 1221.91 152.819 1069.09 351.437 250.152 212.202 70.0387 12.121 67.125 142.164
internal_count=80000 68783 56286 40395 21482 15891 15108 12063 18913 16870 12497 11217 10940 9598 7793 1986 18213 502 1342 1484 9494 1184 8310 3045 4612 4704 1214 104 1190 3490
is_linear=0
shrinkage=0.06


Tree=102
num_leaves=31
num_cat=0
split_feature=32 7 1 11 17 20 16 11 6 11 20 1 11 18 17 11 17 1 3 5 9 11 21 1 2 21 11 11 18 21
split_gain=24.6368 22.3116 21.2991 18.4307 17.1554 20.339 15.8206 11.3471 11.1961 13.6268 10.8122 10.6582 10.3488 10.1967 8.56957 7.43996 7.05266 12.7425 11.1438 6.91619 7.48847 6.74777 6.81219 6.5112 6.24026 9.16556 7.06972 7.06849 6.80216 5.56883
threshold=1.0000000180025095e-35 1.5000000000000002 24.095000000000002 20.350000000000005 0.25167468530620707 1.0000000180025095e-35 0.078747045344505023 71.750000000000014 614.50000000000011 25.150000000000002 1.0000000180025095e-35 28.065000000000001 75.950000000000017 0.033897804539366569 0.1415079321094079 101.55000000000001 0.24971626387090243 19.045000000000005 110150.00000000001 1.0000000180025095e-35 1.0000000180025095e-35 56.550000000000004 1437.8750000000002 21.755000000000006 1239.5550000000001 7313.2500000000009 26.050000000000004 114.95000000000002 0.029411011081526172 3445.7500000000005
decision_type=2 2 2 2 2 2 2 2 2 2 2 2 2 2 2 2 2 2 2 2 2 2 2 2 2 2 2 2 2 2
left_child=1 2 3 19 8 12 7 -5 29 -10 -8 15 -6 -7 21 16 17 -3 -18 -1 -21 22 -13 -2 25 27 28 -25 -27 -4
right_child=23 11 4 6 5 13 10 -9 9 -11 -12 14 -14 -15 -16 -17 18 -19 -20 20 -22 -23 -24 24 -26 26 -28 -29 -30 -31
leaf_value=-0.040862770702152981 -0.024531181881519201 -0.040946402121598495 0.0067569476235035172 -0.02222736371025168 0.0019033943547945081 0.0072330717994060125 -0.0058115157893205262 -0.00048575234031961943 -0.01689195352978393 -0.00057720006172611883 0.003697964771851654 -0.09325257970959816 0.019378658758091249 0.031628810069095022 0.035399601506336163 0.033873099015983205 0.0083453077052097948 0.0024158658132084143 0.074469615929244157 -0.024381040048501855 0.029770971704391008 0.036812708467316567 -0.0016980663286977038 -0.0092156511271694868 -0.033925504664086711 0.0050095097392263135 0.028139980979973306 0.091356842222787213 -0.11960995290948948 0.039315257180617791
leaf_weight=67.699657004559413 98.956452380865812 25.254042119719088 43.149852885864675 258.28687812481076 1096.500591491349 99.973900773562491 962.16976991272531 129.87077449541539 206.53112090099603 1712.51985355746 778.86018512351438 3.2025174945592871 137.26833616569638 161.01742881210521 82.324775683227926 33.069481545127928 755.99147455021739 718.71914106747136 9.2879224978387338 38.967727513518184 12.03169530071318 16.199158190749586 33.847822735086083 600.30763501441106 32.010278249159455 4.6909928265959016 40.675291839055717 2.5263559464365235 2.3751838263124228 33.669122351333499
leaf_count=2325 2525 984 286 8190 7100 825 12262 2368 1832 11830 5386 19 1331 2960 1534 255 5674 5543 70 434 80 221 270 4818 225 39 336 20 17 241
internal_value=-1.53765e-05 0.00105238 -0.000727142 -0.00528223 0.00220623 0.00706672 -0.00399945 -0.014953 -0.00143392 -0.00233302 -0.00155739 0.00713844 0.00384768 0.0222839 0.0232675 0.00572065 0.0051038 0.000943941 0.00914783 -0.0282923 -0.0116056 0.00451114 -0.00961176 -0.0101478 -0.00806255 -0.00679002 0.0185165 -0.00879417 -0.0368794 0.021027
internal_weight=8197.96 7416.41 5738.52 2247.89 3490.63 1494.76 2129.19 388.158 1995.87 1919.05 1741.03 1677.9 1233.77 260.991 135.574 1542.32 1509.25 743.973 765.279 118.699 50.9994 53.2495 37.0503 781.542 682.586 650.575 47.7415 602.834 7.06618 76.819
internal_count=80000 72020 57450 31045 26405 12216 28206 10558 14189 13662 17648 14570 8431 3785 2044 12526 12271 6527 5744 2839 514 510 289 7980 5455 5230 392 4838 56 527
is_linear=0
shrinkage=0.06


Tree=103
num_leaves=31
num_cat=0
split_feature=1 20 1 17 4 1 17 11 17 17 16 10 11 17 11 7 21 4 11 6 15 30 4 18 15 1 11 12 17 21
split_gain=22.6765 23.7634 19.1089 19.7822 17.78 17.397 15.0305 14.8498 13.3197 12.4951 15.1803 10.99 10.8824 10.6479 9.82074 9.32763 9.08463 8.05852 7.50346 6.19873 8.05055 7.67445 6.1342 6.69999 5.99294 5.74391 5.62051 6.05278 4.2906 3.89496
threshold=16.925000000000004 1.0000000180025095e-35 26.655000000000005 0.25167468530620707 28.585000000000004 24.615000000000006 0.25167468530620707 52.45000000000001 0.25167468530620707 0.24971626387090243 0.11076421030909099 1150.0000000000002 62.750000000000007 0.23671188596397777 38.850000000000001 1.5000000000000002 1094.7500000000002 27.675000000000004 61.250000000000007 654.50000000000011 3.6500000000000008 1.0000000180025095e-35 39.015000000000008 0.16231933433084419 3.0500000000000003 30.315000000000001 104.15000000000002 24.500000000000004 0.24971626387090243 2541.8000000000006
decision_type=2 2 2 2 2 2 2 2 2 2 2 2 2 2 2 2 2 2 2 2 2 2 2 2 2 2 2 2 2 2
left_child=26 4 9 18 5 6 7 -2 14 11 29 17 -10 -13 -7 -12 -8 -3 25 20 -6 -22 28 -24 -20 -4 -1 -28 -21 -11
right_child=1 2 3 -5 19 8 16 -9 12 10 15 13 -14 -15 -16 -17 -18 -19 24 22 21 -23 23 -25 -26 -27 27 -29 -30 -31
leaf_value=-0.037654987912822117 -0.034222798591325279 -0.028100458746684674 0.0021660932076216621 0.042217831566482601 -0.07614746480860593 -0.012772472157705644 0.097918799041130572 -0.010027323128340121 0.0011747203322971626 0.060668311035095963 0.0027951824734136002 0.001037543132296963 0.014269559448515955 -0.026988224560008163 -0.0013633401848328786 0.017399012934557787 -0.0050930196078819798 0.053023721809174633 -0.07500768927406487 -0.00106462262221951 0.0536855373224253 0.0082970156038959433 0.0060806666286243889 0.077156147578023554 0.028588553230039962 0.028265508759553352 -0.064444001153549757 0.11465467806961387 0.0098873392346855715 0.026510410901475861
leaf_weight=66.757036717841402 133.51107466430403 75.578373268712312 247.31098376214504 84.659968196880072 2.6146129341796032 354.39021640177816 3.0882774982601395 288.95362544199452 943.61746050044894 15.623313542455433 971.01755228172988 998.04341470263898 301.45894775632769 51.312622021883726 1162.7416347740218 187.92012736666948 1521.6209100857377 4.6811918728053561 2.062088342383503 253.85034914407879 27.647505107335746 26.043934796005487 10.298953122459354 8.9011930022388679 79.996757443062961 34.603705397807062 1.0853561204858118 1.8158408734016118 261.3651824221015 52.074107831344008
leaf_count=3664 7755 1000 1492 2645 23 3134 33 7574 6255 100 6314 7550 2923 400 7604 1519 13206 32 29 2167 289 285 82 73 986 474 33 27 1949 383
internal_value=-1.45117e-05 0.000278453 0.00474441 0.0160939 -0.00208499 -0.00331578 -0.0076592 -0.0176738 -0.000253956 0.00258345 0.00677638 -0.0019696 0.00434525 -0.000332893 -0.00402842 0.00516317 -0.00488437 -0.0233688 0.0100175 0.00772719 0.0266625 0.0316691 0.00573216 0.0390313 0.0259852 0.00536967 -0.034102 0.0476527 0.00449123 0.0343934
internal_weight=8174.65 8104.99 2804.88 448.634 5300.1 4709.38 1947.17 422.465 2762.21 2356.25 1226.64 1129.62 1245.08 1049.36 1517.13 1158.94 1524.71 80.2596 363.974 590.722 56.3061 53.6914 534.416 19.2001 82.0588 281.915 69.6582 2.9012 515.216 67.6974
internal_count=80000 76276 22924 5626 53352 48484 28568 15329 19916 17298 8316 8982 9178 7950 10738 7833 13239 1032 2981 4868 597 574 4271 155 1015 1966 3724 60 4116 483
is_linear=0
shrinkage=0.06


Tree=104
num_leaves=31
num_cat=0
split_feature=32 7 1 20 18 17 17 1 3 1 17 1 1 16 18 20 21 1 1 2 21 40 7 16 6 18 6 16 16 16
split_gain=22.4619 20.415 19.0509 16.3497 14.7002 13.7542 11.3317 11.2882 10.5132 9.6758 8.33264 7.97511 7.56529 6.88477 5.85708 6.03522 8.62082 6.75035 5.79917 5.62879 8.00214 6.97741 5.21203 5.85852 5.52845 5.09383 5.05055 5.13711 6.88853 4.8428
threshold=1.0000000180025095e-35 1.5000000000000002 19.965000000000003 1.0000000180025095e-35 0.014336780532645465 0.24971626387090243 0.25167468530620707 27.605000000000004 52750.000000000007 28.385000000000002 0.25167468530620707 23.895000000000003 15.725000000000003 0.071076651376508398 0.0052937516820255491 1.0000000180025095e-35 7164.2500000000009 18.555000000000003 21.755000000000006 1239.5550000000001 7313.2500000000009 1.0000000180025095e-35 1.5000000000000002 0.098405643242477706 629.50000000000011 0.011521505393836465 709.50000000000011 0.18001988320955617 0.18892856607196865 0.06449835455397962
decision_type=2 2 2 2 2 2 2 2 2 2 2 2 2 2 2 2 2 2 2 2 2 2 2 2 2 2 2 2 2 2
left_child=1 2 5 4 11 -1 -6 8 -5 14 -9 -4 -7 25 -3 17 -17 -16 26 20 22 -22 24 -24 -20 -11 -2 -28 -29 -27
right_child=18 9 3 7 6 12 -8 10 -10 13 -12 -13 -14 -15 15 16 -18 -19 19 -21 21 -23 23 -25 -26 29 27 28 -30 -31
leaf_value=-0.041707800455516197 -0.070229333292920665 -0.054063928946498481 -0.05050502759657121 0.0087501647153573493 -0.0055011129369307533 -0.054865572641324092 0.0015171425619581573 0.012448570370606695 -0.0010492568468454069 0.077581310779642573 0.044296181076193632 -0.014195260909996591 -0.0068810911327584594 0.03990441086957211 -0.027064730643233476 0.0099723969026685767 0.054852522182373895 0.0041262726278441337 0.014543982611069114 -0.032347623764880262 0.023077570485376859 -0.073434298866468933 -0.010178558989229128 0.014745696606429843 -0.013091308346511715 0.011394920358417994 -0.030973238613301823 0.082388527901874953 -0.0099530735705786865 -0.044287224316475901
leaf_weight=56.775884589878842 7.6471103888470671 5.8874647370539597 26.381182075943798 679.37478062883019 1420.959492649883 12.414181845262645 1985.4125393517315 173.2749382648617 938.6892361799255 3.6298146881163111 35.66249063750729 124.7686667656526 250.68137316172943 52.338994197547436 25.589054216630757 469.46219099406153 15.930741587653754 1047.236573856324 27.714300749823451 31.937266231980175 44.418580280616879 2.8710220241919151 69.960096101276577 65.959618338383734 436.6353649366647 41.618878527544439 54.434895762708038 3.1996851284056893 31.932060922496021 6.5013590790331355
leaf_count=5366 158 98 1143 4634 16399 616 14325 1622 6489 22 1415 1144 4297 1209 1074 3553 225 7847 199 225 374 18 522 447 3670 469 1819 40 508 73
internal_value=-1.37656e-05 0.00100867 -0.000698729 0.00014639 -0.00222295 -0.014925 -0.0014105 0.00475996 0.00306522 0.00684711 0.0178845 -0.0205326 -0.00914524 0.0245605 0.0056683 0.00589399 0.0114454 0.0033823 -0.00971876 -0.00775777 -0.00654501 0.0172182 -0.00841709 0.00191678 -0.0114419 0.00904197 -0.0234255 -0.0194294 -0.0015429 0.0038719
internal_weight=8149.3 7372.59 5704.39 5384.52 3557.52 319.871 3406.37 1827 1618.06 1668.2 208.937 151.15 263.096 104.089 1564.11 1558.22 485.393 1072.83 776.71 679.496 647.559 47.2896 600.269 135.92 464.35 51.7501 97.2138 89.5666 35.1317 48.1202
internal_count=80000 72020 57450 47171 33011 10279 30724 14160 11123 14570 3037 2287 4913 1773 12797 12699 3778 8921 7980 5455 5230 392 4838 969 3869 564 2525 2367 548 542
is_linear=0
shrinkage=0.06


Tree=105
num_leaves=31
num_cat=0
split_feature=4 1 5 9 1 11 1 7 32 11 11 11 11 18 40 20 4 21 4 6 2 4 12 11 3 9 40 11 3 6
split_gain=21.8358 20.5842 19.2336 44.4341 17.6137 15.3514 12.2247 10.8764 10.0448 9.72888 9.53319 9.0139 8.22862 14.0519 8.13444 7.89987 7.77812 7.05462 7.04889 6.90193 6.86288 6.47797 5.79677 5.78026 5.73954 11.871 5.15365 8.24333 6.01502 7.45664
threshold=24.385000000000002 17.505000000000006 1.0000000180025095e-35 1.0000000180025095e-35 23.155000000000005 37.250000000000007 29.605000000000004 1.0000000180025095e-35 1.0000000180025095e-35 101.55000000000001 72.65000000000002 78.850000000000009 32.250000000000007 0.08129888518996975 1.0000000180025095e-35 1.0000000180025095e-35 35.115000000000002 1805.6250000000002 31.585000000000004 669.50000000000011 1319.4400000000003 14.555000000000001 36.500000000000007 48.650000000000013 38650.000000000007 1.0000000180025095e-35 1.0000000180025095e-35 21.450000000000003 23950.000000000004 744.50000000000011
decision_type=2 2 2 2 2 2 2 2 2 2 2 2 2 2 2 2 2 2 2 2 2 2 2 2 2 2 2 2 2 2
left_child=1 22 4 6 5 21 10 -7 11 12 -4 -6 26 14 18 16 -15 -5 -14 -17 -19 -3 23 -1 25 -25 28 -28 29 -2
right_child=9 2 3 17 8 7 -8 -9 -10 -11 -12 -13 13 15 -16 19 -18 20 -20 -21 -22 -23 -24 24 -26 -27 27 -29 -30 -31
leaf_value=-0.05523766431577707 0.044223911284695772 -0.039543888171299946 -0.0032955564208889021 0.0045780844645048691 -0.0012099711592192823 -0.013125677345587233 0.039428111613941337 -0.00079929760781673187 -0.010907314613619205 0.03616465321257669 0.010508657081990736 0.0081759447526363934 0.014939631969534984 -0.0013064921697587303 -0.032096198639446301 0.040092183920409759 0.02129160080631003 0.037514086669996921 0.039867394525297646 0.008686294666206934 -0.063904728323984347 -0.016853978973667465 0.17042109913584558 -0.025482691419054147 -0.035186764737113789 0.075465462818219933 0.012422754350073494 -0.094449828499940658 -0.0034821768080926926 -0.058619849115982912
leaf_weight=26.800004631979391 17.898029957897965 67.321917884517461 903.51579423621297 30.309041626751423 2686.6389582464471 468.32055362081155 28.233153344597667 573.00794565072283 331.63917894056067 36.406959216110408 224.93965761596337 426.87813420500606 352.28898333013058 767.1970191670116 12.105509274173526 27.509001174010336 59.052441076375544 164.9282960658893 46.191796793602407 298.99971280945465 2.4374946430325499 138.46256656991318 0.51157382526434858 14.193169865524398 38.471885401755571 5.9524461068212977 4.8838460780680162 5.5516985626891255 368.22291679307818 2.9573516529053441
leaf_count=1987 125 2439 6885 212 20399 8029 583 7438 2586 329 1773 3050 3005 6470 119 649 499 1306 390 2438 29 3283 31 505 1964 76 45 48 3273 35
internal_value=-1.33472e-05 -0.00178858 -0.00137419 0.00492448 -0.00319222 -0.00930216 0.000431755 -0.00634289 -0.000980483 0.00543202 -0.000543906 7.6883e-05 0.004862 0.00682585 0.0163573 0.00343097 0.000308604 0.0312135 0.0178293 0.0113323 0.036037 -0.0242769 -0.0309484 -0.0321544 -0.0216007 0.00434456 -0.00282279 -0.0444333 -0.00170674 0.0296404
internal_weight=8131.83 6132.56 6046.63 1354.36 4692.27 1247.11 1156.69 1041.33 3445.16 1999.27 1128.46 3113.52 1962.86 1563.34 410.586 1152.76 826.249 197.675 398.481 326.509 167.366 205.784 85.9291 85.4175 58.6175 20.1456 399.514 10.4355 389.078 20.8554
internal_count=80000 62575 58012 10788 47224 21189 9241 15467 26035 17425 8658 23449 17096 13570 3514 10056 6969 1547 3395 3087 1335 5722 4563 4532 2545 581 3526 93 3433 160
is_linear=0
shrinkage=0.06


Tree=106
num_leaves=31
num_cat=0
split_feature=22 11 17 6 4 6 11 15 4 11 11 5 21 26 11 4 4 20 6 7 17 4 8 13 4 15 6 11 4 17
split_gain=21.5599 17.613 17.3611 16.3819 15.4049 11.9812 11.8638 11.2473 10.9025 14.7605 10.3199 10.2732 8.41223 8.26235 9.3969 9.29638 8.10587 8.28628 7.42656 6.90614 6.03134 5.99169 5.72203 6.0193 5.55044 5.35617 5.06412 5.01733 4.57328 6.29751
threshold=1.0000000180025095e-35 93.950000000000017 0.24971626387090243 759.50000000000011 18.735000000000003 629.50000000000011 1.0000000180025095e-35 21.750000000000004 21.145000000000003 2.2500000000000004 51.550000000000004 1.0000000180025095e-35 1391.1250000000002 1.0000000180025095e-35 51.250000000000007 26.385000000000002 32.965000000000011 1.0000000180025095e-35 699.50000000000011 1.5000000000000002 0.67849187490821106 26.745000000000001 5.5000000000000009 5.5000000000000009 15.575000000000001 28.550000000000004 649.50000000000011 52.750000000000007 20.505000000000006 0.5869566722585986
decision_type=2 2 2 2 2 2 2 2 2 2 2 2 2 2 2 2 2 2 2 2 2 2 2 2 2 2 2 2 2 2
left_child=5 2 3 4 7 24 -6 -2 9 -4 13 -11 -10 14 15 -7 17 19 -14 -12 -19 -16 -15 -24 -1 26 -3 -18 29 -28
right_child=1 25 8 -5 6 10 -8 -9 12 11 16 -13 18 22 21 -17 27 20 -20 -21 -22 -23 23 -25 -26 -27 28 -29 -30 -31
leaf_value=0.014038820158449674 -0.0099858788313404289 0.039512480532639796 -0.045884807510069126 -0.049791672990132013 -0.056382381581346702 -0.00073723335636631255 -0.001884019145373678 -0.029496668060065262 0.087321631745931105 -0.0046851477562598132 0.0016159254463134355 0.0058474184140254069 0.0096184219515973429 0.11167013452772391 -0.027671512794765853 0.013739598374922309 -0.079399849838493686 0.013775646232048069 0.00010348858743434904 0.014532709167123894 0.054289681608646917 -0.12361885083898616 -0.044590145125389426 0.066125028060151456 0.053837070224735356 0.070858156801654679 0.0072025492308218086 0.047358310463175977 0.018644144588622787 -0.028493869553584468
leaf_weight=25.892792463302612 639.73782112798654 21.2150081503205 28.364565036026761 31.948864484205842 14.543643746525047 1066.8889979831874 1277.8246120964177 127.57729015289806 4.3806106857955447 1459.2138460220303 732.65335243940353 432.10146158887073 502.50147065334022 0.96589535614475863 11.340308623388408 187.79515223903582 1.179200336337092 296.24947974039242 716.21673349570483 187.0611138464883 13.846637380775062 2.9532633079215875 25.508397223893557 1.8994409744627763 24.601913948077708 5.5567511646077028 127.99167990032583 24.078472622670233 103.98402075050399 20.664427887648344
leaf_count=311 11171 215 320 2771 215 8487 12608 2276 39 13195 5963 3121 4292 20 83 1520 12 2890 5071 1550 242 24 588 33 535 58 1147 284 821 138
internal_value=-1.31556e-05 -0.00213781 -0.00292129 -0.00715694 -0.00649561 0.00448755 -0.00249732 -0.0132298 -0.000102312 -0.00292312 0.00391499 -0.00227881 0.00432501 0.000162516 0.000878503 0.00142959 0.00779389 0.00710286 0.00402668 0.00424308 0.0155847 -0.0474957 -0.0318591 -0.0369173 0.0334292 0.0125397 0.0113564 0.0414404 0.00899204 0.00224045
internal_weight=8116.74 5513.82 5234.41 2091.63 2059.68 2602.91 1292.37 767.315 3142.78 1919.68 2552.42 1891.32 1223.1 1297.35 1268.98 1254.68 1255.07 1229.81 1218.72 919.714 310.096 14.2936 28.3737 27.4078 50.4947 279.412 273.855 25.2577 252.64 148.656
internal_count=80000 57458 55079 29041 26270 22542 12823 13447 26038 16636 21696 16316 9402 10755 10114 10007 10941 10645 9363 7513 3132 107 641 621 846 2379 2321 296 2106 1285
is_linear=0
shrinkage=0.06


Tree=107
num_leaves=31
num_cat=0
split_feature=7 1 11 32 4 17 11 15 1 17 15 11 12 21 17 18 18 9 16 4 2 21 1 4 4 18 6 11 17 4
split_gain=20.2363 17.8908 15.7256 14.3994 13.6885 12.3072 11.4708 9.72743 9.40922 12.1557 9.19635 9.43791 8.23613 9.03441 7.95218 7.92351 10.5764 7.73782 7.63669 7.53941 7.50695 7.21458 11.2707 9.8954 7.04786 6.94806 6.64875 6.37938 11.3423 8.26699
threshold=1.5000000000000002 20.705000000000002 17.650000000000002 1.0000000180025095e-35 29.855000000000004 0.25167468530620707 50.350000000000001 11.350000000000003 25.145000000000003 0.26779080494193047 16.050000000000004 62.750000000000007 18.500000000000004 7091.5000000000009 0.24971626387090243 0.070337233959026649 0.057833996426953825 1.0000000180025095e-35 0.65019193422300503 25.385000000000002 917.47500000000002 3037.3500000000004 24.905000000000005 3.8350000000000004 29.635000000000002 0.24202163791358258 629.50000000000011 30.250000000000004 0.25731936111845821 22.985000000000003
decision_type=2 2 2 2 2 2 2 2 2 2 2 2 2 2 2 2 2 2 2 2 2 2 2 2 2 2 2 2 2 2
left_child=1 6 21 4 5 -4 18 25 10 17 11 15 -13 -14 19 16 -2 -10 -1 -9 -16 -3 -23 -24 -17 -8 -5 28 -12 -30
right_child=8 2 3 26 -6 -7 7 14 9 -11 27 12 13 -15 20 24 -18 -19 -20 -21 -22 22 23 -25 -26 -27 -28 -29 29 -31
leaf_value=-0.026073322158990421 -0.0071963800096033967 -0.025747903573911039 -0.0030972143732552917 0.018794572228417995 0.012088417573520513 0.0032166935099340764 -0.024898392466890434 -0.033473700450631805 0.0043805869532113108 0.026330990087124074 -0.037999327290626869 -0.020581777326175693 0.015307177156593171 -0.036891671705149384 0.012037826144204483 -0.025415742693158015 0.024220581576945201 0.031322851999945778 0.16721842569200501 0.030236560684430605 -0.012332695239527701 -0.026661005794795783 -0.098869916065272206 0.002626723155921616 0.020237834090332734 0.079482309834191023 -0.01093043364994261 0.010807070071486843 -0.0048080937081731055 0.047726197468868435
leaf_weight=166.17053228081204 252.92389836860821 107.23947026277892 2097.8315004298929 28.660606452263892 381.54337797733024 2363.5305684683844 95.137730644550174 38.973640729207546 431.12439402705058 150.99172399146482 28.381925814552233 32.611379956360906 185.78202172135934 12.756187090650199 150.72600311599672 111.0650880956091 45.517845491413027 42.125059355981648 0.73910918133333225 8.0717449714429659 65.17967392038554 76.495939838932827 3.5249116476625195 182.33207672461867 13.671865964308379 2.3525246754288665 494.12790820398368 474.61550476844423 42.981313686352223 14.395248256623743
leaf_count=6956 2464 1487 20152 229 3145 17355 2101 2751 2813 2510 482 250 1461 84 1957 879 365 417 16 296 798 970 24 1248 102 22 4320 3962 294 90
internal_value=-1.26731e-05 -0.00163762 -0.000665183 0.000159384 0.00118061 0.000247754 -0.0122135 -0.00619172 0.00552117 0.0115081 0.00244447 -0.00238684 0.0073632 0.0119534 -0.000189989 -0.00771254 -0.00240472 0.00677878 -0.0252174 -0.0225427 0.00468062 -0.0126361 -0.00727657 0.000701766 -0.0204119 -0.0223796 -0.00930083 0.00808582 -0.00697449 0.00837227
internal_weight=8101.58 6262.64 5735.29 5365.69 4842.91 4461.36 527.351 360.441 1838.94 624.241 1214.7 654.328 231.15 198.538 262.951 423.179 298.442 473.249 166.91 47.0454 215.906 369.592 262.353 185.857 124.737 97.4903 522.789 560.374 85.7585 57.3766
internal_count=80000 63827 48930 45201 40652 37507 14897 7925 16173 5740 10433 5605 1795 1545 5802 3810 2829 3230 6972 3047 2755 3729 2242 1272 981 2123 4549 4828 866 384
is_linear=0
shrinkage=0.06


Tree=108
num_leaves=31
num_cat=0
split_feature=9 5 4 22 11 17 1 6 2 11 1 6 1 1 4 17 7 11 11 16 11 17 21 15 11 10 16 15 7 16
split_gain=20.0664 48.9803 20.3092 16.7372 13.373 11.6694 15.8372 11.328 10.4137 9.62871 9.12274 9.03604 9.03593 8.42519 8.76375 9.23149 8.53362 7.46871 7.14355 9.67307 7.06415 6.94782 6.69291 8.51547 6.64114 6.63333 6.45579 6.24974 6.12492 7.6948
threshold=1.0000000180025095e-35 1.0000000180025095e-35 11.685 1.0000000180025095e-35 63.750000000000007 0.24971626387090243 24.905000000000005 639.50000000000011 987.2700000000001 78.850000000000009 18.735000000000003 774.50000000000011 22.715000000000003 23.815000000000001 16.085000000000004 0.24971626387090243 1.5000000000000002 57.95000000000001 56.850000000000001 0.050882443273651212 57.150000000000013 0.14545313500075788 1825.7500000000002 15.750000000000002 13.750000000000002 5850.0000000000009 0.11697265296937974 18.150000000000002 1.5000000000000002 0.12270019120256093
decision_type=2 2 2 2 2 2 2 2 2 2 2 2 2 2 2 2 2 2 2 2 2 2 2 2 2 2 2 2 2 2
left_child=2 13 10 7 5 6 -5 -4 9 -9 -1 26 -7 18 16 27 17 -15 19 -2 -20 -21 23 -3 28 -18 -6 -16 -12 -30
right_child=1 22 3 4 11 12 -8 8 -10 -11 24 -13 -14 14 15 -17 25 -19 20 21 -22 -23 -24 -25 -26 -27 -28 -29 29 -31
leaf_value=-0.039465724793363174 -0.046058357190019515 0.034806406337046729 0.030355186102274757 -0.020930956917812899 -0.0015624106553156466 -0.0083850081729145605 -0.0045538237516988536 0.001247929489927676 0.027159690407895717 0.014734686639057217 -0.050306834314611401 -0.038877564627691139 0.0013588079404085753 -0.019513135083872941 0.012918117923678028 0.027469014603325501 0.039878882593442445 0.0090264239844688853 0.10840987165404559 0.037288954801011936 0.00198516990938917 -0.0096519942496082322 0.035284409260244905 -0.019063760770522964 -0.0073250151566261572 -0.03147759127053195 0.0066364702987719917 -0.0065324509832122533 -0.064119862829709884 0.047570306544264369
leaf_weight=35.208260902203619 25.693601423874497 22.124977064318955 59.900097222067416 320.42139001726173 619.79527504276484 497.50699398852885 631.55476017575711 1518.037050889805 66.358558079693466 217.92861349834129 24.408171869814396 18.787542355945334 1100.554234597832 100.52270540222526 165.59200096130371 99.146209710743278 23.13297093752772 49.151442473754287 2.2651292392984024 11.937414657324551 256.68101414293051 231.21054479037412 205.40675558382645 20.215746507979929 873.29623034130782 5.8825599104166022 781.88695026421919 92.797193070873618 3.5174794467166048 6.0228325333446264
leaf_count=2476 503 165 947 10090 6399 6041 4565 12378 664 1902 429 587 7064 645 1057 1460 198 382 21 228 1992 1959 1803 170 9480 35 5649 599 67 45
internal_value=-1.26784e-05 0.00677978 -0.00132778 -7.30761e-06 -0.00220846 -0.00480733 -0.0100661 0.00468583 0.00383271 0.00294102 -0.00950006 0.00245706 -0.00167463 0.00118522 0.00648215 0.0119048 -0.00436793 -0.010141 -0.00419638 -0.0110471 0.00291612 -0.00734742 0.030807 0.00908588 -0.00833715 0.0254122 0.00301109 0.00593269 -0.0343736 0.00639053
internal_weight=8086.94 1311.76 6775.18 5832.73 3970.51 2550.04 951.976 1862.22 1802.32 1735.97 942.453 1420.47 1598.06 1064.01 536.225 357.535 178.69 149.674 527.788 268.842 258.946 243.148 247.747 42.3407 907.245 29.0155 1401.68 258.389 33.9485 9.54031
internal_count=80000 11217 68783 56286 40395 27760 14655 15891 14944 14280 12497 12635 13105 9079 4376 3116 1260 1027 4703 2690 2013 2187 2138 335 10021 233 12048 1656 541 112
is_linear=0
shrinkage=0.06


Tree=109
num_leaves=31
num_cat=0
split_feature=5 14 1 32 1 17 11 1 16 11 21 15 1 17 16 1 12 1 4 12 1 16 11 10 38 1 39 40 15 4
split_gain=19.1352 24.0011 19.9551 16.8258 14.9801 17.0292 15.5834 11.044 9.9442 8.14561 9.36978 8.80356 7.72646 10.8059 12.9758 12.6809 6.5336 6.90483 6.05127 5.98987 6.05424 7.57922 5.647 5.27317 4.97988 4.93493 5.98501 5.12718 4.03501 3.73618
threshold=1.0000000180025095e-35 1.0000000180025095e-35 16.925000000000004 1.0000000180025095e-35 27.315000000000001 0.24971626387090243 52.750000000000007 29.515000000000004 0.12761612146057019 24.650000000000002 2124.8750000000005 10.750000000000002 21.985000000000003 0.24971626387090243 0.046202020271382739 26.755000000000006 28.500000000000004 16.395000000000003 21.225000000000005 14.500000000000002 26.415000000000003 0.025271717853924947 72.350000000000009 34050.000000000007 1.0000000180025095e-35 21.205000000000002 1.0000000180025095e-35 1.0000000180025095e-35 13.65 7.4150000000000009
decision_type=2 2 2 2 2 2 2 2 2 2 2 2 2 2 2 2 2 2 2 2 2 2 2 2 2 2 2 2 2 2
left_child=2 7 -1 4 5 6 -4 12 -7 11 -11 -6 16 14 -14 -15 17 -2 -18 24 21 -21 -23 25 -3 26 -5 -27 -9 -30
right_child=1 19 3 23 9 8 -8 28 -10 10 -12 -13 13 15 -16 -17 18 -19 -20 20 -22 22 -24 -25 -26 27 -28 -29 29 -31
leaf_value=-0.048088236480156241 -0.043384907772679379 0.13495201843115234 -0.014720706301138663 -0.038320728236732077 0.017568283868077929 0.0083308746544842431 -0.0023428008875053578 0.056602856429424857 -0.00087156408928656861 -0.0047410787671132862 0.0100878045115366 -0.01206409297354241 0.013430161986887944 0.0099656184213055606 -0.0048689565690406182 0.051110491025532195 -0.009907955248772915 0.00032033059222036174 -0.048749108198263197 -0.047176754490685271 0.052789720504422308 0.017105083935121484 0.048047184867757796 -0.10748313983020097 0.028193557323436955 -0.0080959668904180618 0.051338333810599143 -0.039929506888457915 -0.093729807364987996 0.023201009349050939
leaf_weight=32.990648586535826 13.488823048770426 3.2462595738470545 587.76201657368802 35.293930689105764 46.463073879480362 515.23055301094428 971.17891690693796 16.446463157422841 2354.7168347183615 185.52760136127472 885.71994722215459 161.72299837972969 197.15095928311348 354.19806618150324 477.06229647621512 29.188505854923278 50.034874341916293 369.15785153210163 20.297828170470893 5.8895371928811064 22.606726953294128 129.77192524820566 25.387398092076182 2.0322119086049488 3.0515810269862413 525.00922951870598 2.9005436077713957 18.868852064013481 1.0246535707265163 24.625403341837227
leaf_count=3019 393 20 12228 1371 318 3762 11631 413 17265 1117 8375 1093 1190 2800 2844 929 531 3435 169 40 437 887 217 21 26 4582 108 145 10 624
internal_value=-1.23216e-05 0.00555474 -0.00154603 -0.00130201 -0.000309533 -0.00196156 -0.0070096 0.00309184 0.000780514 0.00540912 0.00751961 -0.00545072 0.00224709 0.00505542 0.000482004 0.0130981 -0.0043097 -0.00122034 -0.0211174 0.0256865 0.0237134 0.019632 0.0221679 -0.0110013 0.0832228 -0.0106644 -0.0315119 -0.00920037 0.0334044 0.0185299
internal_weight=8068.05 1742.63 6325.42 6292.43 5708.32 4428.89 1558.94 1552.68 2869.95 1279.43 1071.25 208.186 1510.58 1057.6 674.213 383.387 452.979 382.647 70.3327 189.953 183.656 161.049 155.159 584.105 6.29784 582.073 38.1945 543.878 42.0965 25.6501
internal_count=80000 14965 65035 62016 55789 44886 23859 13338 21027 10903 9492 1411 12291 7763 4034 3729 4528 3828 700 1627 1581 1144 1104 6227 46 6206 1479 4727 1047 634
is_linear=0
shrinkage=0.06


Tree=110
num_leaves=31
num_cat=0
split_feature=7 4 1 11 11 1 32 10 15 1 17 4 1 20 21 2 17 17 18 11 10 11 18 12 35 20 15 15 10 17
split_gain=19.5244 15.5254 13.9083 15.1613 11.0561 10.8812 10.2735 9.98855 8.50587 9.31354 9.73766 8.15651 8.36736 10.7414 10.4013 8.28838 8.00479 7.66998 8.55273 7.2594 9.09633 8.1395 7.12899 6.91483 6.21868 6.11807 5.91509 10.8724 9.47177 5.84214
threshold=1.5000000000000002 14.975000000000003 29.515000000000004 42.150000000000013 13.750000000000002 20.705000000000002 1.0000000180025095e-35 1650.0000000000002 29.350000000000005 24.215000000000003 0.25167468530620707 28.125000000000004 25.145000000000003 1.0000000180025095e-35 4062.2500000000005 1435.3650000000002 0.24971626387090243 0.11718647004090242 0.01203090949709645 101.55000000000001 10950.000000000002 29.450000000000003 0.0089598447688068444 17.500000000000004 1.0000000180025095e-35 1.0000000180025095e-35 11.250000000000002 16.750000000000004 10050.000000000002 0.56990381307577909
decision_type=2 2 2 2 2 2 2 2 2 2 2 2 2 2 2 2 2 2 2 2 2 2 2 2 2 2 2 2 2 2
left_child=1 4 3 5 -1 -3 7 -5 9 10 -6 12 19 14 23 -16 -7 -4 -19 20 21 -2 -15 -14 -24 -20 28 -28 -21 -11
right_child=11 2 17 6 8 16 -8 -9 -10 29 -12 -13 13 22 15 -17 -18 18 25 26 -22 -23 24 -25 -26 -27 27 -29 -30 -31
leaf_value=-0.030997512455111693 -0.010547536038097391 -0.02869044552370896 -0.0014903071645646566 0.019065693104171919 -0.023068107325771223 -0.011122680611397789 -0.0093763338439697246 0.0018990683164307669 -0.041467463830220937 -0.002750138075228171 -0.0063225511379686253 0.017671728536292258 -0.026295481029925728 -0.04103114458908351 0.02089772937980227 -0.10588413776840568 -0.0010286871012166313 -0.034706724691347224 0.015399986795421282 -0.072240098585033552 -0.018688643131152836 0.0043103867162805594 0.021301767557976907 0.0029693242871189881 0.054374162307634914 0.042445838743811623 0.096389455446212052 0.008028399697774382 0.07036402721365298 0.012259277923925994
leaf_weight=64.208850295515731 157.71142993331887 73.479934275848791 118.70442802552134 128.25748258596286 162.74658011621796 458.98501458484679 278.84736122866161 2509.5361515465192 23.455942861037329 760.82456491561607 539.20229285955429 177.32298829033971 32.683898056857288 5.1115255495533338 144.88635861733928 1.8804352767765511 736.93774155713618 11.077550617046652 216.40360085759312 4.2336045932024744 83.246297455858439 838.12369393510744 65.035073011182249 262.62151192221791 29.867587485350668 34.977051167283207 9.1920580090954918 11.026851490139959 2.776349950581789 106.41469305288047
leaf_count=1138 1666 2814 833 1044 6702 5490 2568 22179 319 5674 5919 1626 209 32 1518 27 5028 75 2268 34 721 7100 962 1711 407 1027 65 77 18 749
internal_value=-1.15988e-05 -0.001612 0.000192899 -0.000806218 -0.00658729 -0.00627964 0.00157597 0.00273376 -0.00560317 -0.00506708 -0.010205 0.00544431 0.00412897 0.0102358 0.00621857 0.0192733 -0.00490268 0.0111655 0.0168895 0.00113664 0.000364579 0.00195732 0.0279926 -0.000269654 0.0317102 0.0191631 0.0317334 0.0481997 -0.0157606 -0.000908406
internal_weight=8049.78 6224.06 4567.21 4186.04 1656.85 1269.4 2916.64 2637.79 1592.64 1569.19 701.949 1825.72 1648.4 542.086 442.072 146.767 1195.92 381.163 262.458 1106.31 1079.08 995.835 100.014 295.305 94.9027 251.381 27.2289 20.2189 7.00995 867.239
internal_count=80000 63827 43326 39123 20501 13332 25791 23223 19363 19044 12621 16173 14547 4866 3465 1545 10518 4203 3370 9681 9487 8766 1401 1920 1369 3295 194 142 52 6423
is_linear=0
shrinkage=0.06


Tree=111
num_leaves=31
num_cat=0
split_feature=5 14 1 4 11 1 11 12 1 11 6 22 7 18 12 8 17 1 17 22 11 6 2 42 12 1 16 11 8 38
split_gain=17.6656 21.8778 18.4343 15.1756 11.683 10.6235 13.6942 9.56875 9.47608 9.31752 9.75337 9.05477 7.8797 7.85254 8.15378 7.79214 7.45832 7.00193 11.5913 6.99537 6.55637 6.45941 5.66064 5.62144 5.40683 5.7035 7.15997 8.78252 8.76078 4.60086
threshold=1.0000000180025095e-35 1.0000000180025095e-35 16.925000000000004 19.215000000000003 101.55000000000001 23.155000000000005 48.350000000000001 15.500000000000002 29.515000000000004 23.650000000000002 709.50000000000011 1.0000000180025095e-35 4.5000000000000009 0.21284346632035481 23.500000000000004 19.500000000000004 0.24971626387090243 22.235000000000003 0.24971626387090243 1.0000000180025095e-35 21.450000000000003 649.50000000000011 569.72500000000014 1.0000000180025095e-35 14.500000000000002 26.415000000000003 0.079431756619800592 71.15000000000002 12.500000000000002 1.0000000180025095e-35
decision_type=2 2 2 2 2 2 2 2 2 2 2 2 2 2 2 2 2 2 2 2 2 2 2 2 2 2 2 2 2 2
left_child=2 8 -1 4 5 6 -4 -7 13 10 15 16 -13 17 22 -5 -11 19 -19 -2 -12 -6 -15 -23 29 26 28 -28 -26 -3
right_child=1 24 3 9 21 7 -8 -9 -10 11 20 12 -14 14 -16 -17 -18 18 -20 -21 -22 23 -24 -25 25 -27 27 -29 -30 -31
leaf_value=-0.047301632651210804 0.013707404245926496 0.13028179138553858 -0.022799849518283555 -0.00021871190163460656 0.078823023704955281 -0.022125976061916058 -0.0056374930536569378 -0.0019314599126212409 0.031718209563496011 0.0034462460924795692 -0.017862894533372007 0.000115168017564821 0.034842779235653792 -0.028512691689955717 0.067168255816905748 -0.084512970474947324 0.014933930289558037 -0.00024433035980865321 0.013334150713102611 -0.0071980028105740109 -0.064413926547090938 0.0093527789699743898 0.049854612657913459 0.079836980827509285 -0.015139214867251656 0.051656802383576159 0.020463147979632553 0.066697277092378188 0.029961740719420867 0.026789832452566921
leaf_weight=31.457456451724283 66.914087934419513 3.171512132510542 242.43997946823947 253.13540516002104 5.8812484862282863 88.136076409369707 540.55857562716119 2029.4468710725196 40.288556498475373 533.24424411542714 84.261582493316382 2050.3995031788945 23.794309792108834 8.5654197633266467 13.542119493242351 4.0104209017008534 328.98347235657275 645.34927949495614 348.56661320896819 414.99786142027006 12.508955843979491 69.473678786773235 5.4164555943571022 4.3272104132920495 37.818019243888557 21.70913176285103 77.928136247210205 18.255996516905725 26.279416812583804 3.0179877849295735
leaf_count=3019 518 20 7120 1935 65 685 8644 15582 1047 3964 1325 18212 189 83 146 34 3469 3810 3476 4198 205 559 60 28 257 437 547 169 171 26
internal_value=-1.0859e-05 0.00535627 -0.00148576 -0.00125592 -0.00435735 -0.00498 -0.0109515 -0.00277198 0.00300168 0.00155325 -0.00764362 0.00266171 0.000513549 0.0022321 0.0339854 -0.00153336 0.00782938 0.00163991 0.00451765 -0.00429526 -0.0238803 0.018308 0.00184611 0.0134855 0.024671 0.0227954 0.0188863 0.0292385 0.0033518 0.0798193
internal_weight=8033.88 1731.82 6302.06 6270.6 2980.26 2900.58 782.999 2117.58 1543.64 3290.34 353.916 2936.42 2074.19 1503.35 27.524 257.146 862.228 1475.83 993.916 481.912 96.7705 79.6821 13.9819 73.8009 188.18 181.991 160.282 96.1841 64.0974 6.1895
internal_count=80000 14965 65035 62016 32683 32031 15764 16267 13338 29333 3499 25834 18401 12291 289 1969 7433 12002 7286 4716 1530 652 143 587 1627 1581 1144 716 428 46
is_linear=0
shrinkage=0.06


Tree=112
num_leaves=31
num_cat=0
split_feature=9 4 1 4 17 17 1 16 20 3 6 0 1 16 1 3 4 18 1 3 15 3 15 15 14 1 4 18 15 33
split_gain=17.9816 16.815 14.1305 12.7714 12.4482 12.4322 14.1236 11.2523 11.0828 10.6684 9.44764 9.12862 7.95962 7.18315 7.09661 6.87541 7.20738 6.72675 7.60707 7.7674 6.29311 6.64302 5.65844 7.0558 5.29573 5.1724 4.91347 5.88148 5.37504 4.87898
threshold=1.0000000180025095e-35 11.685 25.535000000000004 35.945000000000007 0.25167468530620707 0.24971626387090243 19.835000000000004 0.09997652785747578 1.0000000180025095e-35 101850.00000000001 614.50000000000011 11000.000000000002 18.735000000000003 0.12082239843329161 15.435 53050.000000000007 11.565000000000003 0.0078399640614233608 28.885000000000002 188750.00000000003 29.350000000000005 58350.000000000007 5.9500000000000011 11.450000000000001 1.5000000000000002 24.015000000000004 8.4150000000000009 0.012919646260624529 19.150000000000002 1.0000000180025095e-35
decision_type=2 2 2 2 2 2 2 2 2 2 2 2 2 2 2 2 2 2 2 2 2 2 2 2 2 2 2 2 2 2
left_child=1 12 3 5 10 6 -3 -6 -9 -7 11 -4 -1 -12 -2 16 25 -16 26 24 21 -17 -5 -24 -20 -14 28 -28 -19 -18
right_child=14 2 4 22 7 9 -8 8 -10 -11 13 -13 15 -15 17 20 29 18 19 -21 -22 -23 23 -25 -26 -27 27 -29 -30 -31
leaf_value=-0.037692020727005365 -0.05238303383676058 -0.040423082987945412 0.0031023486505636507 -0.06837236895167885 0.045466483162395481 -0.0011596062170776112 -0.0070305908944129827 0.005942703015960611 0.032799208980757479 0.028530107258252488 -0.00024983063954161551 0.046610379776093308 -0.0081498492350644599 -0.035243643578956624 -0.023978168680461293 -0.030010018281622107 -0.085194070388450949 0.0027004783696743936 0.042131256368917375 -0.075563563874247147 -0.068235648208549271 -0.008980523356231845 0.092512473996728947 0.024830076401267318 -0.0091331327508255462 0.0052129323607891893 0.036166750041696553 0.0068416328008274289 -0.028742941190278024 -0.00040797005609546119
leaf_weight=32.968129269895144 7.3368564173579207 47.936246743076481 40.71994938980788 1.8061277149245132 29.597158011980355 2214.7970447023399 934.97145218006335 787.11710241157562 59.497729753144085 44.444434197153896 1546.1657594414428 30.263415265828371 194.22326995804906 21.409533383324742 25.075968994293362 62.532641957979649 6.2236978057771903 64.069111940916628 44.789493898395449 2.4435669668018809 7.2305486586410543 399.90434304904193 7.2737682182341841 23.329543564002961 8.6563422582112235 225.18202151264995 25.189773779828101 1090.82180371508 28.179707673378289 4.0225058093201369
leaf_count=2476 236 4354 294 17 271 16702 14712 7269 1730 337 9998 232 2369 124 265 682 54 590 956 21 101 5215 58 188 167 1561 209 8539 234 39
internal_value=-1.02176e-05 -0.00125814 -5.38704e-05 -0.00265157 0.00332867 -0.00302621 -0.00865914 0.00910141 0.0078301 -0.000575542 0.000241729 0.0216518 -0.00873644 -0.000727767 0.00645924 -0.00767495 -0.0021899 0.00679411 0.00740452 0.0290455 -0.0126927 -0.0118242 0.0348263 0.0409168 0.0338282 -0.000975266 0.00640349 0.00750354 -0.0069047 -0.0519083
internal_weight=8018.18 6721.62 5789.33 3274.56 2514.77 3242.15 982.908 876.212 846.615 2259.24 1638.56 70.9834 932.287 1567.58 1296.56 899.319 429.651 1289.23 1264.15 55.8894 469.668 462.437 32.4094 30.6033 53.4458 419.405 1208.26 1116.01 92.2488 10.2462
internal_count=80000 68783 56286 36368 19918 36105 19066 9270 8999 17039 10648 526 12497 10122 11217 10021 4023 10981 10716 1144 5998 5897 263 246 1123 3930 9572 8748 824 93
is_linear=0
shrinkage=0.06


Tree=113
num_leaves=31
num_cat=0
split_feature=32 4 22 17 6 1 3 6 4 8 10 2 13 6 10 10 17 18 17 3 2 2 18 1 1 17 17 16 10 4
split_gain=16.956 14.9694 13.3327 11.4105 14.4169 11.2406 10.5742 9.23516 8.87324 8.35824 7.65157 7.48314 7.4768 7.4227 7.64594 7.42226 7.34097 6.55625 6.12428 6.06329 5.29413 7.96172 6.38568 6.02778 5.16644 4.97264 5.80415 4.79364 4.63795 5.9495
threshold=1.0000000180025095e-35 27.675000000000004 1.0000000180025095e-35 0.25167468530620707 674.50000000000011 26.415000000000003 148650.00000000003 609.50000000000011 5.8150000000000004 19.500000000000004 5550.0000000000009 188.85000000000005 5.5000000000000009 684.50000000000011 40850.000000000007 2150.0000000000005 0.24971626387090243 0.024206748988543525 0.29125577354064341 146050.00000000003 1239.5550000000001 798.84000000000003 0.17444749985947525 21.005000000000006 19.965000000000003 0.65629576764955477 0.33481582340623967 0.08622974859502118 6950.0000000000009 12.205000000000002
decision_type=2 2 2 2 2 2 2 2 2 2 2 2 2 2 2 2 2 2 2 2 2 2 2 2 2 2 2 2 2 2
left_child=1 2 7 4 6 -6 -4 -1 17 11 -11 -5 13 19 24 18 -10 -9 -14 27 21 23 28 -2 -15 26 -17 -3 29 -23
right_child=20 12 3 9 5 -7 -8 8 16 10 -12 -13 15 14 -16 25 -18 -19 -20 -21 -22 22 -24 -25 -26 -27 -28 -29 -30 -31
leaf_value=0.054992232463125901 -0.032740521753621118 0.030546332522341582 -0.0023779053716016922 0.097832313840680446 -0.01055852873618013 -0.073814967050330194 0.021135438023259515 -0.0062445748028287177 0.0011558491181118608 -0.014633103857021875 -0.083471199899285892 0.00076787488450774535 -0.034263102588096159 -0.017010852094718792 0.10392218176279858 -0.027383445206619422 0.008557778821982125 -0.04487148538629579 0.10259155361440113 -0.013977663452115978 -0.030842106773577425 -0.019183888936047177 0.053566656697065611 -0.0090070469147194195 0.0069375512616885928 -0.095907576374152662 0.023548417396795005 0.012625412736717143 -0.019219153615582237 0.013759925555148633
leaf_weight=12.613990987185387 41.591658592107706 106.22592912428081 746.87085500592366 2.8625575676560393 853.7457895448897 10.234296947717665 75.84500829782337 74.075710717821494 1114.7902977825142 33.319286804646254 7.0413805479183784 2544.5796279525384 1.8084893585182715 34.382037467556074 2.8594235479831687 35.543882727157325 850.24176658457145 20.114412562455982 3.3721246323548257 18.885730337351561 36.471677656751126 24.957885675830767 8.9869249733164889 522.41328555671498 571.05583199486136 2.9731251345947376 10.415234063286332 108.7387526393868 30.895693907514215 94.302643267437816
leaf_count=231 1608 797 5264 29 18641 61 542 727 9026 263 53 21199 20 590 27 305 7861 156 31 134 317 273 72 4592 4442 28 98 1495 272 846
internal_value=-9.73215e-06 0.000884724 -0.000140367 -0.00205499 -0.00589479 -0.0113078 -0.000210244 0.00380978 0.00349626 0.000447736 -0.0266427 0.000876946 0.0081433 0.00953244 0.00603984 -0.0134757 0.00435856 -0.0144934 0.0548173 0.0186175 -0.00853793 -0.00741303 0.00443889 -0.0107572 0.00557755 -0.0207061 -0.0158413 0.0214811 0.00149857 0.00686571
internal_weight=8002.22 7242.6 6346.33 4274.5 1686.7 863.98 822.716 2071.84 2059.22 2587.8 40.3607 2547.44 896.261 842.148 608.297 54.1129 1965.03 94.1901 5.18061 233.85 759.62 723.148 159.143 564.005 605.438 48.9322 45.9591 214.965 150.156 119.261
internal_count=80000 72020 64053 46052 24508 18702 5806 18001 17770 21544 316 21228 7967 7485 5059 482 16887 883 51 2426 7980 7663 1463 6200 5032 431 403 2292 1391 1119
is_linear=0
shrinkage=0.06


Tree=114
num_leaves=31
num_cat=0
split_feature=7 11 1 20 11 1 1 11 15 18 38 11 15 1 18 12 2 3 1 3 32 13 18 8 1 20 20 15 39 3
split_gain=19.3803 15.643 15.4626 11.9877 10.6965 8.934 8.20323 7.82979 12.8793 7.71258 6.99035 8.00995 7.97791 10.7145 7.7296 8.5903 6.97403 6.87415 6.73264 6.43261 6.20244 6.16464 8.27185 6.93295 6.10251 6.07783 6.00328 6.07446 6.06999 5.95047
threshold=1.5000000000000002 85.050000000000011 21.655000000000005 1.0000000180025095e-35 13.750000000000002 16.195000000000004 26.755000000000006 49.550000000000004 11.65 0.20073211508009256 1.0000000180025095e-35 100.45000000000002 16.150000000000002 26.215000000000003 0.18157458864691592 23.500000000000004 1382.2650000000001 33450.000000000007 29.345000000000002 56850.000000000007 1.0000000180025095e-35 3.5000000000000004 0.1467056781396385 10.500000000000002 19.275000000000002 1.0000000180025095e-35 1.0000000180025095e-35 28.250000000000004 1.0000000180025095e-35 55650.000000000007
decision_type=2 2 2 2 2 2 2 2 2 2 2 2 2 2 2 2 2 2 2 2 2 2 2 2 2 2 2 2 2 2
left_child=1 2 5 4 18 -1 20 25 -9 -6 14 12 13 16 21 -16 -12 -8 -4 -15 -5 -2 -23 -24 29 -7 27 -3 -28 -14
right_child=10 26 3 6 9 7 17 8 -10 -11 11 -13 24 19 15 -17 -18 -19 -20 -21 -22 22 23 -25 -26 -27 28 -29 -30 -31
leaf_value=-0.052718858456554919 -0.0031241815182794673 0.0024863716087186322 -0.026491240292006668 0.0020919613078009065 -0.0031910509855561401 -0.031219838904953907 0.043410643414170447 -0.021016977518698722 0.0012955116530242727 0.016084418040243922 -0.0020355288332734832 0.043245544074480988 0.0081411939647919474 0.037883692287461981 -0.00050793067398369131 0.062902757590768771 0.070517450156194442 0.0088964846913865015 0.003488820940491581 0.0089868561770969271 -0.011721554404552269 0.013676252241541568 0.0022696076670950301 -0.10640060219659411 0.015407015095903566 -0.011562030454349077 0.013652709614295577 0.048902703805508513 0.057217450748340774 -0.049515367552627719
leaf_weight=17.807639044476673 567.22601329581812 418.36116692703217 111.80879727122374 1113.1126398378983 3028.8610808516387 85.088647881289944 22.22395995259285 129.8631030395627 329.27157994429581 76.619946177117527 443.09619862516411 23.482688738033175 16.912671492202211 41.61987091274932 15.738131256308408 15.041832846589385 4.8214292898774138 318.48627842450514 35.537432234734297 83.113179083913565 130.76624260470271 147.28388619842008 4.6508539346978051 3.8739081118255854 434.31882067816332 169.24139659758657 170.83290882967412 10.402439177036284 12.345928033813832 10.410636412212623
leaf_count=1757 5044 3646 1468 7248 25837 5773 598 2357 5932 582 3698 202 285 596 137 148 32 3438 213 696 830 1328 41 35 3614 2371 1571 96 110 317
internal_value=-9.29612e-06 -0.0016089 -0.00260953 -0.00138025 -0.00346493 -0.0107413 0.00289916 -0.00969352 -0.00501542 -0.00271548 0.00544809 0.00859443 0.00780771 0.0030764 0.00103304 0.0304802 -0.00125456 0.0111478 -0.0192606 0.0186289 0.000639777 -0.000220537 0.0103503 -0.0471134 0.0136767 -0.0181387 0.00749685 0.0036125 0.0165889 -0.0138269
internal_weight=7992.22 6180.63 5568.69 4837.42 3252.83 731.272 1584.59 713.465 459.135 3105.48 1811.59 1057.78 1034.29 572.651 753.815 30.78 447.918 340.71 147.346 124.733 1243.88 723.035 155.809 8.52476 461.642 254.33 611.942 428.764 183.179 27.3233
internal_count=80000 63827 58404 40214 28100 18190 12114 16433 8289 26419 16173 9440 9238 5022 6733 285 3730 4036 1681 1292 8078 6448 1404 76 4216 8144 5423 3742 1681 602
is_linear=0
shrinkage=0.06


Tree=115
num_leaves=31
num_cat=0
split_feature=7 11 1 5 9 17 32 11 16 4 21 10 8 9 37 20 1 17 3 4 3 18 4 8 21 6 8 21 16 1
split_gain=17.1583 14.0941 13.5668 13.9424 21.6141 11.3323 10.5054 10.2268 8.37221 8.79689 8.03535 7.77916 7.75752 7.52504 6.98948 6.754 7.85326 6.74264 6.72884 7.13427 7.47206 6.82431 6.36603 7.75084 7.67784 15.5652 7.62677 6.92785 8.15254 6.87862
threshold=1.5000000000000002 90.15000000000002 21.655000000000005 1.0000000180025095e-35 1.0000000180025095e-35 0.25167468530620707 1.0000000180025095e-35 17.650000000000002 0.11419604028828685 7.1950000000000012 8698.7500000000018 9750.0000000000018 12.500000000000002 1.0000000180025095e-35 1.0000000180025095e-35 1.0000000180025095e-35 24.985000000000003 0.24389896891811649 143750.00000000003 21.965000000000003 188750.00000000003 0.091023959451664041 20.585000000000004 3.5000000000000004 1037.1250000000002 734.50000000000011 9.5000000000000018 2645.5000000000005 0.13725187594780691 27.005000000000006
decision_type=2 2 2 2 2 2 2 2 2 2 2 2 2 2 2 2 2 2 2 2 2 2 2 2 2 2 2 2 2 2
left_child=1 2 5 6 10 11 7 -4 12 -10 -5 -1 -7 -13 -8 22 18 -6 -17 20 -20 -21 23 -2 25 -25 27 28 -24 -26
right_child=15 -3 3 4 17 8 14 -9 9 -11 -12 13 -14 -15 -16 16 -18 -19 19 21 -22 -23 26 24 29 -27 -28 -29 -30 -31
leaf_value=-0.03360660087778939 0.11557414029128658 0.0090826390797377407 -0.013640470908785047 0.0011145159479885125 0.02017257099314301 0.037533672032251907 -0.01660563307945934 -0.00089009129406600199 -0.037849275395899495 -0.006367860029535469 0.048497909879609766 -0.023055600860968091 -0.01741658111060199 0.035387637893775019 0.0034555112283787292 0.008986242319089649 0.024404926991799917 0.051754054484353253 -0.023953634508074438 -0.10877488824111056 0.056192121072775561 -0.01174478907125185 -0.013728456885532446 0.33343504138724134 -0.0043060806944541837 0.0063301536115941319 0.012436003624556744 0.0057415029751075927 -0.097059223807808515 0.010793740041150798
leaf_weight=102.74090659164358 2.0515966403763732 420.89822962973267 242.7329142189119 852.06101932888851 93.514057182706892 28.247293332125992 293.0720485765487 3378.2712469198741 33.918072166386992 551.77127429493703 13.081943047232924 20.32355839619413 13.751297540962694 13.007414526306091 79.477850199211389 399.58430220559239 117.98092750925571 32.898942463565618 13.510595607571309 5.248176107183097 6.0688755121082059 5.1899329423904419 48.411814508959651 0.74544435739517156 599.25596666638739 1.760545988101512 370.34579941490665 101.752964515239 4.630827195942401 132.64852610463277
leaf_count=8407 22 3676 2461 6354 610 370 2642 27797 862 7441 285 1270 197 209 739 2862 1728 507 102 31 37 31 423 33 5599 131 3135 856 34 1149
internal_value=-9.03651e-06 -0.00151572 -0.00229167 -0.00115079 0.00521721 -0.00973826 -0.0027319 -0.00174481 -0.0063354 -0.00819099 0.00183101 -0.0254354 0.0195417 -0.000248123 -0.0123259 0.00512913 0.0106936 0.0283916 0.00692812 -0.020469 0.000888437 -0.0605305 0.00271392 -0.00088512 -0.00121045 0.103632 0.00776125 -0.00342302 -0.0210036 -0.00156943
internal_weight=7978.95 6169.77 5748.87 4985.11 991.556 763.76 3993.55 3621 627.688 585.689 865.143 136.072 41.9986 33.331 372.55 1809.19 547.583 126.413 429.602 30.0176 19.5795 10.4381 1261.6 736.462 734.41 2.50599 525.141 154.796 53.0426 731.904
internal_count=80000 63827 60151 41395 7756 18756 33639 30258 8870 8303 6639 9886 567 1479 3381 16173 4791 1117 3063 201 139 62 11382 6934 6912 164 4448 1313 457 6748
is_linear=0
shrinkage=0.06


Tree=116
num_leaves=31
num_cat=0
split_feature=11 1 1 17 20 17 17 1 16 3 11 7 1 5 4 3 37 1 1 7 21 12 4 11 7 16 18 11 17 18
split_gain=16.418 12.9545 12.3934 13.0494 10.8382 8.83546 17.1999 11.2694 11.0624 8.20716 12.9411 10.5165 9.71673 8.18069 8.00857 7.86995 11.3666 7.77831 7.49307 7.23889 9.5223 7.51118 6.60605 6.56398 5.87375 5.69212 6.25995 7.64167 5.44232 6.93436
threshold=52.750000000000007 19.275000000000002 28.665000000000003 0.25167468530620707 1.0000000180025095e-35 0.24971626387090243 0.20864978970823689 23.815000000000001 0.12557380605498161 58350.000000000007 104.15000000000002 1.0000000180025095e-35 22.135000000000002 1.0000000180025095e-35 11.685 182450.00000000003 1.0000000180025095e-35 28.005000000000006 17.505000000000006 1.5000000000000002 1037.1250000000002 21.500000000000004 35.945000000000007 1.0000000180025095e-35 4.5000000000000009 0.13612352865922175 0.099676883636957855 40.350000000000001 0.2386108171230614 0.072960199140525706
decision_type=2 2 2 2 2 2 2 2 2 2 2 2 2 2 2 2 2 2 2 2 2 2 2 2 2 2 2 2 2 2
left_child=1 25 4 15 18 6 7 13 -7 12 11 -11 24 -3 -10 28 -17 -8 -2 21 -21 -20 -16 -9 -6 -1 -27 -28 -4 -30
right_child=2 5 3 -5 9 8 17 23 14 10 -12 -13 -14 -15 22 16 -18 -19 19 20 -22 -23 -24 -25 -26 26 27 -29 29 -31
leaf_value=-0.038319635151988635 -0.037714969291748182 -0.025989994667144675 0.012578063511850597 0.04173131376609613 0.0026873483081571283 0.010306761593068899 -0.025975565298337611 -0.02862040138727023 -0.011475195007704506 -0.0073380788425228965 0.048361599951681634 0.0079504189941067387 0.018607197759062277 -0.0032521013695478015 -0.00027523523195406655 0.0057995893694292779 -0.12819062972806741 -0.0042990173494034892 0.0029550774997361379 0.12378930321752379 0.004887774197390767 -0.0049540786884291962 0.041306885005492774 0.00044539051244130948 0.089238104564905718 -0.017254338919556883 0.16434746158616739 0.009099138769777455 -0.081909438027264816 0.0090942254764794679
leaf_weight=48.260285971686244 19.456674982793629 116.93548067449592 249.55830493755639 51.074410792440176 299.47834975412115 338.00824191141874 189.56395874451846 28.698805761523545 250.72495221439749 334.37199640297331 20.609974078368396 314.14991737203673 311.1305192313157 111.06711636204273 1486.5370225026272 6.0968469167128188 3.6399890203028917 86.920549825765193 667.85251091979444 2.4345248094759873 604.81778932921588 1225.4057318943087 13.882507307454942 1102.6636413657106 2.8496338576078406 61.43993977108039 1.4849938796833146 4.9330285559408367 5.0903664231300336 7.3910312298685312
leaf_count=3733 1690 5534 2194 2000 2102 2624 2671 279 2158 2674 170 2463 2975 1203 11556 60 28 543 6364 68 4500 11598 136 8561 16 1885 17 75 37 86
internal_value=-9.14138e-06 -0.00283195 0.00261914 0.0139054 0.00166089 -0.00221674 -0.00551904 -0.00274438 0.000369024 0.00615089 0.00155531 6.78087e-05 0.0111635 -0.0149137 -0.00154917 0.00867615 -0.0442909 -0.0191609 -0.000624384 -0.000335779 0.00536446 -0.0021641 0.0001095 -0.000291909 0.00350314 -0.0225673 -0.0113644 0.0450203 0.0106443 -0.0280204
internal_weight=7966.53 3841.12 4125.41 322.851 3802.56 3725 1635.85 1359.37 2089.15 1282.59 669.132 648.522 613.459 228.003 1751.14 271.777 9.73684 276.485 2519.97 2500.51 607.252 1893.26 1500.42 1131.36 302.328 116.118 67.858 6.41802 262.04 12.4814
internal_count=80000 40975 39025 4405 34620 35265 18791 15577 16474 10400 5307 5137 5093 6737 13850 2405 88 3214 24220 22530 4568 17962 11692 8840 2118 5710 1977 92 2317 123
is_linear=0
shrinkage=0.06


Tree=117
num_leaves=31
num_cat=0
split_feature=9 5 1 11 32 4 4 1 1 17 4 21 18 8 2 11 33 4 21 1 17 1 1 17 18 3 13 36 11 1
split_gain=15.2402 36.3007 14.263 13.9959 11.8811 12.7138 11.022 9.94906 9.65176 9.15406 7.94974 10.7362 7.90291 7.82226 7.33694 6.98466 7.86868 7.21668 8.77285 8.43037 9.16902 7.09839 6.04308 7.36515 6.60295 7.8276 6.59054 7.1893 5.17962 4.81697
threshold=1.0000000180025095e-35 1.0000000180025095e-35 17.095000000000002 59.650000000000013 1.0000000180025095e-35 29.095000000000002 13.245000000000003 28.665000000000003 24.825000000000003 0.24971626387090243 11.455000000000002 2465.5000000000005 0.050549672780975323 14.500000000000002 798.84000000000003 107.35000000000001 1.0000000180025095e-35 15.995000000000003 7164.2500000000009 24.095000000000002 0.24971626387090243 30.755000000000006 24.455000000000002 0.16975263131220644 0.049216176463903034 124950.00000000001 5.5000000000000009 1.0000000180025095e-35 64.550000000000011 24.735000000000003
decision_type=2 2 2 2 2 2 2 2 2 2 2 2 2 2 2 2 2 2 2 2 2 2 2 2 2 2 2 2 2 2
left_child=2 15 -1 4 5 8 -6 10 -4 -9 11 -5 -12 -7 -8 17 -17 18 21 -19 -21 -2 23 24 28 -26 27 -25 -3 -24
right_child=1 22 3 7 6 13 14 9 -10 -11 12 -13 -14 -15 -16 16 -18 19 -20 20 -22 -23 29 26 25 -27 -28 -29 -30 -31
leaf_value=-0.034867748751759506 -0.009817117622116624 -0.0095703025934410109 -0.0070929595462184665 -0.027045934597031418 -0.038634889983882315 0.012835233297161441 -0.014832399075971912 0.0095245002211452046 -0.00045570587698175478 0.04408466867424049 0.015502558054616825 -0.0016095082486876809 0.0016479674422828509 -0.0098515510092005466 0.006718594963201781 0.093559120238718985 -0.0090483659229091771 -0.0022364876587825217 0.025028950332809066 0.0053050430580706513 0.028250647112163078 0.072109663620308281 0.088378170882982873 0.045516137063311035 0.0045039575014939387 0.069136580913013848 -0.031946892325490223 0.013497383015242195 -0.090727504876310205 0.036857375396068551
leaf_weight=44.890457055531442 332.83176003000699 18.782442416995767 1416.1471622213721 75.616436388110742 54.296080963453278 289.32890249788761 218.42663430259563 186.46093603596091 1780.2819976238534 32.382493132259697 160.2015713469591 284.45002822950482 1981.5045609499793 67.471834403928369 76.888869097921997 6.1732903476804477 4.7692043012939394 340.6075154398568 29.907166151795536 241.63027141895145 84.660230138339102 3.8512979960069051 7.3697496997192493 67.717067743651569 29.191471070051193 8.7730148173868638 5.8238280043005934 40.251124751754105 3.3334910795092574 57.538227315060794
leaf_count=3478 3045 159 20313 1271 957 2446 2451 1588 13284 1315 1465 2483 16447 572 713 52 45 2687 242 1577 1369 62 50 450 183 54 42 277 27 896
internal_value=-8.9691e-06 0.00597901 -0.00116125 -0.000932809 -0.00323559 -0.00219717 -0.0137894 0.00237063 -0.00339628 0.0146384 0.0012975 -0.00695133 0.0026843 0.00854511 -0.00922134 0.00115376 0.0488384 0.000648883 -0.0061136 0.00436619 0.0112586 -0.00887996 0.0270847 0.0212528 0.00425797 0.0194396 0.0302258 0.0335794 -0.021803 0.0427071
internal_weight=7951.56 1283.21 6668.35 6623.46 3902.84 3553.23 349.612 2720.62 3196.43 218.843 2501.77 360.066 2141.71 356.801 295.316 1044.43 10.9425 1033.49 366.59 666.898 326.291 336.683 238.78 173.872 60.0804 37.9645 113.792 107.968 22.1159 64.908
internal_count=80000 11217 68783 65305 40736 36615 4121 24569 33597 2903 21666 3754 17912 3018 3164 9079 97 8982 3349 5633 2946 3107 2138 1192 423 237 769 727 186 946
is_linear=0
shrinkage=0.06


Tree=118
num_leaves=31
num_cat=0
split_feature=7 4 5 9 1 17 1 21 1 3 17 1 17 17 4 38 18 13 4 2 21 2 8 3 13 7 10 7 1 23
split_gain=15.4926 11.7349 12.4449 29.1074 12.3523 10.9369 11.9557 9.13448 9.07884 8.99484 7.15555 7.05995 8.15942 7.02262 6.51907 6.22398 6.70764 5.79707 9.09213 8.00409 14.4903 7.47599 6.10113 6.6792 5.42089 8.62772 9.58789 8.2089 9.01891 8.08914
threshold=1.5000000000000002 8.4150000000000009 1.0000000180025095e-35 1.0000000180025095e-35 20.385000000000002 0.25167468530620707 25.665000000000003 8698.7500000000018 29.265000000000004 218950.00000000003 0.33185290068104761 26.215000000000003 0.24389896891811649 0.34992026395295367 27.525000000000002 1.0000000180025095e-35 0.18604260570677825 4.5000000000000009 25.705000000000002 768.83500000000015 4689.5000000000009 741.59000000000003 15.500000000000002 19950.000000000004 1.5000000000000002 2.5000000000000004 3750.0000000000005 2.5000000000000004 21.755000000000006 1.0000000180025095e-35
decision_type=2 2 2 2 2 2 2 2 2 2 2 2 2 2 2 2 2 2 2 2 2 2 2 2 2 2 2 2 2 2
left_child=1 -1 4 7 10 6 -6 9 -7 -4 14 12 -5 -12 -3 16 24 18 22 21 -21 -20 23 -17 27 26 -26 29 -29 -2
right_child=15 2 3 11 5 8 -8 -9 -10 -11 13 -13 -14 -15 -16 17 -18 -19 19 20 -22 -23 -24 -25 25 -27 -28 28 -30 -31
leaf_value=-0.011659403080199766 -0.004565748579929617 -0.035604073787769239 -0.00026788565478256138 0.010103014678085534 -0.012067773152104834 0.0004096772743297288 -0.0017585389276469957 0.052470608137380047 0.020008297525303101 0.060690788637001079 0.044756458473231446 0.056660613331597852 0.038264090851043084 -0.011227171031399375 0.018601185054379906 0.049587910520648849 0.029890923969651092 -0.0043787051287941213 0.028004031184420353 -0.10440648210665661 0.012054990229220667 0.11782676712172739 -0.006716804691313521 0.0080307540091487349 0.0091473640931016738 0.017049498909019162 -0.01743631496323339 -0.040235448171202351 -0.0074648158336155131 0.021168475924065028
leaf_weight=379.74718606309034 164.20053940918297 76.103444944717921 1058.7665480945725 85.903596373274922 588.32098347321153 2318.8729505529627 1299.4342915955931 12.188889696262775 88.331967819947749 8.7864682595245522 8.6826792387291771 25.012704761698842 65.115365867502987 113.64611999783665 8.924006494227795 14.226947638206182 27.327587808016688 122.83431748580188 112.92802129965276 4.3015767559409133 36.319290277082473 3.4373232126235953 103.85694112838246 651.84935488156043 109.61782364943065 133.39151496719569 88.094134766608477 39.646802981151268 127.33534678630531 60.055439136456698
leaf_count=5704 1469 5688 8951 566 12087 15726 8390 290 1934 80 205 504 492 2811 399 120 266 1121 986 31 367 24 887 5904 983 1171 801 504 980 559
internal_value=-8.24538e-06 -0.00144352 -0.000769785 0.00451187 -0.00224293 -0.00155239 -0.00497142 0.000823519 0.00112885 0.000233833 -0.016546 0.0271355 0.0222453 -0.00725355 -0.029915 0.0048875 0.000711813 0.00786951 0.00949263 0.0226527 -0.000277784 0.0306573 0.00680934 0.00891839 -0.000392089 0.00525798 -0.00269747 -0.00517372 -0.0152456 0.00232584
internal_weight=7937.26 6137.84 5758.09 1255.77 4502.32 4294.96 1887.76 1079.74 2407.2 1067.55 207.356 176.032 151.019 122.329 85.0275 1799.42 749.669 1049.75 926.919 156.986 40.6209 116.365 769.933 666.076 722.342 331.103 197.712 391.238 166.982 224.256
internal_count=80000 63827 58123 10883 47240 38137 20477 9321 17660 9031 9103 1562 1058 3016 6087 16173 6733 9440 8319 1408 398 1010 6911 6024 6467 2955 1784 3512 1484 2028
is_linear=0
shrinkage=0.06


Tree=119
num_leaves=31
num_cat=0
split_feature=11 22 4 11 17 1 2 1 20 39 1 17 4 2 17 17 15 17 1 1 11 17 15 10 4 17 20 21 21 17
split_gain=14.7626 13.586 15.9068 11.58 10.2694 13.9999 7.92662 7.61665 7.59193 7.16828 9.86843 8.74586 6.54786 11.3775 6.52356 6.71309 6.42343 6.23135 6.52741 6.08447 9.62921 8.56372 8.27203 5.94726 8.84014 6.99356 5.9035 5.47282 5.46727 5.23146
threshold=81.050000000000011 1.0000000180025095e-35 8.5950000000000006 1.0000000180025095e-35 0.24971626387090243 19.835000000000004 917.47500000000002 18.815000000000001 1.0000000180025095e-35 1.0000000180025095e-35 27.825000000000003 0.76738541621116663 22.715000000000003 741.59000000000003 0.25167468530620707 0.31846677356615455 32.050000000000004 0.037128492169499532 25.845000000000002 25.145000000000003 114.95000000000002 0.59522712875307515 13.250000000000002 1650.0000000000002 2.0150000000000001 0.069443640698975143 1.0000000180025095e-35 7574.5000000000009 1974.3750000000002 0.24752250598402512
decision_type=2 2 2 2 2 2 2 2 2 2 2 2 2 2 2 2 2 2 2 2 2 2 2 2 2 2 2 2 2 2
left_child=1 7 9 -4 5 -5 -6 -1 12 23 11 -11 16 -14 27 -16 -9 18 -2 20 -19 22 -22 24 -3 -25 29 -10 -28 -21
right_child=17 2 3 4 6 -7 -8 8 14 10 -12 -13 13 -15 15 -17 -18 19 -20 26 21 -23 -24 25 -26 -27 28 -29 -30 -31
leaf_value=-0.036231508454004129 0.0014605566515161191 -0.040611030503410243 -0.030043598284180979 -0.036103324923537065 0.0034112494208122469 -0.0043000174355297309 -0.0033403923118907513 -0.0012149109776731228 0.005318234818766328 -0.051734568487170486 -0.19037218529312078 0.094701589485340479 0.003049282415409491 0.029419194961551539 0.035528160979738342 0.010972953656800507 -0.066417481899889372 0.0024906899901001008 -0.10134350833126701 0.0055786763443177092 -0.00059167857092457682 -0.059679639325740927 0.075499255220565539 0.026831051531556446 -0.0030070543219591879 -0.037514752780426278 -0.010489235183775635 -0.048975147996446727 0.041443437665853324 0.024486403423275717
leaf_weight=17.848306922707707 5.1799128763377649 26.570036218152381 52.382530300179496 51.349234213121235 1567.4948679823428 1683.360161927063 1042.2171076233499 1137.4141455984209 420.5066864611581 16.899556103162475 1.6925039924681176 1.6079846650827665 411.92558369738981 68.73001244943589 54.417625222355127 152.1343734562397 5.4654012210667124 634.38297146838158 3.8955522943288088 203.07810324709862 7.5584084126167062 2.8056860873475662 16.097483636811376 6.8350781364133573 147.13136971148197 55.102545941132121 8.7960000904276949 6.7917001582682124 42.845578427426517 71.132375676650554
leaf_count=488 51 641 747 4879 13254 19086 8245 9670 3057 300 14 13 3205 762 678 1991 49 5566 26 1191 65 21 135 170 2621 1019 83 60 885 1028
internal_value=-7.8921e-06 -0.000989753 -0.00284782 -0.00200155 -0.00166343 -0.00524143 0.000714907 0.00280981 0.0031185 -0.0173916 -0.0516939 -0.0390118 0.000944361 0.00681997 0.0086873 0.0174422 -0.00152672 0.0068232 -0.0426671 0.0072784 0.0039699 0.039432 0.0511871 -0.0144511 -0.0087591 -0.0304139 0.0139882 0.00445527 0.0325979 0.0104835
internal_weight=7923.65 6927.88 4652.64 4396.8 4344.42 1734.71 2609.71 2275.23 2257.39 255.839 20.2 18.5075 1623.54 480.656 633.85 206.552 1142.88 995.772 9.07547 986.697 660.845 26.4616 23.6559 235.639 173.701 61.9376 325.852 427.298 51.6416 274.21
internal_count=80000 70949 50989 46211 45464 23965 21499 19960 19472 4778 327 313 13686 3967 5786 2669 9719 9051 77 8974 5787 221 200 4451 3262 1189 3187 3117 968 2219
is_linear=0
shrinkage=0.06


Tree=120
num_leaves=31
num_cat=0
split_feature=7 11 23 6 6 4 3 15 3 34 4 13 15 6 11 17 6 4 4 20 3 21 3 4 23 3 10 16 6 27
split_gain=14.2133 12.0567 10.8534 10.8772 10.4521 9.45531 8.91741 8.63911 7.93371 10.1222 7.92792 7.85266 8.95024 8.94389 10.4424 7.50968 6.92851 7.2996 7.39364 6.2701 6.51644 6.50759 6.26941 5.98218 6.28676 5.99036 5.97537 5.93459 9.19709 11.4638
threshold=1.5000000000000002 24.650000000000002 1.0000000180025095e-35 774.50000000000011 649.50000000000011 9.3050000000000015 67450.000000000015 24.750000000000004 76750.000000000015 1.0000000180025095e-35 32.185000000000009 4.5000000000000009 5.3500000000000005 699.50000000000011 13.750000000000002 0.11718647004090242 739.50000000000011 22.215000000000003 23.535000000000004 1.0000000180025095e-35 141650.00000000003 7164.2500000000009 22150.000000000004 16.905000000000005 1.0000000180025095e-35 78550.000000000015 3250.0000000000005 0.29961288265335356 709.50000000000011 1.0000000180025095e-35
decision_type=2 2 2 2 2 2 2 2 2 2 2 2 2 2 2 2 2 2 2 2 2 2 2 2 2 2 2 2 2 2
left_child=1 11 3 5 8 7 -7 -3 -4 -10 15 16 -13 14 -14 -6 17 26 -19 27 21 23 -15 25 -25 -21 -1 -2 -29 -30
right_child=19 2 4 -5 10 6 -8 -9 9 -11 -12 12 13 22 -16 -17 -18 18 -20 20 -22 -23 -24 24 -26 -27 -28 28 29 -31
leaf_value=-0.013719064147042371 0.0036769817680221322 -0.010211086569214598 0.03675455270839785 -0.037569448701709224 -0.006861109312590096 0.001052241081254373 -0.0053686546312900112 -0.052507258585320821 0.021788335408663137 -0.03713469103072873 0.02640010179856728 -0.070694190117299105 -0.0030267778432844423 0.10021476870889773 0.05011956501383899 0.0034813812353042912 -0.036003420578189553 0.022696594303766578 -0.0065192294285261526 0.0095140745126544753 -0.01238139123830242 0.049758373079035939 -0.02264877186119774 0.012497506066866469 0.036554275833228927 -0.012788028599862623 -0.0508662860597872 0.0032185641682342578 0.016420498578047366 -0.049867484380435229
leaf_weight=297.45018937496934 1138.2894738863688 221.57903552416246 57.325789860216901 31.268845869228244 312.40281187393703 2201.7031350692268 1204.7365804536967 18.86491170572117 34.812553356867284 15.02568663517013 47.388950411230326 4.9365166591014704 23.824716252973303 1.5875776191242064 30.155220789834857 1323.3744449820369 39.282912691938691 38.117028164211661 171.43059439933859 158.98204442625865 42.795670911669731 15.921014756662769 25.679798449855298 215.82731659477577 47.761122962925583 59.615822264924645 16.451032847398892 69.773301811888814 13.064598926343022 33.410812426358461
leaf_count=3703 10486 3854 972 1893 2590 19954 14019 349 371 152 482 63 205 19 243 11118 1369 341 1419 1284 310 349 493 1728 644 476 218 534 191 171
internal_value=-7.46058e-06 -0.0013851 -0.000467519 -0.00233241 0.00336381 -0.00203028 -0.0012186 -0.0135296 0.0215326 0.00402368 0.00220704 -0.00911763 0.00774802 0.0125141 0.0266628 0.00150616 -0.0117007 -0.00987682 -0.00120483 0.0046864 0.0100863 0.0120166 -0.0154953 0.0107705 0.0168565 0.00343186 -0.0156659 0.0023582 -0.0105551 -0.0312334
internal_weight=7912.84 6117.4 5468.48 3678.15 1790.33 3646.88 3406.44 240.444 107.164 49.8382 1683.17 648.916 86.1838 81.2473 53.9799 1635.78 562.732 523.449 209.548 1795.44 540.903 498.107 27.2674 482.186 263.588 218.598 313.901 1254.54 116.249 46.4754
internal_count=80000 63827 55754 40069 15685 38176 33973 4203 1495 523 14190 8073 1023 960 448 13708 7050 5681 1760 16173 4791 4481 512 4132 2372 1760 3921 11382 896 362
is_linear=0
shrinkage=0.06


Tree=121
num_leaves=31
num_cat=0
split_feature=32 20 1 4 3 18 3 4 3 11 8 4 11 3 1 12 6 21 11 13 22 4 22 11 15 15 17 1 21 4
split_gain=13.9931 12.3524 11.0441 9.77136 11.0826 9.04802 9.52307 9.98342 9.04747 8.79206 8.78612 10.1288 9.73365 8.65527 7.58123 7.15418 10.2466 6.79529 7.91262 7.37396 6.49858 5.99514 5.79336 5.26324 6.0114 5.66804 6.63029 11.2025 7.62243 7.84071
threshold=1.0000000180025095e-35 1.0000000180025095e-35 18.555000000000003 16.825000000000003 206050.00000000003 0.16491999460977821 44350.000000000007 23.535000000000004 86750.000000000015 57.45000000000001 19.500000000000004 22.625000000000004 40.050000000000004 90750.000000000015 29.105000000000004 37.500000000000007 699.50000000000011 1899.3 84.65000000000002 5.5000000000000009 1.0000000180025095e-35 14.095000000000001 1.0000000180025095e-35 36.050000000000004 3.9500000000000006 14.350000000000003 0.047800766405742733 25.795000000000005 3802.2500000000009 32.965000000000011
decision_type=2 2 2 2 2 2 2 2 2 2 2 2 2 2 2 2 2 2 2 2 2 2 2 2 2 2 2 2 2 2
left_child=1 2 5 4 8 -1 7 -7 9 -3 11 12 -4 -10 17 22 -17 19 -19 -5 -13 -6 -12 24 -2 -25 27 -27 -28 -30
right_child=23 3 10 14 21 6 -8 -9 13 -11 15 20 -14 -15 -16 16 -18 18 -20 -21 -22 -23 -24 25 -26 26 28 -29 29 -31
leaf_value=-0.036309703207479851 -0.074047843144653958 -0.0033848043263073526 -0.0082456316251994389 -3.7550875475524938e-05 0.030885461468748116 0.2333950358181599 -0.031676846906076972 0.020622992995136619 -0.047198449674765275 0.009528748224664544 -0.0027649845863432802 0.0094422647764340964 -0.00040046233434683676 -0.0076935708630781734 0.029725351087675267 0.091498239122308977 -0.054388819991020521 0.0071403699694939302 0.027363544699842517 -0.043194575271044401 0.0010377562503692817 0.12555683260469522 -0.041580697102871655 0.001496971693759741 -0.014954883773855057 0.17915956522085225 -0.020340962068406805 -0.036421457357618273 -0.0040649867260424194 0.078661404881030933
leaf_weight=49.401602506986819 6.4483871625270686 446.99736405839212 764.93968841887545 207.62689398042858 8.8064916846342367 1.3900580306071781 3.4178847512230277 1.8510023944545535 22.196463034488261 329.87113456078805 20.881713810376823 469.75672208378091 2226.5809358023107 198.64912784192711 52.962060293648392 4.4281073980964711 2.8479106388986111 1086.1209340353962 74.423079224303365 15.30330778332427 1122.937224419089 3.3143042940646401 41.064506736933254 258.19079403521027 159.1974712916417 1.7466037196572863 164.16621718194801 1.724551213905215 151.59696530760266 4.2398362671956411
leaf_count=4939 78 3904 9643 1690 78 28 131 32 222 2816 177 4003 21253 1880 1520 38 33 8625 793 119 9652 28 416 2607 1987 41 1946 13 1274 34
internal_value=-7.15156e-06 0.000808741 -0.000987908 0.0042676 -0.000255065 -0.0274599 0.0381949 0.111879 -0.000947866 0.0020985 -0.000668996 -0.000348625 -0.00240649 -0.0116641 0.0074471 -0.0218854 0.0343965 0.00659425 0.00843724 -0.00300012 0.00351662 0.0567724 -0.0284961 -0.00781961 -0.0172553 -0.00513253 -0.0104241 0.0720539 -0.0113187 -0.00181426
internal_weight=7903.08 7155.77 4709.5 2446.27 1009.83 56.0605 6.65895 3.24106 997.714 776.868 4653.44 4584.21 2991.52 220.846 1436.44 69.2222 7.27602 1383.47 1160.54 222.93 1592.69 12.1208 61.9462 747.311 165.646 581.665 323.474 3.47115 320.003 155.837
internal_count=80000 72020 50345 21675 8928 5130 191 60 8822 6720 45215 44551 30896 2102 12747 664 71 11227 9418 1809 13655 106 593 7980 2065 5915 3308 54 3254 1308
is_linear=0
shrinkage=0.06


Tree=122
num_leaves=31
num_cat=0
split_feature=7 1 5 9 1 17 1 6 17 6 15 1 13 16 40 12 30 18 20 4 16 18 12 17 16 1 1 16 10 18
split_gain=12.9684 10.8014 10.1216 25.3893 10.9599 8.81476 11.4967 8.57305 8.56947 6.23303 10.327 6.21983 6.93395 6.09673 6.06933 6.39732 6.05442 6.13689 5.65086 5.94229 5.67947 5.58833 5.20626 5.01422 8.81153 8.02128 4.7875 4.75765 7.76845 9.51474
threshold=1.5000000000000002 15.975000000000003 1.0000000180025095e-35 1.0000000180025095e-35 20.385000000000002 0.25167468530620707 25.665000000000003 629.50000000000011 0.2798429148681511 649.50000000000011 3.0500000000000003 26.215000000000003 6.5000000000000009 0.11242932645206684 1.0000000180025095e-35 15.500000000000002 1.0000000180025095e-35 0.038731485181739682 1.0000000180025095e-35 39.015000000000008 0.060347983155527397 0.16231933433084419 31.500000000000004 0.24971626387090243 0.088311385425868957 22.795000000000005 21.555000000000003 0.076746014866191981 1850.0000000000002 0.025876160897725421
decision_type=2 2 2 2 2 2 2 2 2 2 2 2 2 2 2 2 2 2 2 2 2 2 2 2 2 2 2 2 2 2
left_child=1 -1 4 7 13 6 -6 -4 -7 10 -2 12 -5 -3 18 -16 17 -17 19 20 -11 -15 -9 24 -20 -25 -18 28 -12 -30
right_child=9 2 3 11 5 8 -8 22 -10 14 27 -13 -14 21 15 16 26 -19 23 -21 -22 -23 -24 25 -26 -27 -28 -29 29 -31
leaf_value=-0.04974853611912744 -0.080156136349170487 -0.035753798430930697 0.035082165698919095 0.020972754082018596 -0.01172136589532803 0.0097144417812385607 -0.0018016479324583757 0.0002960158408293867 -0.00085466924869542348 -0.0064880130757016055 -0.032079509999055227 0.050658393340079148 -0.070868763200361534 -0.014454234125776627 0.079103800831297394 -0.097517869847795133 0.043710666652469636 -0.025775707325904205 0.0095698295380279887 0.086940187943819053 0.0038387032667115367 0.020247494173481838 -0.017017850960312771 0.009251220551041963 -0.016361661575538949 0.036044828427518369 -0.017225119175260883 0.032277176856418448 0.11752689825686802 0.012075489179238662
leaf_weight=16.538447968196124 3.7523270407691589 43.699239068198949 24.602330845780671 162.25023517478257 612.04650724120438 314.80336533254012 1344.726691535674 1066.6737469737418 2250.494228051044 245.72818020102568 13.211407903581856 26.404536541784182 3.0143907759338608 151.83312331349589 2.3563638678751877 5.9258240307681289 6.1800164359156069 15.572432956658302 248.47004234325141 2.9429209213703862 872.46473309025168 18.77188125718385 66.415979572571814 140.64040129445493 58.228666389361024 56.336326553020626 18.645642379298806 61.894441057695076 3.3678649161010972 36.076977401506156
leaf_count=1689 43 5206 408 1131 13284 2264 8785 8999 16734 2565 79 529 21 4062 25 53 67 141 1849 28 7440 179 536 908 426 1057 143 960 21 368
internal_value=-7.35578e-06 -0.00132514 -0.00119354 0.0033908 -0.00249959 -0.00187127 -0.00490437 4.19785e-05 0.000442331 0.00448058 0.0177904 0.0236179 0.0192976 -0.0157578 0.00353968 -0.0173357 -0.0222413 -0.0455509 0.00416512 0.00179345 0.00156936 -0.010636 -0.000718835 0.00944423 0.00464657 0.0169143 -0.00205597 0.0209988 0.00774165 0.0210791
internal_weight=7894.07 6102.27 6085.74 1349.36 4736.38 4522.07 1956.77 1157.69 2565.3 1791.79 118.303 191.669 165.265 214.304 1673.49 48.6803 46.3239 21.4983 1624.81 1121.14 1118.19 170.605 1133.09 503.675 306.699 196.977 24.8257 114.551 52.6563 39.4448
internal_count=80000 63827 62138 11624 50514 41067 22069 9943 18998 16173 1471 1681 1152 9447 14702 429 404 194 14273 10033 10005 4241 9535 4240 2275 1965 210 1428 468 389
is_linear=0
shrinkage=0.06


Tree=123
num_leaves=31
num_cat=0
split_feature=11 1 1 17 11 10 4 4 35 32 16 4 4 7 17 16 1 40 11 7 4 4 10 12 6 8 6 10 6 4
split_gain=13.2809 10.0977 9.4656 11.08 8.47941 8.36912 10.7609 9.89214 8.53421 8.07139 8.04919 7.11371 7.0393 9.34857 8.16124 11.5202 11.4995 7.48927 7.02154 6.3697 6.32709 9.86266 7.79668 6.66337 5.34598 5.33571 8.3942 7.04783 5.27143 5.96473
threshold=52.750000000000007 19.275000000000002 28.665000000000003 0.25167468530620707 101.55000000000001 5150.0000000000009 9.7450000000000028 16.255000000000006 1.0000000180025095e-35 1.0000000180025095e-35 0.29410599066078141 35.945000000000007 26.615000000000006 2.5000000000000004 0.25167468530620707 0.11076421030909099 24.215000000000003 1.0000000180025095e-35 9.6500000000000004 4.5000000000000009 26.985000000000003 26.385000000000002 18850.000000000004 19.500000000000004 689.50000000000011 10.500000000000002 729.50000000000011 10550.000000000002 784.50000000000011 19.445000000000004
decision_type=2 2 2 2 2 2 2 2 2 2 2 2 2 2 2 2 2 2 2 2 2 2 2 2 2 2 2 2 2 2
left_child=1 28 4 24 5 6 8 10 -2 12 -7 -9 14 17 16 -16 -3 -14 -15 -8 21 23 -22 -6 -4 26 27 -11 29 -1
right_child=2 9 3 -5 20 7 19 11 -10 25 -12 -13 13 18 15 -17 -18 -19 -20 -21 22 -23 -24 -25 -26 -27 -28 -29 -30 -31
leaf_value=-0.027186418982250143 0.00055426214723681858 -0.017288111182205912 0.0062775891736141995 0.039437536247249411 0.0380911379964873 -0.010957983377745895 0.0054752016389595735 -0.00056154532575038597 -0.020007096389620699 0.007373344387425913 -0.13453942090403481 0.029083988432666491 0.0038592723013806726 -0.055464544789732263 0.018096152329188996 -0.0010574403554206233 -0.0030146884092824562 -0.041009390772054316 0.038145442361247048 0.042964944751201301 0.07694751943475292 -0.10201450253999907 -0.0034537705159338253 0.0062538443861560834 0.058775766992392522 -0.016782744653920625 -0.044581397322567363 -0.060934044145855945 -0.049524931494242974 0.0040375224073586208
leaf_weight=54.358930091722868 227.7051424253732 260.78039015480317 260.79503931524232 46.409634147537872 29.66739559546113 311.63040158350486 1498.8134464010363 1407.2497004107572 106.73539825482294 110.62645368475933 1.9089764617383469 29.755498012062162 520.29316867911257 3.1043533748015752 122.48930086567998 1466.5623050006106 920.28793623112142 13.746137974783776 40.756060626823455 16.494903706014156 11.887118775397541 2.7489603562280527 6.8406081078574053 116.98960109287873 7.1751119047403327 209.06728845462203 14.376751787494866 5.7189021431840947 18.666732016019523 37.028126237797551
leaf_count=3448 2694 7265 2334 2000 247 3374 13211 12279 1264 1092 12 232 4323 22 879 11567 7138 121 355 138 98 22 53 996 71 2198 251 54 1110 1152
internal_value=-6.95173e-06 -0.00256079 0.00236865 0.0123709 0.00153421 0.000919162 0.00373335 -0.0020545 -0.00600782 -0.00202634 -0.0117104 5.2313e-05 -0.0011321 0.00489135 -0.0023887 0.000418981 -0.00616627 0.00270436 0.0315199 0.0058833 0.0147045 0.0105837 0.0475796 0.0126942 0.00768327 -0.0108374 -0.00132896 0.00401573 -0.0204699 -0.0145351
internal_weight=7880.67 3797.86 4082.81 314.38 3768.43 3600.29 1849.75 1750.54 334.441 3687.81 313.539 1437.01 3348.02 577.9 2770.12 1589.05 1181.07 534.039 43.8604 1515.31 168.134 149.406 18.7277 146.657 267.97 339.789 130.722 116.345 110.054 91.3871
internal_count=80000 40975 39025 4405 34620 33204 17307 15897 3958 35265 3386 12511 31670 4821 26849 12446 14403 4444 377 13349 1416 1265 151 1243 2405 3595 1397 1146 5710 4600
is_linear=0
shrinkage=0.06


Tree=124
num_leaves=31
num_cat=0
split_feature=9 5 32 6 22 3 11 11 11 13 21 16 11 33 1 2 21 15 12 18 18 1 8 10 18 36 7 7 43 7
split_gain=12.7303 28.044 11.7252 10.2057 10.4158 11.9209 9.43605 8.72838 7.53036 7.33357 6.33359 7.39902 5.70222 7.16416 5.53104 5.3884 5.47198 7.89026 5.4571 5.37178 5.3399 5.88407 5.9123 5.30229 5.225 7.26581 4.87247 5.69208 6.96527 5.48018
threshold=1.0000000180025095e-35 1.0000000180025095e-35 1.0000000180025095e-35 649.50000000000011 1.0000000180025095e-35 67450.000000000015 65.65000000000002 95.350000000000009 46.850000000000001 3.5000000000000004 3600.6000000000008 0.046202020271382739 107.35000000000001 1.0000000180025095e-35 22.365000000000006 1319.4400000000003 1825.7500000000002 15.750000000000002 22.500000000000004 0.064338295454867175 0.0066799404564791788 30.205000000000002 15.500000000000002 12550.000000000002 0.20073211508009256 1.0000000180025095e-35 1.0000000180025095e-35 1.5000000000000002 1.0000000180025095e-35 4.5000000000000009
decision_type=2 2 2 2 2 2 2 2 2 2 2 2 2 2 2 2 2 2 2 2 2 2 2 2 2 2 2 2 2 2
left_child=2 12 3 7 24 8 -7 10 -6 -9 -1 -12 20 -14 26 16 17 18 -3 -19 -2 22 -22 -23 -5 -26 -4 28 -28 -29
right_child=1 15 14 4 5 6 -8 9 -10 -11 11 -13 13 -15 -16 -17 -18 19 -20 -21 21 23 -24 -25 25 -27 27 29 -30 -31
leaf_value=-0.00023137803024281926 -0.039182284499598721 -0.0022104561737038403 -0.039305447736784023 0.0019954462018590352 -0.0052095054644851445 -0.012260885542102657 -0.00097871007411110293 0.07194694178479602 0.0019052441874621052 -0.028958819122616712 0.054770788343899986 0.0098086243050628484 0.087913356026447939 -0.010899290622927998 -0.0066282702510025871 -0.0540462799799429 0.029735368101837179 -0.051359115366962423 0.058588101144257672 0.012369060779646827 -0.0011237925284273604 0.04258969693833789 0.012989054631442636 -0.063458274051930608 0.038932024402285437 -0.01058656281592925 0.0061791023388355478 -0.034102839180895635 0.1807363705332504 0.067867327829229718
leaf_weight=317.42564767366275 11.878193431301041 9.87210311740637 37.397335424553603 1811.1913669770584 826.90259862807579 718.94312514585909 424.4213115501916 12.475103859789668 1519.9627234336222 3.2732272897846988 13.777144119143484 301.95388207933865 6.049054788425563 4.6890071020461619 521.62934584193863 3.1130054737441233 188.29018939938396 10.499631423503162 11.512469926849006 8.7131173983216268 864.66618233802728 18.76407052855939 121.93319220212288 1.8661093586124469 31.448602557415143 16.142703102901578 19.929342256742533 28.507019508630041 0.85837833862751622 2.0326554295606902
leaf_count=2316 148 68 1335 15309 9771 11783 4708 170 13993 52 107 3186 52 45 4297 44 1759 96 97 74 7293 451 1034 56 332 183 702 495 18 26
internal_value=-6.64566e-06 0.00551567 -0.00106113 -0.000254901 -0.00111694 -0.00304912 -0.0080729 0.006851 -0.000601591 0.0509741 0.00575354 0.0117706 0.00127019 0.0447647 -0.00898389 0.0243613 0.0254276 0.00544847 0.0305207 -0.0224579 0.000811899 0.00128355 0.000620405 0.0329971 0.0025111 0.0221356 -0.022833 -0.0108311 0.013387 -0.0273159
internal_weight=7870.12 1261.85 6608.27 5997.92 5349.01 3490.23 1143.36 648.905 2346.87 15.7483 633.157 315.731 1029.85 10.7381 610.354 232.001 228.888 40.5973 21.3846 19.2127 1019.11 1007.23 986.599 20.6302 1858.78 47.5913 88.7247 51.3274 20.7877 30.5397
internal_count=80000 11217 68783 61910 56079 40255 16491 5831 23764 222 5609 3293 9079 97 6873 2138 2094 335 165 170 8982 8834 8327 507 15824 515 2576 1241 720 521
is_linear=0
shrinkage=0.06


Tree=125
num_leaves=31
num_cat=0
split_feature=20 1 1 1 16 32 8 4 4 3 3 12 6 6 12 4 22 8 8 12 22 3 22 16 10 12 13 3 21 3
split_gain=11.8896 10.8129 9.44548 8.57374 10.8098 7.81966 7.77518 8.87186 7.48142 10.3473 8.3897 6.36438 9.08926 6.11081 5.38123 5.34538 5.26086 5.1758 6.49564 7.23833 5.14169 4.97713 7.85132 4.89725 7.62301 11.3932 16.7271 5.33608 5.004 9.04745
threshold=1.0000000180025095e-35 18.555000000000003 14.625000000000002 26.655000000000005 0.13289545520811422 1.0000000180025095e-35 19.500000000000004 22.625000000000004 16.825000000000003 182450.00000000003 80450.000000000015 37.500000000000007 689.50000000000011 649.50000000000011 19.500000000000004 4.785000000000001 1.0000000180025095e-35 20.500000000000004 15.500000000000002 33.500000000000007 1.0000000180025095e-35 46450.000000000007 1.0000000180025095e-35 0.1383352867686688 4050.0000000000005 21.500000000000004 3.5000000000000004 36250.000000000007 1549.7500000000002 21550.000000000004
decision_type=2 2 2 2 2 2 2 2 2 2 2 2 2 2 2 2 2 2 2 2 2 2 2 2 2 2 2 2 2 2
left_child=1 23 -2 8 15 6 7 13 9 10 -4 20 -13 -3 -11 -5 -9 18 -7 -20 -8 22 -10 -1 28 26 -26 -27 29 -25
right_child=2 5 3 4 -6 17 11 16 21 14 -12 12 -14 -15 -16 -17 -18 -19 19 -21 -22 -23 -24 24 25 27 -28 -29 -30 -31
leaf_value=-0.04765549168374654 -0.065060821903670921 0.0043582658088756618 0.00018714584201796235 -0.045677237004579832 0.036403806460273615 -0.011019541064376666 -0.0027523644157139656 0.0086028231435329398 0.028648652449353881 0.10514645993908707 -0.013226939741054039 0.093771883979375859 -0.041386992227410588 -0.0034072172960658404 0.025626035101735709 0.0086082468148247927 0.0010238079653851109 -0.10025753998057596 0.0034071824475013076 0.073286150746965803 -0.039420902849875816 0.0022594975686658731 0.0066257136446811974 0.40872837003973045 0.053374338026668543 0.092468587174597633 0.39218847779459498 -0.032547189062307885 -0.038594987742892321 -0.062601120433013524
leaf_weight=24.806752439704724 7.2761073694564393 425.60846810042858 712.81083968095481 6.6546677555888882 54.003127958392724 402.6586560603464 20.834906900767237 467.39000870101154 68.808921166695654 3.9447783632203963 219.55215628049336 3.9537439858540884 3.2747884653508663 2553.6728421065491 13.714037490310146 348.58958094986156 1119.2996708401479 2.2216653958894303 45.433092765160836 6.0466090787667772 40.577631168416701 895.62253830116242 380.73136524530128 0.25441553699784236 2.568644800689071 1.4973727809265236 0.65918233571574081 6.8609920870512724 20.710359123069793 0.34602214978076518
leaf_count=3720 301 3296 5704 43 2043 4464 177 4003 602 33 2226 31 40 27600 134 3540 9652 26 505 68 416 6709 2709 17 89 31 24 210 1559 28
internal_value=-6.20228e-06 -0.0016997 0.00320922 0.0033929 0.0113933 -0.00140697 -0.000669078 -0.00036776 0.00196636 -0.00210983 -0.00297159 -0.0207126 0.03254 -0.00229787 0.04339 0.00759134 0.00325635 -0.00890069 -0.00845377 0.0116149 -0.0269807 0.00484518 0.00999666 -0.0275267 -0.012348 0.0268231 0.122566 -0.010151 -0.0336445 0.137109
internal_weight=7860.38 5148.68 2711.71 2704.43 409.247 5090.97 4634.61 4565.97 2295.18 950.022 932.363 68.6411 7.22853 2979.28 17.6588 355.244 1586.69 456.36 454.138 51.4797 61.4125 1345.16 449.54 57.7037 32.897 11.5862 3.22783 8.35836 21.3108 0.600438
internal_count=80000 55956 24044 23743 5626 50278 45215 44551 18117 8097 7930 664 71 30896 167 3583 13655 5063 5037 573 593 10020 3311 5678 1958 354 113 241 1604 45
is_linear=0
shrinkage=0.06


Tree=126
num_leaves=31
num_cat=0
split_feature=11 32 4 6 5 9 1 11 17 1 10 2 18 43 16 28 1 11 15 21 10 2 4 2 15 8 21 17 21 11
split_gain=12.1676 11.0837 10.7834 9.12834 8.7081 16.4551 8.7197 6.46324 7.21871 5.83814 5.59751 6.12252 6.82547 5.55333 5.54969 6.39762 5.61333 9.61924 8.05348 5.1375 5.11324 5.10359 8.03805 4.83529 6.88803 4.92771 4.78372 6.70435 8.49827 5.58292
threshold=81.050000000000011 1.0000000180025095e-35 8.5950000000000006 649.50000000000011 1.0000000180025095e-35 1.0000000180025095e-35 16.755000000000006 11.850000000000003 0.25362077466676297 21.555000000000003 20850.000000000004 1340.3800000000003 0.21284346632035481 1.0000000180025095e-35 0.018684990038548895 1.0000000180025095e-35 25.145000000000003 114.95000000000002 13.15 4510.2500000000009 3750.0000000000005 917.47500000000002 22.985000000000003 201.38500000000002 18.050000000000004 11.500000000000002 2124.8750000000005 0.062034098076174313 2873.5000000000005 27.450000000000003
decision_type=2 2 2 2 2 2 2 2 2 2 2 2 2 2 2 2 2 2 2 2 2 2 2 2 2 2 2 2 2 2
left_child=1 2 26 7 6 -6 -5 -4 -9 19 11 12 -11 14 15 -2 17 20 -19 -3 -16 22 -21 24 -18 -25 -1 28 -28 -29
right_child=13 9 3 4 5 -7 -8 8 -10 10 -12 -13 -14 -15 16 -17 23 18 -20 21 -22 -23 -24 25 -26 -27 27 29 -30 -31
leaf_value=-0.025682697642315819 0.010786247208651253 -0.03755859510061519 -0.016006200745240201 -0.049604549160874312 0.0014594282811594224 0.022119635447966135 -0.0014142831116056025 0.0051264136769410386 0.020664837059386598 -0.0051669469821930209 -0.054408578611460139 -0.037281863369173489 0.06953721227876887 -0.020684935662960424 0.011410882527442464 -0.065945570252919486 -0.040088964385969116 -0.0087624000603743202 0.064195377148191943 -0.00097988130569949148 -0.00067386108272399919 -0.014784045040976513 0.18841414968863301 0.023361492415560889 0.053493604725353118 0.0077706145032014123 0.1611092041216757 -0.027166105829951416 -0.026128232190161988 -0.0048050678456279987
leaf_weight=56.800196448457427 7.6492565220687512 42.80450169777032 38.816236292943358 13.562476559309287 1010.2115895422176 160.88467306550592 4045.4889000811381 397.50429995544255 147.59970773826353 540.45496251643635 8.6568805286660773 21.391251138877124 4.4391313763335338 26.857005988014862 177.8766404625494 8.0058204717934132 12.077471155673264 8.015951915644111 16.994605357758701 2.3495179440360547 432.55783618125133 17.015024060034193 1.2285402100533245 153.55184565787204 3.6985238846391431 139.08536833478138 1.9087914081756019 46.300209142500535 1.6076570597942916 304.87080000364222
leaf_count=1630 98 1716 288 1677 8380 1366 40952 2854 2367 4716 62 149 41 239 1526 42 85 70 139 56 3845 343 10 1573 31 1403 31 712 13 3586
internal_value=-6.79022e-06 -0.000902252 -0.000130201 0.00053412 -0.000260258 0.00429772 -0.0015753 0.00764932 0.00933381 -0.00843185 -0.00652645 -0.00579447 -0.00455835 0.0062245 0.0069777 -0.0284535 0.00756537 0.00434181 0.0408122 -0.0257116 0.00284755 -0.00108671 0.0640493 0.0142071 -0.0181495 0.0159514 -0.00951665 -0.0069278 0.0755076 -0.00775326
internal_weight=7850.27 6863.9 6225.56 5814.07 5230.15 1171.1 4059.05 583.92 545.104 638.34 574.942 566.285 544.894 986.37 959.513 15.6551 943.858 635.445 25.0106 63.3976 610.434 20.5931 3.57806 308.413 15.776 292.637 411.488 354.687 3.51645 351.171
internal_count=80000 70949 63856 57884 52375 9746 42629 5509 5221 7093 4968 4906 4757 9051 8812 140 8672 5580 209 2125 5371 409 66 3092 116 2976 5972 4342 44 4298
is_linear=0
shrinkage=0.06


Tree=127
num_leaves=31
num_cat=0
split_feature=7 11 4 6 18 4 11 15 18 4 3 3 17 14 13 11 8 12 38 15 11 8 4 15 35 18 18 12 8 8
split_gain=12.9713 10.3601 8.89333 10.8223 9.3296 13.0928 10.0353 7.16152 6.30865 11.1335 9.38845 8.03322 7.13313 8.07476 7.41486 6.15744 5.68422 5.6193 5.40064 6.51662 7.19529 7.33786 6.7955 6.05937 6.72921 5.86539 5.57626 8.75341 5.27827 5.05352
threshold=1.5000000000000002 17.650000000000002 24.475000000000005 774.50000000000011 0.038731485181739682 8.4150000000000009 42.150000000000013 23.650000000000002 0.030226129230495256 22.375000000000004 23350.000000000004 26950.000000000004 0.70349471201470781 1.0000000180025095e-35 3.5000000000000004 7.2500000000000009 6.5000000000000009 15.500000000000002 1.0000000180025095e-35 16.150000000000002 107.35000000000001 4.5000000000000009 2.6750000000000003 16.550000000000004 1.0000000180025095e-35 0.16491999460977821 0.18604260570677825 17.500000000000004 10.500000000000002 19.500000000000004
decision_type=2 2 2 2 2 2 2 2 2 2 2 2 2 2 2 2 2 2 2 2 2 2 2 2 2 2 2 2 2 2
left_child=1 8 3 4 5 -3 -6 16 9 12 15 -12 14 -14 -1 -11 -5 -10 26 20 21 -20 28 24 -24 -23 -2 -28 -21 -25
right_child=18 2 -4 7 6 -7 -8 -9 17 10 11 -13 13 -15 -16 -17 -18 -19 19 22 -22 25 23 29 -26 -27 27 -29 -30 -31
leaf_value=-0.026988516106182987 -0.00042412621301461103 -0.0080243318237724764 0.0034402875592633862 0.040361290409292684 -0.011126948832708225 0.0069912010972589646 -0.0019123646603400688 0.033835709942633206 0.052121077656083072 0.0091462172110236429 -0.084611488442949301 0.0059489563506753829 -0.0010691324345745714 0.091522315414198724 0.00041106862881195959 0.12543780128333298 -0.046155617289556937 -0.038145550334607647 0.06539079801006778 0.043858376488123504 0.075462021210750671 0.0031596975410185133 0.061415741080069815 0.012436635612934512 -0.0044193400992856482 -0.023317458558203431 -0.073884097532938856 0.039018727755848914 -0.087299507802758053 -0.044042358680423201
leaf_weight=142.45043612574227 714.30833230982535 283.09976184589323 1407.7034782220144 2.9500432664062819 506.83537660341244 799.23640466993675 2650.8126518637873 5.389287569676525 2.6446639774367204 2.8507383055984965 3.6541418841807163 100.76592527038883 20.724810948828239 4.0539611522108308 47.383563692565076 3.8564776256680489 37.300281209987588 40.54891835921444 6.5794120456557712 1.5013336485717435 4.8934123406652352 530.90002583456226 18.307241155998781 426.36476266710088 8.045550172217192 31.931716214865446 2.7548481132835176 24.088267093989998 4.1800726030487567 5.7805749361868939
leaf_count=2308 6467 4249 12608 125 5274 9481 25180 220 18 26 35 1056 227 27 713 26 1859 395 58 20 50 4717 151 3969 69 300 28 238 51 55
internal_value=-6.59578e-06 -0.00132875 -0.000697345 -0.00205644 -0.00174362 0.00306368 -0.0033914 -0.0311177 -0.0110725 -0.0082154 0.00719977 0.00277983 -0.0161974 0.0140794 -0.0201494 0.0760109 -0.0398146 -0.0326187 0.00449726 0.00728956 0.00301655 0.00239396 0.0125763 0.0133845 0.0413162 0.00165754 0.000584762 0.0274318 -0.0526405 0.0116811
internal_weight=7841.9 6062.26 5693.33 4285.62 4239.98 1082.34 3157.65 45.6396 368.934 325.74 111.127 104.42 214.613 24.7788 189.834 6.70722 40.2503 43.1936 1779.64 1038.48 574.305 569.411 464.18 458.498 26.3528 562.832 741.151 26.8431 5.68141 432.145
internal_count=80000 63827 58996 46388 44184 13730 30454 2204 4831 4418 1143 1091 3275 254 3021 52 1984 413 16173 9440 5125 5075 4315 4244 220 5017 6733 266 71 4024
is_linear=0
shrinkage=0.06


Tree=128
num_leaves=31
num_cat=0
split_feature=17 1 17 16 1 6 11 16 11 1 20 11 2 8 6 5 18 16 20 1 15 16 3 6 11 1 11 11 10 11
split_gain=11.8297 17.4329 15.3822 13.6996 10.2951 9.37457 11.6113 9.7789 9.22493 10.8022 9.64602 8.36155 8.30219 8.2431 8.09305 7.94276 7.6502 7.47829 7.00074 10.5391 9.0169 6.0077 5.95555 5.5322 8.02925 7.46566 5.37965 6.16409 6.10836 5.24911
threshold=0.24971626387090243 19.125000000000004 0.23671188596397777 0.11076421030909099 29.105000000000004 614.50000000000011 25.150000000000002 0.080770066045221398 62.750000000000007 23.975000000000005 1.0000000180025095e-35 55.95000000000001 765.5200000000001 5.5000000000000009 789.50000000000011 1.0000000180025095e-35 0.20621279207743434 0.020107186689720911 1.0000000180025095e-35 25.365000000000006 26.550000000000004 0.09997652785747578 141650.00000000003 714.50000000000011 63.45000000000001 26.415000000000003 26.550000000000004 18.950000000000003 3950.0000000000005 61.550000000000004
decision_type=2 2 2 2 2 2 2 2 2 2 2 2 2 2 2 2 2 2 2 2 2 2 2 2 2 2 2 2 2 2
left_child=1 -1 5 12 8 17 7 -7 14 13 -11 -6 18 -10 16 -8 -5 -3 19 20 -2 -21 -19 24 29 -25 27 -14 -28 -4
right_child=3 2 23 4 11 6 15 -9 9 10 -12 -13 26 -15 -16 -17 -18 22 -20 21 -22 -23 -24 25 -26 -27 28 -29 -30 -31
leaf_value=-0.037043241285280033 -0.008441264673781361 -0.084205812921214193 -0.020565230842180631 -0.0012990526293644798 0.010047225275624273 -0.0071211955138675313 -0.0022706017595191161 -0.033016693588583203 0.035425231528003441 0.0088670949233325032 0.034491403621829266 0.048528830838280877 0.051818759781381452 -0.00011571796845499578 -0.045396531967182178 0.0049161034042024552 0.066366510431063244 0.015935049091602198 0.028773183725668543 0.04139824225398539 0.073574508522779941 0.0073460151040739543 0.069990927660561156 -0.034083047492583951 0.0047364626046438336 -0.17437086536219051 0.11212912591234821 -0.084306444609407463 0.040244828779449224 -0.079977739902215891
leaf_weight=51.989819893264212 115.95693995954935 2.5051978584378949 89.908150494331494 2542.7987547310768 87.493298531277105 252.05805289931595 2183.9180516696069 66.308796006254852 24.173082893714309 380.50023830961436 61.424195532687008 26.479466754477471 2.619203892536464 834.81132782902569 14.961745286243966 741.62455982435495 6.0293187843635669 79.346449655480683 64.007791749667376 35.740647452883422 5.0353048921097061 39.00934593565762 8.0849715489894134 35.986040662741289 54.605126185342669 1.4194903448224057 5.8295839305501458 2.2063284961041063 15.76130859646946 5.6923779747448853
leaf_count=5471 841 21 864 20990 1815 3481 24268 1047 172 2930 1305 1367 28 6043 468 5481 43 616 665 270 35 371 62 589 416 7 63 20 205 46
internal_value=-6.64527e-06 -0.0025531 -0.00204389 0.00212699 0.00121499 -0.00110318 -0.00163295 -0.0125147 0.000690863 0.00480608 0.0124287 0.0189877 0.0148068 0.000884457 -0.00139727 -0.000448773 -0.00113899 0.018005 0.0115477 0.00591497 -0.00502803 0.0236276 0.0209337 -0.0187603 -0.0136187 -0.0394068 0.0468532 -0.0104204 0.0596537 -0.0241029
internal_weight=7838.28 3573.45 3521.46 4264.84 3978.67 3333.85 3243.91 318.367 3864.7 1300.91 441.924 113.973 286.166 858.984 2563.79 2925.54 2548.83 89.9366 259.75 195.742 120.992 74.75 87.4314 187.611 150.206 37.4055 26.4164 4.82553 21.5909 95.6005
internal_count=80000 42369 36898 37631 35133 34976 34277 4528 31951 10450 4235 3182 2498 6215 21501 29749 21033 699 2182 1517 876 641 678 1922 1326 596 316 48 268 910
is_linear=0
shrinkage=0.06


Tree=129
num_leaves=31
num_cat=0
split_feature=22 11 4 6 17 17 6 6 13 21 27 11 11 12 3 43 4 17 20 15 15 10 15 2 17 21 3 21 13 6
split_gain=11.3164 10.1871 9.46243 10.8939 9.40155 11.6585 9.11584 7.88171 7.8077 7.39795 7.89118 6.8135 6.21972 12.5871 10.5029 8.32058 7.63524 6.8497 6.06535 6.65174 7.15189 6.54099 6.12847 6.02617 9.52486 7.97302 5.96297 4.76876 4.92205 3.74358
threshold=1.0000000180025095e-35 1.0000000180025095e-35 24.005000000000006 774.50000000000011 0.24971626387090243 0.23671188596397777 609.50000000000011 694.50000000000011 5.5000000000000009 2557.5999999999999 1.0000000180025095e-35 77.850000000000009 78.550000000000011 15.500000000000002 39550.000000000007 1.0000000180025095e-35 22.465000000000003 0.10893068196376583 1.0000000180025095e-35 27.650000000000002 31.750000000000004 34550.000000000007 26.850000000000005 768.83500000000015 0.20201646097520096 4308.2500000000009 171750.00000000003 8256.2500000000018 6.5000000000000009 734.50000000000011
decision_type=2 2 2 2 2 2 2 2 2 2 2 2 2 2 2 2 2 2 2 2 2 2 2 2 2 2 2 2 2 2
left_child=6 27 3 4 5 -3 -1 -6 23 10 -10 -11 18 14 -14 17 -17 -15 21 22 -21 26 -20 25 -25 -4 -8 28 29 -2
right_child=1 2 8 -5 7 -7 12 -9 9 11 -12 -13 13 15 -16 16 -18 -19 19 20 -22 -23 -24 24 -26 -27 -28 -29 -30 -31
leaf_value=0.048912754670996948 -0.039817889528464857 -0.0052813196392141994 0.0054811756714679468 -0.041203739019400887 0.0030700446182893196 -0.030010351413154727 0.00032273378710806483 -0.0038685392989663927 -0.014053547540568269 -0.011729249947963755 -0.085287135275639497 0.051724611021145707 0.062878050614111239 -0.0034791006969886245 -0.081518327229368692 -0.075769367462151446 0.05004402894449049 0.019627460543744219 0.0064472694156655222 0.064825493078704194 -0.019401695259525113 0.079823292446556365 -0.052896311830029123 -0.026670937162179914 0.0011613780654827232 0.034422525480381355 -0.022949512753943538 0.048713891538300066 0.071347140113158583 0.023117470772017638
leaf_weight=15.683671148261054 45.652497159666382 1304.4817474698648 892.02922340517398 26.562778411782347 1198.2499389750883 72.444231288041919 1519.5558801968582 1159.8185038660886 13.16311029298231 49.519008322036825 9.7420316026546061 6.9465310936793676 2.2834316124208263 57.589234916493297 8.8099961031693947 6.7296454263851029 2.3403885113075376 233.23261439357884 596.17048688372597 13.580927456263455 4.9528230298310509 3.6780778262764207 6.3313259910792103 49.19275178341195 441.90806906018406 35.636937358183786 40.697420149343088 2.7969174971804014 1.6141404192894686 3.6765273706987491
leaf_count=309 605 20660 8146 2087 8327 1124 13119 11256 124 387 108 72 18 470 88 52 24 2356 5480 131 43 24 54 393 3585 357 374 20 17 190
internal_value=-6.04326e-06 -0.00157479 -0.00130923 -0.0029153 -0.002643 -0.00658239 0.00331268 -0.000342705 0.00272332 -0.0155898 -0.0443507 -0.003923 0.00302615 0.0109652 -0.0517963 0.0132869 -0.0433051 0.0150518 0.00189618 0.00691275 0.0423172 -9.58979e-05 0.00582366 0.00374782 -0.00162654 0.00659298 -0.000284296 -0.0275657 -0.0317536 -0.0351273
internal_weight=7825.07 5313.43 5259.69 3761.56 3734.99 1376.93 2511.64 2358.07 1498.14 79.3707 22.9051 56.4655 2495.95 310.985 11.0934 299.892 9.07003 290.822 2184.97 621.036 18.5338 1563.93 602.502 1418.77 491.101 927.666 1560.25 53.7401 50.9432 49.329
internal_count=80000 57458 56626 43454 41367 21784 22542 19583 13172 691 232 459 22233 3008 106 2902 76 2826 19225 5708 174 13517 5534 12481 3978 8503 13493 832 812 795
is_linear=0
shrinkage=0.06


Tree=130
num_leaves=31
num_cat=0
split_feature=7 4 11 17 1 17 41 9 11 6 6 16 4 1 14 16 16 11 2 17 6 15 0 18 40 12 10 4 11 12
split_gain=12.4382 9.17638 9.46291 9.05759 15.035 9.83799 10.28 9.0181 8.02791 7.02905 6.74761 6.74679 6.54103 6.52888 9.13375 5.84975 7.42784 15.8681 5.2042 6.27769 5.99246 7.13262 7.49654 6.76726 5.25006 5.78138 5.58587 9.91378 6.78297 5.50954
threshold=1.5000000000000002 34.505000000000003 17.650000000000002 0.25167468530620707 22.545000000000005 0.2798429148681511 1.0000000180025095e-35 1.0000000180025095e-35 86.550000000000011 749.50000000000011 609.50000000000011 0.29961288265335356 29.855000000000004 29.265000000000004 1.0000000180025095e-35 0.30533444953769168 0.19281416775781887 46.850000000000001 1435.3650000000002 0.56990381307577909 649.50000000000011 3.0500000000000003 11000.000000000002 0.0072864314062248475 1.0000000180025095e-35 15.500000000000002 4450.0000000000009 16.905000000000005 100.45000000000002 27.500000000000004
decision_type=2 2 2 2 2 2 2 2 2 2 2 2 2 2 2 2 2 2 2 2 2 2 2 2 2 2 2 2 2 2
left_child=1 2 11 4 7 6 -5 -4 -7 15 -6 13 -13 -1 -15 16 -3 -18 20 -20 21 -2 -23 -24 26 -26 27 -22 -28 -27
right_child=18 9 3 5 10 8 -8 -9 -10 -11 -12 12 -14 14 -16 -17 17 -19 19 -21 24 22 23 -25 25 29 28 -29 -30 -31
leaf_value=-0.017950113306708294 -0.064734799623945988 0.022806262255119461 -0.02713277090783741 0.011971342270714894 0.018378511325714209 -0.0010896799157720759 -0.048032827862901348 -0.0024195536854279094 0.01081386685007411 -0.024634306127317179 -0.0027619210391721973 0.019543829015403715 -0.076097352439862792 0.013248951820719343 -0.065543087761042063 0.07236323450534321 0.041345858159105742 -0.095831635107923641 0.0064680427484843121 -0.18137264248222096 0.0011959353103011357 0.0040999407207090036 -0.085590360733665591 0.038932050702564905 0.075764414128244598 -0.031693796107323549 -0.0013452529461954721 0.01339203417067248 0.029990720956251014 0.018265896159410162
leaf_weight=262.01724126632325 3.643574947025626 86.179372343001887 148.71809804986697 362.41079255775549 55.742873213253915 2504.1443712750915 10.578560042893512 82.725745296571404 222.04936297680251 14.107599637005476 2180.1483416988049 35.614963151048869 2.7748687942512325 49.196048341691494 5.9354933137074104 7.2778716771863392 6.0648419004864973 6.0780826630070806 1.3782201409339898 1.1966132544912396 494.72526054875925 52.189369066385552 1.6162782199680794 56.284689672291279 2.3575096039567134 35.7098122111056 623.0668814254459 465.89428540342487 25.90150184975937 10.221053360728545
leaf_count=3995 41 722 10498 3090 405 21980 71 1707 1955 147 18304 350 22 334 47 74 51 75 22 21 4712 475 13 911 25 310 5329 3992 228 94
internal_value=-5.88942e-06 -0.00130294 -0.00163539 -0.00102924 -0.00374178 0.00113027 0.0102695 -0.0182994 -0.000120132 0.0151438 -0.00223487 -0.0111256 0.0126308 -0.0140012 0.00476616 0.020458 0.0166159 -0.0273177 0.00441105 -0.080828 0.00453493 0.0178579 0.0205914 0.0354561 0.00362095 -0.0158727 0.00420577 0.00711096 -9.45776e-05 -0.0205762
internal_weight=7815.95 6041.76 5922.06 5566.52 2467.34 3099.18 372.989 231.444 2726.19 119.708 2235.89 355.539 38.3898 317.149 55.1315 105.6 98.3223 12.1429 1774.19 2.57483 1771.61 113.734 110.09 57.901 1657.88 48.2884 1609.59 960.62 648.968 45.9309
internal_count=80000 63827 62758 58010 30914 27096 3161 12205 23935 1069 18709 4748 372 4376 381 922 848 126 16173 43 16130 1440 1399 924 14690 429 14261 8704 5557 404
is_linear=0
shrinkage=0.06


Tree=131
num_leaves=31
num_cat=0
split_feature=7 11 4 1 17 11 10 11 20 40 17 21 1 18 11 3 10 15 1 10 15 12 38 15 1 11 2 4 18 21
split_gain=11.0067 8.69265 9.1169 9.25082 10.2481 8.30469 8.83795 7.987 7.26227 7.80245 7.22535 6.40957 6.17658 6.03089 5.13166 4.90443 4.82619 6.15988 4.91205 5.08745 12.7944 9.08424 4.646 5.76578 7.00531 8.46298 6.08191 6.02091 5.67319 7.38562
threshold=1.5000000000000002 90.15000000000002 21.635000000000002 21.705000000000002 0.24971626387090243 11.850000000000003 2650.0000000000005 44.850000000000001 1.0000000180025095e-35 1.0000000180025095e-35 0.71852061814644219 7479.7500000000009 28.315000000000001 0.19517452313015035 82.250000000000014 160150.00000000003 950.00000000000011 12.750000000000002 18.815000000000001 3750.0000000000005 15.250000000000002 20.500000000000004 1.0000000180025095e-35 16.150000000000002 26.215000000000003 86.050000000000011 1382.2650000000001 2.6750000000000003 0.14883034537281845 2044.2500000000002
decision_type=2 2 2 2 2 2 2 2 2 2 2 2 2 2 2 2 2 2 2 2 2 2 2 2 2 2 2 2 2 2
left_child=1 2 3 4 14 10 -7 -6 9 11 -5 -4 15 -11 -1 -10 17 -3 -18 20 -20 -21 -2 24 25 26 -24 -25 -26 -30
right_child=22 16 8 5 7 6 -8 -9 12 13 -12 -13 -14 -15 -16 -17 18 -19 19 21 -22 -23 23 27 28 -27 -28 -29 29 -31
leaf_value=-0.037541082863539688 0.00051539725801589935 -0.091397679876403792 -0.0016945798261684987 -0.02338416509282145 -0.021843154151986427 0.0018269611967339598 -0.0049455370671255229 -0.0028981429434157741 0.003609069689526023 -0.03330611493715073 0.025999835389150145 0.012275355205413351 0.026279330040773707 0.042383877342993044 0.012320026049503909 0.031668502308251981 -0.024590507510582386 0.005086259662643487 -0.001058411687528242 0.022186771741242572 0.048284239317211049 -0.00042745765134445391 -0.003887487933950043 -0.050005277514718997 0.019260668261170389 0.027180547962893199 0.068149790915358208 0.012490168596555605 -0.13612167025534769 -0.0027852587306849627
leaf_weight=65.912727689021267 738.41062594507821 4.0233509596437198 1333.845317591331 103.3433497492224 107.6691521636676 1277.0804363957141 1518.4632673107553 313.0034251678735 635.72047051670961 39.808073786785826 11.893133251927791 129.73392249364406 50.964265613816679 4.1884583556093267 8.3749796063639206 23.244992606341839 15.788564249174668 5.8396293176338077 38.007300537545234 90.175382159417495 37.666806737426668 219.86754748853855 410.55939916358329 5.6179651895072302 112.09670095983893 35.998790828045458 4.2629907894879571 456.55471269320697 1.866578490473328 7.5230402937158942
leaf_count=7227 6733 37 12641 1211 2814 10870 13016 4160 4839 366 87 1115 1204 41 401 159 383 47 296 738 314 1861 3496 71 1157 279 30 4244 15 148
internal_value=-5.42474e-06 -0.00122649 -0.00184241 -0.00379184 -0.0113751 -0.00250236 -0.00185168 -0.00774703 0.00115161 -0.00120465 -0.0182874 -0.000456263 0.00615526 -0.0261004 -0.0319199 0.00459887 0.00719289 -0.0342719 0.00821148 0.00955416 0.0235019 0.00614985 0.00415088 0.00674588 0.00272051 -0.000725467 -0.00314718 0.0117305 0.0155081 -0.0292914
internal_weight=7807.51 6034.61 5623.25 3405.74 494.96 2910.78 2795.54 420.673 2217.51 1507.58 115.236 1463.58 709.93 43.9965 74.2877 658.965 411.369 9.86298 401.506 385.717 75.6741 310.043 1772.89 1034.48 572.308 450.821 414.822 462.173 121.486 9.38962
internal_count=80000 63827 60151 39786 14602 25184 23886 6974 20365 14163 1298 13756 6202 407 7628 4998 3676 84 3592 3209 610 2599 16173 9440 5125 3805 3526 4315 1320 163
is_linear=0
shrinkage=0.06


Tree=132
num_leaves=31
num_cat=0
split_feature=20 6 22 8 21 15 10 1 11 15 15 6 11 6 11 1 7 4 11 4 4 3 15 39 11 1 3 3 8 2
split_gain=10.9801 9.55982 8.99526 10.5521 8.44526 12.1128 8.81932 8.06823 8.01394 8.31118 7.91622 7.71161 7.45321 7.40021 7.68429 6.77209 6.73127 7.41679 6.67285 6.62995 6.6247 5.78968 5.63182 5.40371 5.27269 5.87688 5.15197 4.62118 8.50809 4.51017
threshold=1.0000000180025095e-35 764.50000000000011 1.0000000180025095e-35 19.500000000000004 4574.5000000000009 7.8500000000000005 5550.0000000000009 14.625000000000002 45.45000000000001 28.450000000000003 12.350000000000003 609.50000000000011 83.850000000000009 634.50000000000011 85.050000000000011 22.715000000000003 1.5000000000000002 6.9250000000000007 28.250000000000004 20.745000000000001 11.565000000000003 141650.00000000003 18.050000000000004 1.0000000180025095e-35 36.95000000000001 24.615000000000006 34450.000000000007 133950.00000000003 11.500000000000002 659.35500000000013
decision_type=2 2 2 2 2 2 2 2 2 2 2 2 2 2 2 2 2 2 2 2 2 2 2 2 2 2 2 2 2 2
left_child=1 2 11 8 26 6 -6 -2 15 -10 -5 -1 29 18 16 -4 17 -15 20 -14 -9 -18 -22 -16 25 -13 -3 -20 -29 -7
right_child=7 4 3 10 5 12 -8 13 9 -11 -12 24 19 14 23 -17 21 -19 27 -21 22 -23 -24 -25 -26 -27 -28 28 -30 -31
leaf_value=0.048518436373306717 -0.06452697607903761 -0.0077791055337623699 -0.018307646127796322 0.0033009564405709368 0.24938288726624278 0.0825366750806205 0.04321868282841617 -0.077918069553104971 -0.0012192541181068033 0.024079714834008448 -0.048230476507672711 -0.018721875726964834 0.14213331666645351 -0.016589916369323401 0.011164522472439438 -0.0049774411987294495 0.010024295267608955 0.0010185984993736597 0.039367350757277597 -0.00063697173160337571 0.039567137972411535 -0.014280274375669755 -0.042004566008189914 0.049438592761245605 0.0038047123409959546 -0.00061135163832145266 -0.044144634962326866 0.04677251422587031 -0.10783625161388341 -0.02918529263594187
leaf_weight=12.836863618344067 6.3359409449622026 20.487553703133017 162.93108106369618 16.121888922643848 1.1367316169198631 1.3873260063119293 2.1786407097242773 3.9505364131182459 2134.6735195961082 47.794266257202253 32.099781540455297 77.83029167400673 2.043310497654601 90.375001706881449 195.2450192742981 868.73207287699915 446.34827771200798 1826.3692912478 46.676209246041253 2.7426668331027031 8.5715312762185913 38.312984922900796 4.7275360501371315 14.2487241695635 1287.207454605028 376.73115227464586 44.459669305069838 2.9596686186268917 2.2596114445477724 20.862465724698268
leaf_count=200 301 618 6544 176 36 30 27 30 21636 523 369 1098 23 974 1818 7782 3884 15494 919 25 88 271 63 133 10574 2755 3113 35 34 427
internal_value=-5.42736e-06 -0.00163744 -0.00127984 -0.00314306 -0.020463 0.00566512 0.113906 0.00310034 -0.00272509 -0.000665227 -0.031002 0.00218444 -0.00760831 0.00326022 0.00274713 -0.00708269 0.00178572 0.000188352 0.0226341 0.0603169 -0.0096956 0.00810299 0.0105701 0.0137677 0.00184296 -0.00371225 -0.0326732 0.0333802 -0.0201631 -0.0222192
internal_weight=7798.64 5112.26 5016.96 3262.35 95.2984 30.3511 3.31537 2686.38 3214.13 2182.47 48.2217 1754.61 27.0358 2680.04 2610.9 1031.66 2401.41 1916.74 69.1451 4.78598 17.2496 484.661 13.2991 209.494 1741.77 454.561 64.9472 51.8955 5.21928 22.2498
internal_count=80000 55956 51657 37030 4299 568 63 24044 36485 22159 545 14627 505 23743 22574 14326 20623 16468 1169 48 181 4155 151 1951 14427 3853 3731 988 69 457
is_linear=0
shrinkage=0.06


Tree=133
num_leaves=31
num_cat=0
split_feature=9 5 32 7 1 17 16 42 12 11 12 12 16 10 21 12 1 17 1 11 8 21 18 11 1 1 18 13 1 11
split_gain=10.239 24.4249 9.37035 8.14927 9.59621 12.3451 7.04435 6.62721 7.40439 5.86014 5.35324 5.44779 10.7263 7.95313 7.58334 8.39856 5.14816 5.07136 7.01728 7.96651 6.00884 5.36689 5.19734 5.08016 4.92343 4.90831 7.35559 4.68846 4.59975 4.54738
threshold=1.0000000180025095e-35 1.0000000180025095e-35 1.0000000180025095e-35 1.5000000000000002 22.185000000000006 0.25167468530620707 0.11419604028828685 1.0000000180025095e-35 21.500000000000004 13.750000000000002 11.500000000000002 18.500000000000004 0.013258417571005971 33350.000000000007 1233.5500000000004 15.500000000000002 26.415000000000003 0.26355844665993439 20.595000000000002 55.650000000000013 12.500000000000002 7748.2500000000009 0.049216176463903034 26.550000000000004 30.985000000000003 30.755000000000006 0.041145392348947839 4.5000000000000009 22.365000000000006 54.050000000000004
decision_type=2 2 2 2 2 2 2 2 2 2 2 2 2 2 2 2 2 2 2 2 2 2 2 2 2 2 2 2 2 2
left_child=2 10 3 4 5 29 -7 9 -9 -6 -2 14 -13 -14 -12 -16 17 20 19 -19 22 -20 -3 -22 25 27 -27 -5 -4 -1
right_child=1 16 28 24 7 6 -8 8 -10 -11 11 12 13 -15 15 -17 -18 18 21 -21 23 -23 -24 -25 -26 26 -28 -29 -30 -31
leaf_value=-0.043786369181013751 -0.082243491499664242 -0.016820741731843065 -0.020989467977066693 0.0049268758541596161 -0.012054679105450815 0.021378383037231496 -0.0061065695008762216 0.02584566525107929 0.0016670428880168604 -0.00034383259126191646 0.089698454701799046 -0.10312193653138092 0.00014818379819170574 -0.10789097064480528 -0.014331384152655648 0.018189245666931027 0.049023393932537081 -0.0094319980633121997 0.056026077088112622 0.045398023641804508 -0.019348887776231869 -0.044993464498253852 0.014425600700380972 0.037485818226830857 0.036826071168895691 -0.17020614437970707 0.021894460409225346 -0.005604967826408026 -0.005955503854027662 -0.017871076526823345
leaf_weight=35.870591013343073 2.773167864419519 31.040957330260426 85.359269158332609 1189.2088336258894 160.9064292863477 35.732716142432764 554.69052664609626 71.511895910836756 125.81821770081297 3496.4967278549448 4.3671011202968648 3.6579239715356371 860.18208763154689 2.4599059391766778 39.084413174772635 106.45538436877541 23.991461696103215 22.213064789772034 35.110079213045537 16.72050641104579 6.5907518919557324 2.0011887336149803 50.085805867798626 40.168467314448208 16.063700797501951 1.4472795454785221 1.4231900945305822 174.49633874651045 517.03593823406845 76.062738650711253
leaf_count=4950 24 236 2576 10479 1643 485 7808 601 1017 28403 59 30 7685 18 333 930 613 121 392 92 47 34 331 272 468 14 39 1596 4297 4407
internal_value=-5.71933e-06 0.00497719 -0.000955441 -0.000232293 -0.00145645 -0.00790669 -0.00444317 -0.000281178 0.0104293 -0.000859048 0.00100562 0.0012328 -0.000594654 -0.0001599 0.0117935 0.0094559 0.022733 0.0196401 0.0319102 0.0141154 0.0123439 0.0505787 0.00247003 0.0294749 0.00380246 0.00341427 -0.0749619 0.00357925 -0.00808581 -0.026176
internal_weight=7789.03 1246.9 6542.12 5939.73 4557.09 702.357 590.423 3854.73 197.33 3657.4 1018.98 1016.21 866.3 862.642 149.907 145.54 227.922 203.931 76.0448 38.9336 127.886 37.1113 81.1268 46.7592 1382.64 1366.58 2.87047 1363.71 602.395 111.933
internal_count=80000 11217 68783 61910 49314 17650 8293 31664 1618 30046 9079 9055 7733 7703 1322 1263 2138 1525 639 213 886 426 567 319 12596 12128 53 12075 6873 9357
is_linear=0
shrinkage=0.06


Tree=134
num_leaves=31
num_cat=0
split_feature=17 1 17 16 1 4 11 16 40 32 8 3 15 3 18 6 11 11 20 6 1 3 6 28 6 15 10 4 11 11
split_gain=10.0209 14.6983 12.9304 11.7594 10.0851 8.15744 10.3062 8.67578 12.567 7.78275 7.58756 15.557 12.3718 7.6426 7.42003 7.37962 7.29954 7.04042 6.85853 13.9232 6.83253 6.45962 6.45548 5.88431 9.65885 7.11427 7.01161 6.84283 6.00802 5.78052
threshold=0.24971626387090243 19.125000000000004 0.23671188596397777 0.12855330657734679 28.805000000000003 22.625000000000004 1.0000000180025095e-35 0.26501454728302182 1.0000000180025095e-35 1.0000000180025095e-35 8.5000000000000018 91950.000000000015 8.3500000000000032 118550.00000000001 0.060735121995426668 604.50000000000011 25.150000000000002 50.95000000000001 1.0000000180025095e-35 739.50000000000011 27.155000000000005 35650.000000000007 734.50000000000011 1.0000000180025095e-35 714.50000000000011 19.250000000000004 7750.0000000000009 21.305000000000003 98.450000000000017 91.350000000000009
decision_type=2 2 2 2 2 2 2 2 2 2 2 2 2 2 2 2 2 2 2 2 2 2 2 2 2 2 2 2 2 2
left_child=1 -1 9 10 5 6 -5 8 -7 15 11 18 -12 22 -8 -3 -17 -6 19 -2 29 -9 -13 25 27 28 -27 -25 -4 -14
right_child=3 2 23 4 17 7 14 21 -10 -11 12 13 20 -15 -16 16 -18 -19 -20 -21 -22 -23 -24 24 -26 26 -28 -29 -30 -31
leaf_value=-0.035191969210052153 0.0154690032785733 0.024075882605603303 -0.020661405074174126 -0.039113125888320999 0.0081020041960256292 0.0094063648550246626 0.0012935207544756213 0.0021979368074929117 -0.040403072879099583 -0.010509755338407733 -0.01461226014888972 0.041103894605372289 0.0053635604826175092 0.17860755543567788 -0.005551380490544917 -0.0094931039503805773 0.00047079937424028529 0.039489146302104101 0.034226156592838688 -0.046842875226374467 0.02897155701294513 -0.016913953790835455 0.14283092728829561 -0.015642710657701453 -0.07401746897728699 -0.066066100894054514 0.010969394863374879 0.020604111670807994 0.064255767052317919 0.033785572550132988
leaf_weight=48.415877625579014 71.190966360736638 44.605613175779581 70.603275418048725 26.760499842930585 89.128925147699192 672.63142226240598 1319.4816332822666 182.9303621663712 18.743415058590472 285.60636484262068 91.807385483756661 12.907377659576015 469.02541597839445 2.1849248181097201 1003.9011905635707 293.61490355082788 2686.9249412962236 36.167416250100359 39.859075611690059 15.768608876853248 56.350095815723762 97.650554697029293 2.7187692089937618 41.49442084133625 6.7798055671155444 23.642315070843328 5.1865150947123757 34.206637557595968 3.1325405463576308 27.257920762058347
leaf_count=5471 559 385 961 287 1596 5292 11752 1362 159 3456 819 107 3775 24 7659 4085 27050 1655 350 212 990 779 37 291 40 332 60 211 27 217
internal_value=-5.32982e-06 -0.00235949 -0.00190477 0.00196416 0.0004518 -0.000178444 -0.00209049 0.00444479 0.00805601 -0.00104207 0.00857154 0.0209911 0.00578425 0.0734999 -0.00166407 -0.000148223 -0.000510751 0.0171621 0.0136165 0.00416983 0.00917266 -0.00445357 0.0588032 -0.0173398 -0.00540867 -0.0269346 -0.0522069 0.00073595 -0.0170538 0.00692461
internal_weight=7780.68 3544.21 3495.8 4236.47 3447.4 3322.1 2350.14 971.956 691.375 3310.75 789.071 144.63 644.441 17.8111 2323.38 3025.15 2980.54 125.296 126.819 86.9596 552.633 280.581 15.6261 185.046 82.4809 102.565 28.8288 75.7011 73.7358 496.283
internal_count=80000 42369 36898 37631 30541 27290 19698 7592 5451 34976 7090 1289 5801 168 19411 31520 31135 3251 1121 771 4982 2141 144 1922 542 1380 392 502 988 3992
is_linear=0
shrinkage=0.06


Tree=135
num_leaves=31
num_cat=0
split_feature=5 9 1 4 40 10 2 17 1 16 16 11 4 6 4 11 10 11 11 18 18 1 13 17 3 10 11 1 16 11
split_gain=9.8315 22.6537 10.4445 9.05886 7.27078 9.61976 7.86113 6.34459 11.1059 7.90303 7.35174 7.01494 6.33154 5.9064 6.03059 6.0613 6.13125 5.5442 5.50538 10.1704 5.79803 5.02786 6.38243 6.14579 6.52871 6.16348 4.99343 4.72168 4.35428 6.05471
threshold=1.0000000180025095e-35 1.0000000180025095e-35 16.755000000000006 19.215000000000003 1.0000000180025095e-35 16850.000000000004 1165.7500000000002 0.24971626387090243 22.835000000000004 0.11980588407949559 0.13289545520811422 31.450000000000003 12.635000000000003 629.50000000000011 31.585000000000004 72.65000000000002 4750.0000000000009 75.350000000000009 15.450000000000001 0.027776363241356173 0.031055521727563221 24.455000000000002 6.5000000000000009 0.16975263131220644 106550.00000000001 4150.0000000000009 53.250000000000007 24.735000000000003 0.076165585560799276 25.150000000000002
decision_type=2 2 2 2 2 2 2 2 2 2 2 2 2 2 2 2 2 2 2 2 2 2 2 2 2 2 2 2 2 2
left_child=2 13 -1 7 18 6 -6 8 26 -10 12 -12 -9 -2 15 16 -15 -17 20 -20 -5 22 23 25 -25 -3 -4 -23 29 -16
right_child=1 21 3 4 5 -7 -8 10 9 -11 11 -13 -14 14 28 17 -18 -19 19 -21 -22 27 -24 24 -26 -27 -28 -29 -30 -31
leaf_value=-0.044512003305348609 0.029678283954817385 -0.021113752899564582 -0.042838064515304024 -0.0047611954838294715 -0.015958277680735263 0.048477116159519343 -0.086822111288341608 -0.0035269624414648358 -0.0043529553625003235 -0.05606000207079577 -0.012694092713954407 -0.0013604448794869376 0.011663739037591802 0.0010820732562134569 -0.0977298614726297 0.02799481228279024 -0.0086799420501872081 0.0044372830215255983 0.02205012524764155 0.0016956870532188033 -0.039341978561280078 0.083713149913924353 -0.066808519800901189 0.030265737578373999 -0.036399502254126588 0.018627120854667469 -0.016101861968676665 0.030753886486789093 0.038556877225687188 0.012879967749845666
leaf_weight=19.901563828694634 25.947137473383918 23.621724959462881 36.633563274459448 150.16908107418567 80.823668163619004 7.8448669784702352 6.0579748661257318 161.23820488818455 972.87829022901133 10.759037442505358 237.80579934548587 1134.662595156813 254.98521546227857 770.1924304694403 2.0482997875660649 42.933798818383366 331.2274817051366 221.58123677666299 91.20192129095085 2849.2291922436561 19.750384625978768 6.8863758668303481 3.2437806837260714 100.71405852073804 5.5815692078322163 34.669041245244443 80.209292079438455 50.540454388363287 25.702614096459001 13.682504165917633
leaf_count=2756 495 197 4226 1603 772 64 46 1445 9367 62 2386 9440 2102 6688 17 386 2747 2022 943 25808 187 50 22 714 37 222 3828 896 347 125
internal_value=-5.14508e-06 0.00409194 -0.00111655 -0.00097484 0.00122148 -0.0151539 -0.0208994 -0.00341131 -0.00699593 -0.00491853 -0.0012059 -0.00332421 0.00577911 0.00131209 0.000789114 0.000105065 -0.00185364 0.00826094 0.0017202 0.00232701 -0.00878065 0.0217802 0.0165366 0.0181793 0.0267652 0.00252255 -0.0244844 0.0371045 0.0233402 -0.00152248
internal_weight=7772.72 1658.57 6114.15 6094.25 3205.08 94.7265 86.8816 2889.17 1100.48 983.637 1788.69 1372.47 416.223 1433.32 1407.37 1365.93 1101.42 264.515 3110.35 2940.43 169.919 225.257 167.83 164.586 106.296 58.2908 116.843 57.4268 41.4334 15.7308
internal_count=80000 14965 65035 62279 29423 882 818 32856 17483 9429 15373 11826 3547 12827 12332 11843 9435 2408 28541 26751 1790 2138 1192 1170 751 419 8054 946 489 142
is_linear=0
shrinkage=0.06


Tree=136
num_leaves=31
num_cat=0
split_feature=22 4 16 3 17 8 2 6 18 4 18 4 39 6 13 21 8 18 2 13 7 12 6 6 16 2 32 39 7 8
split_gain=9.7636 8.66886 7.94689 7.95234 9.38521 9.01057 7.68465 7.32332 6.86776 6.95255 6.02476 5.78943 5.7764 5.62063 6.41413 5.5452 5.39787 5.37104 6.32578 5.16291 5.16119 6.10119 5.21007 4.83558 8.97344 7.00948 4.74696 4.46135 5.35057 4.06914
threshold=1.0000000180025095e-35 9.3050000000000015 0.013258417571005971 160150.00000000003 0.24971626387090243 2.5000000000000004 188.85000000000005 609.50000000000011 0.08129888518996975 28.125000000000004 0.0066799404564791788 32.185000000000009 1.0000000180025095e-35 644.50000000000011 4.5000000000000009 9052.5000000000018 6.5000000000000009 0.20073211508009256 328.32000000000005 3.5000000000000004 1.5000000000000002 14.500000000000002 739.50000000000011 644.50000000000011 0.31121171822093063 619.67000000000019 1.0000000180025095e-35 1.0000000180025095e-35 1.0000000180025095e-35 17.500000000000004
decision_type=2 2 2 2 2 2 2 2 2 2 2 2 2 2 2 2 2 2 2 2 2 2 2 2 2 2 2 2 2 2
left_child=7 10 -3 4 5 -4 -6 -1 19 -10 -2 15 13 14 -12 20 -13 18 -18 -5 22 -22 -9 25 -25 -14 -15 29 -29 -17
right_child=1 2 3 8 6 -7 -8 11 9 -11 12 16 23 26 -16 27 17 -19 -20 -21 21 -23 -24 24 -26 -27 -28 28 -30 -31
leaf_value=0.045728226123227238 -0.060260807692203849 -0.058370028315943928 0.13790799279457722 0.03550219639144498 0.09383789892429277 -0.0045452212163579258 0.00092549073350695597 0.0019279482830590418 -0.011318705294274945 0.036868142802870846 0.0018095368182440099 0.074802384523859025 -0.016365387128019004 -0.0085442324372367231 0.059021111177248661 0.031926977843865015 -0.019887643174242946 0.054223965487067656 0.023833111190558229 -0.0071105452789761332 -0.035008003785535986 0.0088161818128097563 -0.0067844694815787018 -0.036333625938700771 0.085335175892575471 -0.14397481962798231 -0.040745066676957445 -0.14707363465729545 0.042702351737411277 -0.062092702656703379
leaf_weight=14.416249637026338 8.5361642299685609 8.6196692206431162 1.5998616277938698 53.894596368190832 3.2081817090511313 1865.8893251060508 2903.4896179134957 1620.4259558906779 47.583763163769618 13.936307267751543 48.997950562275946 5.9578271179925641 2.9983347449451712 249.35095013200771 8.2411468755453807 39.573027738370001 19.512687688693404 10.381459085503591 30.591085247695446 12.635435030271763 11.737386077176778 445.98568623862229 291.55682006664574 18.593632817617621 2.4724169047549358 3.2071399558335543 17.647422796406318 1.1729782395996147 0.9830860667861997 1.7296015010215331
leaf_count=309 395 138 20 841 31 25097 24119 13150 547 118 343 60 21 4639 53 654 149 140 384 205 103 4066 3450 350 21 22 498 26 22 29
internal_value=-5.06655e-06 -0.00146858 -0.000809721 -0.000708512 -0.00110428 -0.00442318 0.00102804 0.00308793 0.0140472 -0.000402809 -0.0104551 0.00284003 -0.00924556 -0.0070149 0.0100467 0.00235895 0.0203122 0.0149449 0.00680626 0.0274092 0.00196945 0.0076924 0.000599398 -0.0357665 -0.022054 -0.082317 -0.0106726 0.0235975 -0.0605428 0.0279898
internal_weight=7764.93 5270.9 4910.86 4902.24 4774.19 1867.49 2906.7 2494.02 128.05 61.5201 360.045 2479.61 351.509 324.237 57.2391 2413.16 66.4431 60.4852 50.1038 66.53 2369.71 457.723 1911.98 27.2715 21.066 6.20547 266.998 43.4587 2.15606 41.3026
internal_count=80000 57458 51116 50978 49267 25117 24150 22542 1711 665 6342 22233 5947 5533 396 21500 733 673 533 1046 20769 4169 16600 414 371 43 5137 731 48 683
is_linear=0
shrinkage=0.06


Tree=137
num_leaves=31
num_cat=0
split_feature=20 6 4 3 21 6 15 4 8 1 11 18 21 8 3 10 1 17 1 17 15 1 1 11 3 8 18 1 10 15
split_gain=9.42297 8.22499 7.92147 7.91538 7.61999 10.4237 14.3906 9.56472 8.03977 7.39626 7.05177 11.6452 8.88345 6.94124 6.72212 7.39143 6.65822 6.88332 12.4561 7.62813 6.4572 6.75915 6.21646 6.11648 5.55285 5.46611 6.69055 6.07557 5.31778 5.27455
threshold=1.0000000180025095e-35 764.50000000000011 13.445000000000002 34150.000000000007 4574.5000000000009 769.50000000000011 8.0500000000000025 15.145000000000001 7.5000000000000009 14.625000000000002 29.450000000000003 0.051019453717850126 2280.3750000000005 19.500000000000004 160150.00000000003 4050.0000000000005 29.515000000000004 0.24971626387090243 26.755000000000006 0.23671188596397777 23.450000000000003 19.045000000000005 18.285000000000004 60.45000000000001 127750.00000000001 16.500000000000004 0.091023959451664041 25.795000000000005 3750.0000000000005 20.050000000000004
decision_type=2 2 2 2 2 2 2 2 2 2 2 2 2 2 2 2 2 2 2 2 2 2 2 2 2 2 2 2 2 2
left_child=1 2 3 25 -3 7 -7 -6 -8 -2 14 12 -12 -13 28 -16 17 19 23 22 21 -5 -11 -19 -18 26 -1 -27 -4 -26
right_child=9 4 10 20 5 6 8 -9 -10 16 11 13 -14 -15 15 -17 24 18 -20 -21 -22 -23 -24 -25 29 27 -28 -29 -30 -31
leaf_value=0.0047812148233497571 -0.06432824325847479 -0.031217488778295402 -0.0048627276264304985 -0.055952658301896732 0.09729716527691265 0.15637375885348156 0.10406055411890348 -0.073185187339025556 -0.0072300595514571912 -0.035815232849825969 -0.010165087117804721 -0.00020248975654825805 0.011610695579894678 -0.024933432484289243 0.09247975276407211 0.00019815798368399666 0.029130524100477916 0.0014777760692772474 0.035299464490241399 -0.020570995541469485 -0.02522697878424051 -0.0062529559384651764 0.0010692021517152851 0.010569629956113234 0.0022144913540521976 -0.054846153033129376 0.056149206677994119 0.045431967291060735 -0.022482026452308224 -0.10479753943311414
leaf_weight=167.84794193063863 5.88157150580082 62.39685223827837 521.54169119941071 9.9965706667862815 1.3943486989010141 2.7646886524744358 2.7503996074665364 7.8802265756530687 15.54123683052603 16.664737647515722 77.754321221145801 2807.7113941560965 508.56272931827698 41.459542049560696 5.1529309256002289 7.9382848171517253 57.026934560039081 788.51087390445173 49.389962658751756 64.36147735780105 77.674867325345986 677.180599535699 1275.1244811553042 402.27803893620148 9.2707924125716072 10.005248246947302 9.653038371820001 2.7792938128113738 69.936834765248932 2.0193119551986447
leaf_count=1753 301 3731 5842 1371 35 52 42 109 330 942 1463 25305 4713 382 87 135 1702 5539 1682 581 1207 8407 9863 3258 139 131 74 22 765 37
internal_value=-4.79342e-06 -0.0015197 -0.00119102 -0.00610506 -0.0192257 0.00544392 0.028788 -0.0475547 0.00950402 0.00288143 -2.9256e-05 0.00102231 0.0087229 -0.000562361 -0.0060048 0.0365218 0.00302978 0.00254326 0.00577385 -0.000411064 -0.00882944 -0.00697595 0.000593374 0.00454923 0.0215193 0.0048456 0.00757476 -0.0330462 -0.00694605 -0.0169253
internal_weight=7758.45 5087.92 4995.2 955.138 92.7278 30.3309 21.0563 9.27458 18.2916 2670.53 4040.06 3435.49 586.317 2849.17 604.57 13.0912 2664.65 2596.33 1240.18 1356.15 764.852 687.177 1291.79 1190.79 68.317 190.286 177.501 12.7845 591.479 11.2901
internal_count=80000 55956 51657 12965 4299 568 424 144 372 24044 38692 31863 6176 25687 6829 222 23743 21865 10479 11386 10985 9778 10805 8797 1878 1980 1827 153 6607 176
is_linear=0
shrinkage=0.06


Tree=138
num_leaves=31
num_cat=0
split_feature=7 4 11 22 4 26 8 42 12 16 8 17 4 4 12 18 10 2 16 13 3 15 11 2 4 18 11 4 15 18
split_gain=9.55866 7.7001 8.07516 6.62221 6.69668 6.3344 8.31615 6.18021 5.44813 7.80877 7.59898 7.39709 7.37051 8.57539 5.93877 5.19195 4.97145 5.12197 8.3929 5.05465 5.04677 6.53879 6.50766 4.95393 4.61452 5.9346 10.2851 10.309 10.5483 7.39328
threshold=1.5000000000000002 34.505000000000003 58.850000000000001 1.0000000180025095e-35 8.5950000000000006 1.0000000180025095e-35 5.5000000000000009 1.0000000180025095e-35 20.500000000000004 0.074276134042280936 10.500000000000002 0.15384477318818582 18.595000000000002 18.895000000000003 17.500000000000004 0.050065261845220997 1150.0000000000002 807.0200000000001 0.34056634295920668 2.5000000000000004 79050.000000000015 18.250000000000004 22.050000000000004 1045.3650000000002 28.125000000000004 0.069176053305331289 29.050000000000004 13.805000000000001 28.950000000000003 0.035061531497211314
decision_type=2 2 2 2 2 2 2 2 2 2 2 2 2 2 2 2 2 2 2 2 2 2 2 2 2 2 2 2 2 2
left_child=1 2 3 5 15 23 -7 -6 12 10 -10 -11 14 -14 -4 -5 -3 20 19 -19 22 -22 -18 -1 25 26 29 -28 -29 -2
right_child=24 16 8 4 7 6 -8 -9 9 11 -12 -13 13 -15 -16 -17 17 18 -20 -21 21 -23 -24 -25 -26 -27 27 28 -30 -31
leaf_value=8.8046678216113143e-05 0.00061811562947109431 0.064797420057029903 -0.011810222146797788 -0.022092533597998853 -0.0054185148268071186 0.16737837459935123 -0.038290493813376458 0.0099076507222297661 -0.018453474635526795 0.070306559938316485 -0.0023486429396785118 0.001657243726634 0.060815957517059226 0.0097417683102540131 0.0051480810963469362 0.11007464922365626 -0.070483267463489957 -0.0073505220828636326 0.064484194012450577 -0.070944541070522768 0.056063061823597084 -0.0037792617938547527 0.012452883635022763 0.02549832049690412 0.013308996900521898 -0.0016559877411420358 0.0014499858957787222 0.014791964193319605 0.098577518235266948 -0.024916597974803355
leaf_weight=1198.5819370107492 196.68739116657525 6.5525453854352227 116.41641459614038 97.893685902527068 1923.4327705370379 0.73171719093807297 21.619426662218757 99.625395322800614 144.04625365784159 5.6759176515042773 393.88751023059012 1264.2837434593821 12.239082941203376 358.09224118874408 205.69784129841719 1.0818285981658835 3.6356160808354607 12.607074231607845 4.0858320337720206 6.9965387850534162 21.042787417303774 9.559455818962304 53.919316285522655 28.272148248041049 168.99829706270248 628.09349498420488 318.07869992591441 390.98794530308805 5.485234834952279 51.511002759216353
leaf_count=10006 1922 56 1210 2596 23560 17 618 1223 1583 34 4512 11507 117 3295 2162 12 26 126 43 70 165 75 508 306 1626 5626 3106 3375 53 465
internal_value=-5.08266e-06 -0.00114725 -0.00145273 -0.00336899 -0.00540931 9.69245e-05 -0.0315574 -0.00466378 0.00113099 -0.000602344 -0.00666115 0.00196406 0.00565651 0.0114297 -0.000980877 -0.0206479 0.014002 0.0110261 -0.013743 -0.0300473 0.017682 0.0373697 0.00721399 0.000673612 0.0038825 0.00288111 0.00584109 0.00949604 0.0159511 -0.00468135
internal_weight=7749.82 5989.98 5871.58 3371.24 2122.03 1249.21 22.3511 2023.06 2500.34 1807.89 537.934 1269.96 692.446 370.331 322.114 98.9755 118.399 111.847 23.6894 19.6036 88.1572 30.6022 57.5549 1226.85 1759.84 1590.84 962.75 714.552 396.473 248.198
internal_count=80000 63827 62758 38338 27391 10947 635 24783 24420 17636 6095 11541 6784 3412 3372 2608 1069 1013 239 196 774 240 534 10312 16173 14547 8921 6534 3428 2387
is_linear=0
shrinkage=0.06


Tree=139
num_leaves=31
num_cat=0
split_feature=20 6 17 1 4 22 8 12 6 4 2 15 1 17 10 35 1 12 3 17 3 10 7 8 15 39 3 4 3 3
split_gain=8.75491 7.45744 7.04643 6.91065 6.80704 7.0802 8.23313 8.77528 6.86432 6.82557 6.67208 6.25283 6.11527 13.2604 5.66232 5.52664 7.46355 5.50492 5.32431 5.23319 6.39641 10.1859 5.22053 5.07251 5.0455 6.0847 6.01626 4.99267 10.4427 8.77929
threshold=1.0000000180025095e-35 764.50000000000011 0.42979019077726605 14.625000000000002 11.455000000000002 1.0000000180025095e-35 19.500000000000004 35.500000000000007 649.50000000000011 15.995000000000003 987.2700000000001 12.450000000000001 26.515000000000004 0.25167468530620707 950.00000000000011 1.0000000180025095e-35 30.415000000000003 13.500000000000002 54650.000000000007 0.65629576764955477 24950.000000000004 3350.0000000000005 1.5000000000000002 13.500000000000002 23.350000000000005 1.0000000180025095e-35 91350.000000000015 16.825000000000003 171750.00000000003 86150.000000000015
decision_type=2 2 2 2 2 2 2 2 2 2 2 2 2 2 2 2 2 2 2 2 2 2 2 2 2 2 2 2 2 2
left_child=1 4 -3 -2 14 8 7 -7 9 -6 -10 -8 27 15 17 16 -14 -1 -17 20 22 -22 -4 -19 26 -26 -16 28 29 -5
right_child=3 2 19 12 5 6 11 -9 10 -11 -12 -13 13 -15 24 18 -18 23 -20 -21 21 -23 -24 -25 25 -27 -28 -29 -30 -31
leaf_value=0.094206642903956667 -0.064090338704599681 -0.0320760342916553 0.039230436962703376 0.00016002354520744513 -0.0054951313581259268 -0.0019170412881686909 0.0038578996765209822 0.039963884413947937 0.0011396654454012864 0.029559090248818688 0.022353319277543204 -0.044872152671220071 -0.003473149303289182 0.0336573750370101 -0.012716597373794325 0.042764317746116748 0.033930412017962291 -0.0056425326424796984 0.0095529929270963473 -0.026626351721082832 -0.048016893762666435 0.041079896295252383 0.21465960583487215 0.016431083577626907 -0.036366421612738682 0.048002143318759592 0.0057949500360080682 0.0040429959736358609 0.040274878705837368 -0.014990288732768193
leaf_weight=2.2753462829859918 5.5518018136499441 54.761304198065773 1.5234413883881672 731.28634067485109 28.887919492088258 2850.7567896462861 14.352892824797889 18.125234438106418 1317.8593948110938 64.971112614963204 55.627338079269975 27.918605950777419 222.61435995763168 68.639142727362923 293.36794307496166 21.329817450605333 21.018667342606932 138.66430417145602 93.790048552211374 14.172845990164204 7.2828060056781423 12.630591124296187 1.0192519584670661 51.359594736830331 41.282061492849607 3.3252539546228936 80.559942860971205 1309.0632378128357 20.833502681227401 169.63637935160659
leaf_count=41 301 3340 53 6003 292 29970 149 200 10359 922 505 298 1652 2779 3645 200 466 2256 797 388 326 183 9 848 637 44 1491 9842 212 1792
internal_value=-4.97041e-06 -0.00146569 -0.0184503 0.00278112 -0.00115458 -0.000326811 -0.00203976 -0.00165244 0.00307161 0.0187701 0.00199884 -0.0283263 0.00292079 0.0094956 -0.00708806 0.0048728 -0.000246276 0.00143437 0.0157065 0.00192067 0.0199377 0.00849507 0.109552 0.000323517 -0.0110038 -0.0300772 -0.00872842 0.00166115 -0.00172151 -0.00269266
internal_weight=7744.49 5080.72 91.3902 2663.76 4989.33 4378.5 2911.15 2868.88 1467.35 93.859 1373.49 42.2715 2658.21 427.392 610.834 358.753 243.633 192.299 115.12 36.6289 22.4561 19.9134 2.54269 190.024 418.535 44.6073 373.928 2230.82 921.756 900.923
internal_count=80000 55956 4299 24044 51657 42695 30617 30170 12078 1214 10864 447 23743 5894 8962 3115 2118 3145 997 959 571 509 62 3104 5817 681 5136 17849 8007 7795
is_linear=0
shrinkage=0.06


Tree=140
num_leaves=31
num_cat=0
split_feature=11 6 4 11 10 4 8 4 10 3 6 6 4 10 10 11 4 4 4 10 11 12 32 12 16 12 6 4 13 2
split_gain=8.89386 6.65679 6.57745 6.1786 7.48447 11.6907 8.08974 11.1965 7.39835 6.93355 6.77074 6.40566 5.92738 12.7345 8.73893 8.2787 6.493 5.87403 8.02639 7.99028 5.05439 6.90527 4.98139 4.95621 4.8333 4.56296 8.58826 5.30928 4.28945 3.37388
threshold=52.750000000000007 789.50000000000011 39.015000000000008 101.55000000000001 4550.0000000000009 15.995000000000003 9.5000000000000018 5.8150000000000004 4850.0000000000009 110150.00000000001 614.50000000000011 649.50000000000011 13.445000000000002 9550.0000000000018 3650.0000000000005 29.450000000000003 35.115000000000002 26.985000000000003 26.385000000000002 17550.000000000004 49.250000000000007 31.500000000000004 1.0000000180025095e-35 23.500000000000004 0.020107186689720911 31.500000000000004 629.50000000000011 24.475000000000005 1.5000000000000002 888.16500000000008
decision_type=2 2 2 2 2 2 2 2 2 2 2 2 2 2 2 2 2 2 2 2 2 2 2 2 2 2 2 2 2 2
left_child=1 12 3 4 6 8 9 -8 -6 -2 -7 -5 13 20 15 24 -17 18 -13 -19 22 -22 -1 28 -14 27 -27 -16 -4 -3
right_child=2 29 23 11 5 10 7 -9 -10 -11 -12 17 14 -15 25 16 -18 19 -20 -21 21 -23 -24 -25 -26 26 -28 -29 -30 -31
leaf_value=-0.0037783767189116372 0.0099927092850852269 -0.053945465640137816 -0.047373655822165614 0.063128149135048911 -0.036561762776112824 0.038367998377296202 -0.01905736231461173 0.0032648390922719026 -0.0078549433845149039 0.071280953434289626 0.00066509648218113573 0.0082189490809820749 0.052548079013585131 0.1395046914144594 -0.0077755289546147834 0.0048951074052271037 0.059235246313244963 0.074871584764791707 -0.093909508068503372 -0.0057785474178940859 -0.016383818775592779 -0.086932891923669459 -0.023597902976825604 0.080304505507979337 -0.0031140006078183608 0.10623152306336056 -0.025385333765280713 0.00073438579156903184 0.057469171255792498 0.034894761914947205
leaf_weight=568.65292746736668 476.49162381107453 12.514347125834318 2.8654183489270491 8.7068794439546746 35.598221028689295 17.320355418487452 87.048550190927926 1143.9388950043358 350.92465643270407 6.7391218820703207 1713.6437956866575 140.57186202541925 5.6545921393553717 2.1329896358074611 604.32232245488558 1026.7577057612361 7.9775176304392508 10.93386313528754 2.8260083189234129 7.4258608573582015 86.494106935278978 5.3006855148123568 49.637689927418251 6.7478747358545661 822.89709460624726 1.8426949698477972 56.786870045121759 468.5713634819258 2.7560665886849165 1.7546826961915929
leaf_count=8013 4735 805 36 133 396 289 1205 10899 3805 111 15883 1236 98 41 6621 9749 63 105 26 69 1094 62 906 66 8684 18 577 4152 31 92
internal_value=-4.87077e-06 -0.00211794 0.00195385 0.00181883 0.00132159 -0.00106435 0.00426881 0.00168634 -0.0104988 0.0108474 0.00104236 0.0129959 -0.0019605 -0.0068803 -0.000790481 0.00173525 0.00531405 0.0102974 0.00620626 0.0422515 -0.00732002 -0.0204577 -0.00536953 0.0456392 -0.00273413 -0.00494962 -0.0212487 -0.00405894 0.00402803 -0.0430207
internal_weight=7735.84 3721.3 4014.54 4002.17 3831.71 2117.49 1714.22 1230.99 386.523 483.231 1730.96 170.464 3707.03 712.218 2994.81 1863.29 1034.74 161.758 143.398 18.3597 710.085 91.7948 618.291 12.3694 828.552 1131.52 58.6296 1072.89 5.62148 14.269
internal_count=80000 40975 39025 38892 37323 20373 16950 12104 4201 4846 16172 1569 40078 10116 29962 18594 9812 1436 1262 174 10075 1156 8919 133 8782 11368 595 10773 67 897
is_linear=0
shrinkage=0.06


Tree=141
num_leaves=31
num_cat=0
split_feature=7 11 32 23 6 3 6 2 6 15 15 15 6 12 12 3 16 21 11 2 17 15 6 15 21 21 34 11 40 21
split_gain=8.88651 6.79859 7.24218 6.05745 6.13655 5.94424 5.64227 5.67685 5.35974 6.68015 6.09699 11.5019 4.78313 8.76114 6.17843 5.63748 5.29155 7.7299 5.11484 4.53823 4.51298 7.8629 4.34332 5.98053 6.30683 5.7202 5.36847 4.64098 4.43408 5.29037
threshold=1.5000000000000002 90.15000000000002 1.0000000180025095e-35 1.0000000180025095e-35 774.50000000000011 160150.00000000003 609.50000000000011 214.68500000000003 629.50000000000011 17.350000000000005 14.350000000000003 13.750000000000002 709.50000000000011 20.500000000000004 15.500000000000002 18050.000000000004 0.35966700343730112 6761.0000000000009 90.750000000000014 619.67000000000019 1.497793791136049 14.050000000000002 649.50000000000011 3.0500000000000003 3246.6000000000008 5122.2500000000009 1.0000000180025095e-35 1.0000000180025095e-35 1.0000000180025095e-35 3161.400000000001
decision_type=2 2 2 2 2 2 2 2 2 2 2 2 2 2 2 2 2 2 2 2 2 2 2 2 2 2 2 2 2 2
left_child=1 2 3 4 5 -1 -5 -8 9 19 11 -10 13 16 -14 -16 17 -3 -15 -4 22 -22 23 -2 26 -26 -25 -24 -29 -30
right_child=20 12 8 6 -6 -7 7 -9 10 -11 -12 -13 14 18 15 -17 -18 -19 -20 -21 21 -23 27 24 25 -27 -28 28 29 -31
leaf_value=-0.0026571865454779625 -0.059443925470852227 0.026478962239458097 -0.024672527760221667 0.048029402998538681 -0.033690506428640341 0.013074710415061658 -0.0087771108146476335 0.0028380565991258239 -0.0064570539463345671 0.058323701211346494 -0.015945425179525439 0.045121759576422733 -0.063396879318883409 0.047081855195604816 -0.081256886292947972 0.0021275788557370227 -0.04600072109232755 0.097063978253623492 0.0019774096552990492 0.036553002668611133 -0.097526673623268029 0.021345834941889002 -0.025929599019260847 -0.0093698846232280718 0.050323501288094125 0.01170157481455659 0.031997161681340792 0.0040653091618685876 0.007398194904871952 -0.032866121878906952
leaf_weight=3238.8218706193729 3.7208135374821714 62.235980067867786 12.574521875008946 9.510712595889343 22.481158828071784 88.835837980499491 168.15754358237609 1527.4958449851256 196.80291595793096 9.3698926647193712 269.74813308240846 16.900924803805538 5.648727540858089 9.5670040440745634 2.9768903944641343 149.80190168728586 3.210737418383359 6.1360384128056458 167.80371692031622 6.6703217923641196 4.2216411971021426 3.8120120759122074 19.497444607899524 37.170422130031511 29.253494383301586 26.142382559948601 16.223153610946611 1569.5042498722905 21.537025340134278 25.844935683999211
leaf_count=35692 42 475 88 207 1841 1344 1643 13420 2299 83 3258 208 52 70 19 1543 29 73 1415 68 29 35 200 342 416 521 146 14018 217 207
internal_value=-4.71278e-06 -0.00110777 -0.00165526 -0.000966525 -0.00244827 -0.0022372 0.00194467 0.00168618 -0.00845467 0.0167767 -0.00994807 -0.00237791 0.00637437 0.0115607 -0.00177551 0.000502835 0.0292785 0.0328136 0.00441025 -0.00345157 0.00374642 -0.041121 0.00395253 0.0153557 0.017914 0.0320971 0.00319912 0.00316849 0.00351938 -0.0145644
internal_weight=7731.68 5974.75 5567.37 5055.3 3350.14 3327.66 1705.16 1695.65 512.067 28.6147 483.452 213.704 407.381 248.953 158.428 152.779 71.5828 68.372 177.371 19.2448 1756.93 8.03365 1748.89 112.51 108.789 55.3959 53.3936 1636.38 1616.89 47.382
internal_count=80000 63827 60151 54147 38877 37036 15270 15063 6004 239 5765 2507 3676 2062 1614 1562 577 548 1485 156 16173 64 16109 1467 1425 937 488 14642 14442 424
is_linear=0
shrinkage=0.06


Tree=142
num_leaves=31
num_cat=0
split_feature=5 9 1 32 4 16 3 17 21 42 15 21 16 3 8 17 12 10 11 8 1 21 17 1 21 15 17 6 15 3
split_gain=8.49808 21.2331 8.67089 7.24781 6.88973 6.22814 12.5922 7.50246 5.95637 5.5885 10.3905 5.51906 6.21318 5.5424 4.971 5.80029 5.65997 4.90365 4.77398 4.71366 4.89092 5.65488 5.2888 4.11274 4.47996 4.02058 9.23493 7.48048 3.34269 3.19847
threshold=1.0000000180025095e-35 1.0000000180025095e-35 16.755000000000006 1.0000000180025095e-35 20.505000000000006 0.037551577572990935 151250.00000000003 0.10019889480870524 8698.7500000000018 1.0000000180025095e-35 19.850000000000005 7867.0000000000009 0.34944660005072098 52750.000000000007 14.500000000000002 0.055678770612936669 22.500000000000004 34050.000000000007 93.250000000000014 6.5000000000000009 24.455000000000002 7392.2500000000009 0.24971626387090243 24.735000000000003 1298.7500000000002 14.350000000000003 0.13333170372378578 629.50000000000011 11.850000000000003 18050.000000000004
decision_type=2 2 2 2 2 2 2 2 2 2 2 2 2 2 2 2 2 2 2 2 2 2 2 2 2 2 2 2 2 2
left_child=2 8 29 4 5 7 -7 -4 11 18 -11 14 13 -13 15 -2 -16 25 -6 -3 21 22 -21 -22 -25 26 -5 -27 -14 -1
right_child=1 19 3 17 9 6 -8 -9 -10 10 -12 12 28 -15 16 -17 -18 -19 -20 20 23 -23 -24 24 -26 27 -28 -29 -30 -31
leaf_value=0.069176181324933278 0.026769784299942034 0.059422884672473301 -0.009309446698930763 -0.02721071221887629 0.00081233816223387229 -0.0018571327592345234 0.03292995929166561 -0.064465358316456126 0.042128746887538975 0.0043976881628613948 0.043436615416618231 0.085265807382675363 -0.016475690119204512 -0.021246025116327109 -0.044950689187868952 0.0022324365205399913 -0.0041381820993664541 -0.10260755362387516 0.013651201112034585 0.0054783027898409522 0.080794634582432884 -0.072167893048772261 0.027776836604204526 -0.04769617720961862 0.033246053515661199 0.02848478856438983 0.0037657641374714643 -0.013939867655348935 -0.11212835861330257 -0.048285501237198332
leaf_weight=0.87720160325989383 35.826700604753569 10.96433532098308 233.19533682754263 41.654968452174217 2251.2671327970456 2735.9783879211172 37.979997852584347 9.2295209015719575 12.642062513390554 98.417570711346343 32.698494969168678 1.9552951203659237 1.962014581542461 17.496976969763637 12.855511649744583 1084.8954567707842 252.58730284194462 1.9430367704480875 109.32610855647363 87.124431614764035 6.1877912124618879 2.7085841167718163 68.318413482047617 2.6061089672148219 44.410170795978047 15.780143994372336 205.95782977214549 288.65689189836849 3.9898024569265544 17.163718292722479
leaf_count=38 315 107 3471 612 20443 29218 592 179 354 871 285 33 26 165 117 9617 2167 21 967 621 47 21 490 18 834 125 2120 3375 33 2718
internal_value=-4.23218e-06 0.0038195 -0.00103972 -0.000916111 -0.000258157 -0.00218682 -0.00138084 -0.0114093 0.0011275 0.00207662 0.0141334 0.000760289 -0.026953 -0.0105397 0.00126819 0.00301683 -0.00611475 -0.00745784 0.00140694 0.0210648 0.0190749 0.013781 0.0152787 0.0348113 0.0287594 -0.00712294 -0.00144529 -0.0117408 -0.0805965 -0.0425742
internal_weight=7726.66 1646.53 6080.13 6062.09 5508.09 3016.38 2773.96 242.425 1424.21 2491.71 131.116 1411.57 25.4041 19.4523 1386.16 1120.72 265.443 553.993 2360.59 222.32 211.356 158.151 155.443 53.2041 47.0163 552.05 247.613 304.437 5.95182 18.0409
internal_count=80000 14965 65035 62279 56026 33460 29810 3650 12827 22566 1156 12473 257 198 12216 9932 2284 6253 21410 2138 2031 1132 1111 899 852 6232 2732 3500 59 2756
is_linear=0
shrinkage=0.06


Tree=143
num_leaves=31
num_cat=0
split_feature=17 1 17 16 1 11 20 4 21 2 32 6 11 17 3 20 1 15 16 2 21 15 4 8 28 6 18 11 15 10
split_gain=8.27783 11.7608 10.8257 10.624 8.12128 11.9719 7.37862 7.02738 7.02963 6.8982 6.25054 6.21348 7.02828 6.25469 5.74472 5.6453 8.77472 7.93305 5.49454 5.44234 8.17828 7.53058 7.50143 8.07213 5.38872 8.90304 7.31664 6.82276 6.44311 6.37181
threshold=0.24971626387090243 19.125000000000004 0.23671188596397777 0.11076421030909099 24.295000000000005 68.750000000000014 1.0000000180025095e-35 21.065000000000001 3099.3000000000006 765.5200000000001 1.0000000180025095e-35 614.50000000000011 25.150000000000002 0.047800766405742733 81450.000000000015 1.0000000180025095e-35 25.365000000000006 26.550000000000004 0.09997652785747578 917.47500000000002 5084.5000000000009 32.350000000000001 24.005000000000006 9.5000000000000018 1.0000000180025095e-35 709.50000000000011 0.088768518018880666 66.65000000000002 19.250000000000004 7750.0000000000009
decision_type=2 2 2 2 2 2 2 2 2 2 2 2 2 2 2 2 2 2 2 2 2 2 2 2 2 2 2 2 2 2
left_child=1 -1 10 9 19 7 14 8 -6 15 11 13 -13 -3 -7 16 17 -2 -18 22 -21 -22 23 -5 28 27 -27 -26 -4 -30
right_child=3 2 24 4 5 6 -8 -9 -10 -11 -12 12 -14 -15 -16 -17 18 -19 -20 20 21 -23 -24 -25 25 26 -28 -29 29 -31
leaf_value=-0.032762098654648096 -0.0082072482037902905 -0.065439711573916967 -0.015812286678508928 0.0066405701446415775 0.01237425526597772 0.0095758639241730736 0.041592631562500433 0.0073779702698087693 -0.0036994161671430287 0.042738809992268152 -0.0095148165476155577 -0.0095441484969530626 0.00035847983462839611 0.020341587997363273 0.048769174120177179 0.025850682968863729 0.038804572404223366 0.068900305890717731 0.0057803603261711569 -0.030252111129735151 -0.0033642430949418893 -0.084474932535992711 0.0089056691480303013 -0.0045086456785509276 -0.01005731501017499 0.00313762122373479 -0.099002774659991258 0.029272901364366263 -0.063105486736672517 0.010684053774790604
leaf_weight=44.61602405901067 114.571352680563 3.1938752830028525 72.754930444643833 324.18118438881356 113.46993008302525 221.37711841892451 34.703206151491031 523.33835961017758 716.143475365825 25.653886576532386 281.70791793358512 285.92295063764323 2643.7700231170747 73.010004156734794 14.334966355934737 61.919712327653542 34.520710653625429 5.0135977572062975 38.215563444420695 44.507700398215093 766.55749390716664 4.1430045366287223 325.49896425101906 838.30419119563885 47.881622832268476 4.3276186436414701 6.0604568272829056 23.756751656532288 23.024728960939687 5.15630102995783
leaf_count=5471 841 24 988 3068 778 2332 1159 5262 5438 316 3456 4058 26824 614 156 665 270 35 371 726 6039 33 2331 7811 346 28 33 135 332 60
internal_value=-3.93601e-06 -0.00215295 -0.00175945 0.00179192 0.000986856 0.00423709 0.0157623 0.00193353 -0.00150095 0.0130859 -0.000968918 -0.00016801 -0.000607966 0.0167463 0.0119594 0.0100938 0.00502068 -0.00497451 0.0214537 -0.00130402 -0.00524445 -0.00380026 0.000854792 -0.00139947 -0.0159643 -0.00454189 -0.0564516 0.00298539 -0.0252469 -0.0496042
internal_weight=7721.64 3515.18 3470.57 4206.45 3926.56 1623.37 270.415 1352.95 829.613 279.895 3287.6 3005.9 2929.69 76.2039 235.712 254.241 192.321 119.585 72.7363 2303.19 815.208 770.7 1487.98 1162.49 182.962 82.0264 10.3881 71.6384 100.936 28.181
internal_count=80000 42369 36898 37631 35133 15125 3647 11478 6216 2498 34976 31520 30882 638 2488 2182 1517 876 641 20008 6798 6072 13210 10879 1922 542 61 481 1380 392
is_linear=0
shrinkage=0.06


Tree=144
num_leaves=31
num_cat=0
split_feature=7 1 4 11 1 20 10 4 18 18 21 43 10 13 11 21 21 2 17 21 18 11 4 17 1 11 9 4 7 8
split_gain=8.41543 6.77844 6.36099 7.42711 6.99981 12.2515 5.72728 8.259 7.84493 5.72344 6.10015 8.78048 5.73113 6.13431 5.70791 5.70323 5.23027 4.38049 5.37093 4.7629 4.48958 8.98099 12.1489 6.66319 10.3578 7.5258 5.54022 2.11472 3.95729 1.23514
threshold=1.5000000000000002 15.725000000000003 31.015000000000004 58.850000000000001 22.715000000000003 1.0000000180025095e-35 5150.0000000000009 19.135000000000002 0.044871147691895326 0.10046828401939521 4766.7500000000009 1.0000000180025095e-35 7250.0000000000009 3.5000000000000004 91.950000000000017 8854.0000000000018 7091.5000000000009 1435.3650000000002 0.613754351092622 9052.5000000000018 0.068608917777285186 49.850000000000001 12.735000000000001 0.59522712875307515 20.325000000000003 79.250000000000014 1.0000000180025095e-35 25.385000000000002 1.0000000180025095e-35 8.5000000000000018
decision_type=2 2 2 2 2 2 2 2 2 2 2 2 2 2 2 2 2 2 2 2 2 2 2 2 2 2 2 2 2 2
left_child=1 27 3 4 5 -3 7 -5 -8 10 11 -4 14 -14 -11 -6 -12 19 -19 20 21 26 -23 25 -25 -22 -2 -1 -29 -21
right_child=17 2 9 6 15 -7 8 -9 -10 12 16 -13 13 -15 -16 -17 -18 18 -20 29 23 22 -24 24 -26 -27 -28 28 -30 -31
leaf_value=-0.062311684672844918 -0.00050171809813474161 -0.020780757720834136 0.028975632070956308 0.00071172319295039605 -0.0025767849591891217 -0.0026618695833324339 0.046989882233329047 0.011730330541539075 -0.0022410076264495586 -0.018931046196819502 -0.014217601204090385 -0.072814681358021924 0.014059430578707628 -0.014811127444781956 0.077518317849586793 0.012996198419719355 0.027388153034429683 0.0075789166461818613 -0.16164633898449873 0.0014433475921986009 -0.0014864851706358946 0.002061069246265518 0.024109411382498187 0.02510769451539566 -0.028871425696015803 0.013695622026625566 0.015128275922705723 -0.064748816179983779 0.16505536674101864 0.060306155019499041
leaf_weight=8.321817394345997 535.12306662939955 213.09313884738367 87.945492517203093 797.32170521322405 2545.8900125303771 363.55854258209001 11.76357374852523 353.45480876020156 1233.1635869774036 57.079132937593386 33.491077017039061 3.1603904515504828 107.97363331029192 35.109944216907024 2.29784788400866 87.572337381308898 16.109239225741476 1.4250647507142269 1.2831102083437143 1.5858531990088502 522.81158538069576 169.76872577983886 191.39853424509056 16.412560449913144 58.096080875024199 151.63216390425805 96.339844074798748 0.69029003125615307 0.44281658623367548 6.72715960489586
leaf_count=1369 5097 10296 769 8001 20879 4253 165 3151 11773 538 254 30 964 308 25 813 168 23 20 44 4680 1598 1634 126 554 1398 816 47 24 183
internal_value=-3.57146e-06 -0.00107857 -0.000997893 -0.00148332 -0.00337 -0.00935744 0.00104473 0.00409603 -0.00177581 0.00693185 0.0162267 0.0254446 0.000472129 0.00697515 -0.0151985 -0.00205893 -0.000704844 0.00365118 -0.0725986 0.00376918 0.00355292 0.00619907 0.0137455 4.58107e-05 -0.0169811 0.00192684 0.00188289 -0.051841 0.0250584 0.049077
internal_weight=7711.04 5958.44 5948.98 5605.82 3210.11 576.652 2395.7 1150.78 1244.93 343.167 140.706 91.1059 202.461 143.084 59.377 2633.46 49.6003 1752.6 2.70817 1749.9 1741.58 992.63 361.167 748.952 74.5086 674.444 631.463 9.45492 1.13311 8.31301
internal_count=80000 63827 62387 59331 36241 14549 23090 11152 11938 3056 1221 799 1835 1272 563 21692 422 16173 43 16130 15903 9145 3232 6758 680 6078 5913 1440 71 227
is_linear=0
shrinkage=0.06


Tree=145
num_leaves=31
num_cat=0
split_feature=22 11 32 4 20 8 3 8 1 3 11 4 4 8 18 10 2 2 11 43 10 17 8 17 13 1 20 10 8 13
split_gain=8.00367 7.35291 7.03405 7.54619 6.33992 7.05734 6.47728 6.13194 5.54863 5.50084 5.49173 4.97221 4.5008 4.80605 4.94442 5.75494 6.28451 4.29974 4.2925 9.10397 6.7392 5.98006 7.75339 6.36943 4.68502 4.50927 4.75072 5.7957 5.25111 4.23755
threshold=1.0000000180025095e-35 1.0000000180025095e-35 1.0000000180025095e-35 7.6350000000000007 1.0000000180025095e-35 19.500000000000004 27850.000000000004 5.5000000000000009 14.625000000000002 19950.000000000004 88.550000000000011 15.735000000000001 32.185000000000009 6.5000000000000009 0.20073211508009256 17950.000000000004 328.32000000000005 1204.0900000000004 76.550000000000011 1.0000000180025095e-35 6750.0000000000009 0.11848266361695532 8.5000000000000018 0.12787587515110144 2.5000000000000004 18.815000000000001 1.0000000180025095e-35 34550.000000000007 8.5000000000000018 6.5000000000000009
decision_type=2 2 2 2 2 2 2 2 2 2 2 2 2 2 2 2 2 2 2 2 2 2 2 2 2 2 2 2 2 2
left_child=12 29 4 -4 5 6 -3 11 -6 -7 -10 -5 18 -14 15 16 -15 -9 25 21 24 22 -20 -23 -21 -1 27 -27 -28 -2
right_child=1 2 3 7 8 9 -8 17 10 -11 -12 -13 13 14 -16 -17 -18 -19 19 20 -22 23 -24 -25 -26 26 28 -29 -30 -31
leaf_value=-0.032838366499069779 -0.026999524682033791 0.0061953670359562443 -0.049843022866500927 -0.047704829396384055 -0.063763407132893302 0.099073250722158834 -0.0027609807866614592 -0.0060520812011369898 0.0017372021324890013 -0.02970819001307326 0.015582120809554753 0.050873330105310935 0.070722851806809192 -0.016271784461415882 0.051755005425276869 -0.076357666536498683 0.028705193255945154 -0.026473842114811515 -0.042933245610085061 -0.13280353525153485 0.013678396660387495 0.053803022534777568 0.0050357224890121332 0.012462086053540279 -0.026951804415529641 -0.0004006426498230633 0.018614574979233228 0.082795362991118435 0.003564091834277677 0.072451702496181186
leaf_weight=13.789775037323123 49.789567480271216 327.45128225925146 15.140623182465786 2.2243643337860695 4.5466081423219284 1.2286917399615038 2589.505270715279 391.51886656717397 1645.3220282292459 42.359610794344917 110.0388765220996 10.715799641853662 5.7542935805395237 18.698829055763781 10.008279453497378 2.9092126134783021 27.828072753036395 41.002765464829281 15.038422791752962 3.4739752956666035 3.9346822625957429 14.21115704718977 62.729419368552044 239.96321158634964 2.6562377437949181 1466.8048597337911 100.97059777844697 3.020626049488782 481.08896491711494 1.5917086843401183
leaf_count=460 815 2927 408 37 276 10 32135 4728 14136 513 998 104 60 144 144 23 376 354 120 27 38 117 517 2495 22 12631 937 19 4412 17
internal_value=-3.49484e-06 -0.00133288 -0.00110889 -0.00818629 -0.000418308 -0.00211366 -0.00175556 -0.00677043 0.00243364 -0.026078 0.0026051 0.0339281 0.00280938 0.0183646 0.0132962 0.00551027 0.0106293 -0.00798805 0.00238816 0.00861432 -0.0476037 0.0103189 -0.00424032 0.0147735 -0.0869377 0.00135731 0.00158713 -0.000229667 0.00617492 -0.0239187
internal_weight=7705.32 5232.44 5181.05 460.602 4720.45 2960.54 2916.96 445.462 1759.91 43.5883 1755.36 12.9402 2472.88 65.1987 59.4444 49.4361 46.5269 432.522 2407.68 342.007 10.0649 331.942 77.7678 254.174 6.13021 2065.67 2051.89 1469.83 582.06 51.3813
internal_count=80000 57458 56626 5631 50995 35585 35062 5223 15410 523 15134 141 22542 747 687 543 520 5082 21795 3336 87 3249 637 2612 49 18459 17999 12650 5349 832
is_linear=0
shrinkage=0.06


Tree=146
num_leaves=31
num_cat=0
split_feature=17 1 17 16 1 10 5 1 15 8 4 13 2 40 21 15 1 7 6 6 21 2 5 4 2 18 3 4 16 18
split_gain=7.94161 10.653 9.58912 9.24671 7.19451 6.23148 6.04238 8.05995 7.31033 6.03325 5.98482 9.65911 7.62054 5.53454 9.10723 6.45895 6.3253 6.13204 5.32511 5.18645 19.9068 4.96339 4.96176 4.94099 7.14803 5.82656 4.82175 4.77439 6.99094 6.60112
threshold=0.24971626387090243 19.835000000000004 0.23671188596397777 0.11076421030909099 24.295000000000005 15850.000000000002 1.0000000180025095e-35 25.405000000000005 26.350000000000005 9.5000000000000018 28.275000000000002 5.5000000000000009 768.83500000000015 1.0000000180025095e-35 6636.7500000000009 21.250000000000004 26.215000000000003 1.5000000000000002 729.50000000000011 719.50000000000011 1391.1250000000002 188.85000000000005 1.0000000180025095e-35 21.305000000000003 349.79500000000002 0.1552690517492063 38950.000000000007 24.385000000000002 0.26501454728302182 0.05974173531227938
decision_type=2 2 2 2 2 2 2 2 2 2 2 2 2 2 2 2 2 2 2 2 2 2 2 2 2 2 2 2 2 2
left_child=1 19 10 5 21 6 7 8 -2 -8 -3 12 -12 17 16 -16 -15 22 23 20 -1 -5 -6 25 -25 -4 -11 29 -29 -23
right_child=3 2 18 4 13 -7 9 -9 -10 26 11 -13 -14 14 15 -17 -18 -19 -20 -21 -22 27 -24 24 -26 -27 -28 28 -30 -31
leaf_value=0.75472665144616424 -0.0034696839472263172 -0.001919851387914977 -0.018681241349492821 0.073037932031315922 0.0020558275706814687 0.087996324632058198 0.068026331295729089 0.022682580028637222 0.05948545144970354 0.06989568570436458 0.010393343595600284 -0.029841065881843681 -0.016963150305094477 -0.02131474432732983 -0.035502509885717397 -0.13490746665379624 0.03170339959783073 0.014242507627540542 -0.049670091726247478 -0.027432581660013451 0.0016303581137334464 0.0010134135584518795 0.014563669582463534 -0.04501237239421297 0.0074559893064503821 -0.10942493774226535 0.0050050505978191289 0.0082771360316849472 -0.008726449927609705 -0.0062111938213795142
leaf_weight=0.14688359422143438 144.89333657873794 2810.5870029395446 89.845638280268759 3.241838483605533 1236.0302878306247 3.8644846910610786 12.232068893034009 82.83555713808164 6.9590608999133101 5.0786142998840687 380.07770237419754 26.12948284111917 40.570901993196458 19.373433175496757 10.894351503811775 3.0014434268232426 13.922614777227862 209.28570855467115 14.73111579811666 68.276398480578791 0.90424107667058706 898.19093948183581 125.79572708846536 10.994465956464408 62.398473118897527 2.6216390449553719 21.892974586575292 356.44891419168562 115.17398745799437 923.32959195435978
leaf_count=13 1085 29763 972 33 9393 54 146 857 48 63 3068 213 301 123 129 32 167 2978 256 7070 110 9907 2303 77 502 24 245 2491 786 6791
internal_value=-3.38152e-06 -0.00211015 -0.00164057 0.00175908 0.0010085 0.0123377 0.0112702 0.0076278 -0.000584589 0.0330748 -0.000894457 0.00555608 0.00775485 0.00407255 -0.0161731 -0.0569736 0.000854589 0.00468068 -0.0150984 -0.0253964 0.106868 -0.00115079 0.00321121 -0.0120279 -0.000403917 -0.021254 0.0172236 -0.00125567 0.00412473 -0.00264874
internal_weight=7699.73 3507.28 3437.96 4192.44 3914.69 277.756 273.892 234.688 151.852 39.2037 3257.37 446.778 420.649 1618.3 47.1918 13.8958 33.296 1571.11 180.591 69.3275 1.05112 2296.39 1361.83 165.86 73.3929 92.4673 26.9716 2293.14 471.623 1821.52
internal_count=80000 42369 35176 37631 35133 2498 2444 1990 1133 454 33345 3582 3369 15125 451 161 290 14674 1831 7193 123 20008 11696 1575 579 996 308 19975 3277 16698
is_linear=0
shrinkage=0.06


Tree=147
num_leaves=31
num_cat=0
split_feature=9 5 6 11 11 1 18 28 18 2 21 17 10 18 15 21 21 21 8 12 17 21 2 12 12 10 16 16 1 11
split_gain=7.70189 18.5812 7.01456 8.79411 6.86819 5.85384 6.41472 5.81545 5.5478 11.015 8.24635 6.59883 6.76897 5.8412 5.78672 5.38444 5.82867 5.24831 5.01772 11.609 6.69318 5.72233 5.08458 4.94134 9.02319 9.95751 8.14032 7.06995 5.658 4.78809
threshold=1.0000000180025095e-35 1.0000000180025095e-35 649.50000000000011 37.550000000000004 101.55000000000001 20.035000000000004 0.050065261845220997 1.0000000180025095e-35 0.075828036234244736 1298.3200000000004 6699.0000000000009 1.497793791136049 2050.0000000000005 0.18604260570677825 17.050000000000004 3579.8000000000006 4122.2500000000009 2779.3500000000008 15.500000000000002 26.500000000000004 0.85747024012487982 7746.7500000000009 278.90000000000003 18.500000000000004 15.500000000000002 2950.0000000000005 0.42278641237590925 0.013258417571005971 28.735000000000003 57.45000000000001
decision_type=2 2 2 2 2 2 2 2 2 2 2 2 2 2 2 2 2 2 2 2 2 2 2 2 2 2 2 2 2 2
left_child=2 18 4 5 15 -4 17 -8 9 10 -5 13 -13 -10 -11 -1 -17 -7 23 22 21 -21 -20 24 25 -2 -26 -25 -29 -18
right_child=1 -3 3 8 -6 6 7 -9 11 14 -12 12 -14 -15 -16 16 29 -19 19 20 -22 -23 -24 27 26 -27 -28 28 -30 -31
leaf_value=-0.0010707457034618709 0.017398728575332728 0.020161331956109134 -0.026606557500132917 0.0017050462447141153 0.060491238699251326 -0.010456626271668575 -0.0048218477523972051 -0.020635814869377572 -0.0030411326835614689 -0.034052269095565732 0.015025761652371326 -0.096634156875898075 -0.0061631285497661115 0.0057347425140658725 0.00032303791461398825 0.025890298328075798 0.00049104067249778195 8.5699662624355905e-05 0.10793827730716753 0.0011620969865078648 0.071106788098952073 -0.08418885698250908 0.035211086397260907 -0.094663827477544607 0.015597034557055918 -0.040660345996575128 0.11405198177960048 -0.0035679076237066804 0.020849806189962756 0.017062695466348646
leaf_weight=353.39469798235223 19.597860988462344 219.78275942907203 47.179251070832834 1709.6063915407867 7.8790935511933631 224.92872011102736 180.21161671099253 156.34218138363212 2152.9697920858744 45.012796472059563 185.45388539903797 5.3650431698188168 6.6891507403925061 312.69388119014911 28.979633731301874 63.377632301300764 196.1194284434896 696.13846272311639 4.0071914349682656 88.8567847678205 4.8026866952422997 2.920820197556167 25.37583182041999 2.99967329239007 104.85095301491674 23.251226388849318 3.1129725207574657 690.9472577018314 35.939992238068953 92.310987893724814
leaf_count=2616 162 2138 3465 20709 115 3946 1930 1073 19828 319 1462 40 45 2685 221 572 1902 6564 36 774 46 38 242 25 946 212 26 5888 684 1291
internal_value=-3.38236e-06 0.00435579 -0.000830386 -0.0015263 0.00478271 -0.00585746 -0.00507906 -0.012168 -0.000255422 0.00212189 0.00300863 -0.00214468 -0.0464297 -0.00192818 -0.0205889 0.00416029 0.00941491 -0.00248878 0.000904998 0.0121059 0.00205905 -0.0015542 0.0451295 -0.000697031 0.00919005 -0.0141059 0.0184358 -0.00273995 -0.00236061 0.00579473
internal_weight=7691.1 1226.45 6464.65 5751.57 713.082 1304.8 1257.62 336.554 4446.77 1969.05 1895.06 2477.72 12.0542 2465.66 73.9924 705.203 351.808 921.067 1006.66 125.963 96.5803 91.7776 29.383 880.7 150.813 42.8491 107.964 729.887 726.887 288.43
internal_count=80000 11217 68783 62287 6496 16978 13513 3003 45309 22711 22171 22598 85 22513 540 6381 3765 10510 9079 1136 858 812 278 7943 1346 374 972 6597 6572 3193
is_linear=0
shrinkage=0.06


Tree=148
num_leaves=31
num_cat=0
split_feature=7 4 10 11 11 18 11 13 4 9 10 4 4 18 1 6 11 21 21 6 12 32 12 5 42 4 18 11 21 6
split_gain=7.75201 6.27346 6.89248 8.39501 5.92275 7.30693 9.86658 9.0731 8.47682 7.09748 6.77956 5.72082 5.53246 7.43491 5.69616 5.47126 5.05712 5.9506 5.81825 4.79328 10.6084 6.47721 4.26663 8.77923 7.17956 4.11817 7.67524 11.6199 7.58248 7.43924
threshold=1.5000000000000002 14.975000000000003 3350.0000000000005 13.750000000000002 42.150000000000013 0.037922794147099113 24.150000000000002 7.5000000000000009 26.035000000000004 1.5000000000000002 1650.0000000000002 19.285000000000004 6.9250000000000007 0.01203090949709645 27.485000000000003 754.50000000000011 111.65000000000002 6761.0000000000009 3719.400000000001 694.50000000000011 32.500000000000007 1.0000000180025095e-35 22.500000000000004 1.0000000180025095e-35 1.0000000180025095e-35 20.115000000000006 0.14127952292052295 91.350000000000009 3099.3000000000006 684.50000000000011
decision_type=2 2 2 2 2 2 2 2 2 2 2 2 2 2 2 2 2 2 2 2 2 2 2 2 2 2 2 2 2 2
left_child=1 2 3 -1 5 6 9 8 -7 -3 19 -8 14 -14 -5 16 17 -4 -18 20 -6 -21 24 -24 -12 26 -2 29 -29 -28
right_child=25 4 15 12 10 7 11 -9 -10 -11 22 -13 13 -15 -16 -17 18 -19 -20 21 -22 -23 23 -25 -26 -27 27 28 -30 -31
leaf_value=-0.024107757668675529 0.0018849459027008718 -0.0024187916213482008 -0.013161478755517843 -0.013040199485652168 0.022230988375313329 -0.010861855977351538 0.0018704808791219971 -0.091681407141730287 0.0023545172136470826 -0.046058710796667832 0.0025674948790151801 0.02125265315915497 0.039680928141715921 0.00091553879215341754 0.015017793826017891 -0.052408479456853431 0.061648761837435888 0.0067757047027260106 -0.03223518757203947 0.010184615369732043 0.14591175499635889 -0.052278353748655776 -0.003273416847152016 0.0077328065611441139 0.023134466460640518 0.0069163660797119768 0.011122173286736214 0.065871356096895303 -0.041107902159731889 -0.082387945806146806
leaf_weight=57.012088318821043 982.55045614496339 354.84745587443467 384.50618727371329 183.52289865975035 54.337160331895575 519.86445349047426 104.97459734883159 4.5191375808790317 263.13844553555828 13.943690252373925 1179.3044080737745 114.74882366979728 18.213815678842366 805.5001028397819 30.356402842327952 10.894456073059699 7.3093704180791956 62.678575997590087 3.5211146892979741 77.118302639981266 2.6168306004256001 6.4785492827650151 1287.2891977780382 327.22651168843731 64.441461008042097 737.96519473567605 3.9989067222923103 5.7387571679428202 4.0814941027201712 13.083196129649876
leaf_count=1137 9240 4266 4535 3219 474 5501 1302 52 2338 119 11292 1192 393 9737 234 649 60 510 27 689 20 81 12432 2949 619 6695 43 49 44 102
internal_value=-3.07026e-06 -0.00103673 -0.00429887 -0.00169149 0.000129111 -0.00312994 0.0019278 -0.00690958 -0.00642032 -0.00406878 0.00162456 0.0119927 -0.000459796 0.00177271 -0.00905786 -0.0103854 -0.00938586 -0.010367 0.031126 0.0144896 0.0279137 0.00534389 0.000991939 -0.0010427 0.00363312 0.0035097 0.00101924 -0.0305989 0.0214086 -0.0604973
internal_weight=7685.78 5938.36 1563.52 1094.61 4374.85 1376.04 588.515 787.522 783.003 368.791 2998.81 219.723 1037.59 823.714 213.879 468.91 458.015 447.185 10.8305 140.551 56.954 83.5969 2858.26 1614.52 1243.75 1747.42 1009.45 26.9024 9.82025 17.0821
internal_count=80000 63827 20501 14720 43326 14770 6879 7891 7839 4385 28556 2494 13583 10130 3453 5781 5132 5045 87 1264 494 770 27292 15381 11911 16173 9478 238 93 145
is_linear=0
shrinkage=0.06


Tree=149
num_leaves=31
num_cat=0
split_feature=22 16 3 16 10 18 18 2 15 12 15 6 3 12 11 18 4 15 11 11 4 4 26 13 4 4 6 16 4 12
split_gain=7.13692 7.18827 6.84334 8.76598 8.09588 12.1529 7.71662 7.53453 6.32591 9.20496 7.06516 6.05742 5.77053 8.90865 5.77217 5.34701 4.76145 4.74424 4.48174 6.91407 6.88611 8.21074 4.97367 4.73915 4.35226 4.06193 4.38254 11.5442 6.05563 3.73061
threshold=1.0000000180025095e-35 0.013258417571005971 160150.00000000003 0.10986106256625142 10850.000000000002 0.061537928998748263 0.019530677814035956 900.24000000000012 13.950000000000001 29.500000000000004 17.650000000000002 629.50000000000011 126350.00000000001 29.500000000000004 100.45000000000002 0.014778112794008159 15.575000000000001 30.650000000000002 51.550000000000004 51.250000000000007 26.495000000000001 15.905000000000003 1.0000000180025095e-35 5.5000000000000009 26.385000000000002 32.965000000000011 704.50000000000011 0.080051936472837967 30.755000000000006 29.500000000000004
decision_type=2 2 2 2 2 2 2 2 2 2 2 2 2 2 2 2 2 2 2 2 2 2 2 2 2 2 2 2 2 2
left_child=11 -2 3 6 5 15 17 -8 9 -6 -10 16 14 -14 -5 -4 29 -3 19 22 21 -21 24 -24 -13 26 27 -20 -28 -1
right_child=1 2 4 12 8 -7 7 -9 10 -11 -12 18 13 -15 -16 -17 -18 -19 25 20 -22 -23 23 -25 -26 -27 28 -29 -30 -31
leaf_value=-0.0015151236302667521 -0.055789891869484146 -0.021886236075021645 -0.021042471292028391 -0.00024177596728073271 0.032633938936415544 0.20304899008391153 -0.0031918291740669551 -0.025845748859719637 -0.037125889068592072 -0.07283434799702454 0.0064829898030694293 -0.0007629787342740465 0.060960449050769645 -0.061867996690791939 0.016726464686641591 0.036415199692935489 0.04769339088609393 0.1181272010792664 0.0019862793389895973 -0.076276479259071717 -0.12107344358777211 0.027894130847983378 -0.035381684347445187 0.06448049075993624 0.0094283877171516869 0.030567648406229192 0.0021583118410231127 0.021272976836075593 -0.035571444532359296 0.076239165326002167
leaf_weight=20.400206321151931 8.6883221666794253 103.98989420902217 6.9381333843921302 3212.212371018948 30.443099683965556 1.4631770087871689 1613.8841464271536 54.642807806492783 21.948850937013049 3.3022153613856053 34.23583425488323 1017.8946160450578 11.604820277774705 2.6024965210817745 73.830699852434918 36.527977338293567 18.813124027685262 0.87858467001933505 319.61127962591127 5.0227436209097487 3.0984211927279821 5.9515497137326747 21.263501702109355 1.8604995687492181 177.09883712138981 21.777592560276389 661.60057171201333 171.77099229663145 15.677066031843422 2.4928911193273953
leaf_count=272 150 3509 200 27852 368 22 22492 738 230 49 392 8487 104 22 624 677 535 29 2303 42 26 45 600 35 1520 296 5373 2837 132 39
internal_value=-3.19791e-06 -0.00126014 -0.00116918 -0.00152375 0.0121706 0.032969 -0.00492597 -0.00393373 0.00177965 0.0223131 -0.0105531 0.00265784 0.000304436 0.0384607 0.000139466 0.0272437 0.0253298 -0.0207132 0.00226754 -0.000269024 -0.0420843 -0.0197829 0.000214061 -0.027347 0.000747389 0.00489307 0.00441463 0.00872827 0.00128497 0.00695175
internal_weight=7681.53 5217.19 5208.51 5073.65 134.859 44.9293 1773.4 1668.53 89.93 33.7453 56.1847 2464.33 3300.25 14.2073 3286.04 43.4661 41.7062 104.868 2422.63 1232.19 14.0727 10.9743 1218.12 23.124 1194.99 1190.44 1168.66 491.382 677.278 22.8931
internal_count=80000 57458 57308 55370 1938 899 26768 23230 1039 417 622 22542 28602 126 28476 877 846 3538 21696 10755 113 87 10642 635 10007 10941 10645 5140 5505 311
is_linear=0
shrinkage=0.06


Tree=150
num_leaves=31
num_cat=0
split_feature=20 6 21 6 15 4 13 4 17 16 6 11 11 4 11 3 15 18 11 4 13 3 21 4 18 22 15 15 15 15
split_gain=7.15222 6.15321 6.63144 9.10778 11.4679 9.20334 6.5354 6.1068 6.12915 6.24942 5.60427 6.02558 5.75011 5.74566 5.57407 7.40753 7.97709 6.2695 11.144 7.0514 5.5207 7.02051 8.1008 5.25813 6.46645 9.00987 8.85306 5.15944 5.98656 5.92902
threshold=1.0000000180025095e-35 764.50000000000011 4574.5000000000009 769.50000000000011 8.0500000000000025 19.665000000000003 3.5000000000000004 9.6050000000000022 0.050530222026881462 0.022118193636738427 634.50000000000011 28.250000000000004 85.050000000000011 11.565000000000003 13.750000000000002 176850.00000000003 12.250000000000002 0.047870430709367313 67.250000000000014 15.145000000000001 3.5000000000000004 31850.000000000004 1974.3750000000002 24.005000000000006 0.061108564932693017 1.0000000180025095e-35 18.050000000000004 18.050000000000004 18.950000000000003 8.4500000000000011
decision_type=2 2 2 2 2 2 2 2 2 2 2 2 2 2 2 2 2 2 2 2 2 2 2 2 2 2 2 2 2 2
left_child=1 7 20 5 -5 6 -4 8 -1 -10 11 13 23 -2 15 -9 -17 18 -16 -19 -3 22 -22 24 26 -26 -12 29 -29 -15
right_child=10 2 3 4 -6 -7 -8 14 9 -11 12 -13 -14 27 17 16 -18 19 -20 -21 21 -23 -24 -25 25 -27 -28 28 -30 -31
leaf_value=-0.070326888185347616 -0.074934877444745876 -0.039889082663108581 0.09933122879489456 0.13747568786346601 0.0096876582228436117 -0.089405380295603645 -0.08400961045423018 -0.012071502150392221 0.083150055900101064 -0.0080964417763412753 0.0064296127541739008 0.030643526600741974 0.011703312534001911 -0.055990960962907864 0.0022613788847179175 0.22641367591287592 0.0046204555759982923 -0.0080972405109742979 0.026013676757456465 -0.00018310828999969125 -0.067338146711235836 -0.020574010274237341 0.13047525381857636 0.0063803874469411477 0.0075944505410454289 -0.0083797455149135346 -0.0049937820643474809 -0.15457319480964823 -0.00066811841373246408 0.065567451110098984
leaf_weight=5.6623298679478458 3.9022459993138936 42.877110572648235 2.0936095735523872 2.944001188734549 17.898412762267981 5.8055675606010482 1.0514527860796077 181.42224053654354 2.7220153223024672 370.2809349145391 727.7929602349177 48.341815253021196 205.9877544392366 1.8838207572698573 1018.5281214458519 0.97292940493207369 1.4595461608842013 473.39694246585714 76.447496477165259 2817.3255252750823 1.0401592213893303 11.86047242063796 2.628891110769473 551.88203074736521 164.8411322417669 555.34115717757959 367.59013054345269 1.2477533109486092 3.3598570381291211 6.1939352909103036
leaf_count=140 30 2847 53 52 372 69 22 2446 45 5859 6601 988 1977 20 11950 17 35 4933 718 25514 49 777 58 4945 1607 4382 3363 11 52 68
internal_value=-3.15227e-06 -0.00132885 -0.0170373 0.00599811 0.0277378 -0.0446248 0.038037 -0.00104886 -0.00837108 -0.00743056 0.0025275 0.0199367 0.00208825 -0.0112665 -0.000442086 -0.010677 0.0933322 -1.30255e-05 0.00391968 -0.00132162 -0.0287875 0.00186389 0.074396 0.00125166 -0.00030733 -0.00472344 0.00259613 0.008319 -0.042346 0.0372187
internal_weight=7674.78 5036.42 88.1997 29.793 20.8424 8.95063 3.14506 4948.22 378.665 373.003 2638.36 64.9294 2573.44 16.5876 4569.55 183.855 2.43248 4385.7 1094.98 3290.72 58.4066 15.5295 3.66905 2367.45 1815.57 720.182 1095.38 12.6854 4.60761 8.07776
internal_count=80000 55956 4299 568 424 144 75 51657 6044 5904 24044 1169 22875 181 45613 2498 52 43115 12668 30447 3731 884 107 20898 15953 5989 9964 151 63 88
is_linear=0
shrinkage=0.06


Tree=151
num_leaves=31
num_cat=0
split_feature=17 1 17 16 1 37 15 15 21 2 15 15 17 17 11 32 6 8 1 32 3 11 11 15 13 28 6 11 15 10
split_gain=7.07962 9.63306 8.95504 8.53855 7.59952 6.69282 9.23829 12.3618 11.3458 7.15195 10.5353 7.00801 6.98796 6.43958 6.11493 5.59147 5.40299 5.32958 5.26138 5.80118 5.20287 4.99422 4.87826 6.58611 4.87753 4.81576 7.99898 6.22085 5.83203 5.75134
threshold=0.24971626387090243 19.125000000000004 0.23671188596397777 0.12855330657734679 28.805000000000003 1.0000000180025095e-35 11.250000000000002 10.750000000000002 5779.0000000000009 458.44000000000011 16.150000000000002 18.050000000000004 0.27776877601784172 0.3409003747090798 50.95000000000001 1.0000000180025095e-35 604.50000000000011 19.500000000000004 26.655000000000005 1.0000000180025095e-35 118550.00000000001 25.150000000000002 98.450000000000017 10.050000000000002 7.5000000000000009 1.0000000180025095e-35 714.50000000000011 45.750000000000007 19.250000000000004 7750.0000000000009
decision_type=2 2 2 2 2 2 2 2 2 2 2 2 2 2 2 2 2 2 2 2 2 2 2 2 2 2 2 2 2 2
left_child=1 -1 15 5 22 6 7 8 -2 10 -7 -12 -9 -11 17 16 20 -6 19 -8 -3 -18 24 -24 -5 28 -27 -28 -4 -30
right_child=3 2 25 4 14 9 18 12 -10 13 11 -13 -14 -15 -16 -17 21 -19 -20 -21 -22 -23 23 -25 -26 26 27 -29 29 -31
leaf_value=-0.030642749524440707 -0.0098695106842172815 0.0091397359819598394 -0.014515196341720969 -0.00037088568349722881 0.0085982800929848488 0.027725876108110826 0.0088174043146481158 -0.017576592238962182 0.034016899167594053 0.033950942511642074 -0.063867650582446506 -0.0030372369261483629 -0.095577993854928697 -0.027543372607506767 0.0371871036651873 -0.0090466881101230086 -0.0079979681537466936 -0.1197231093532895 0.025737901599344304 -0.015858723473808057 0.057961756827920145 0.00033129105881374364 -0.018110574628148104 0.02260638874754466 -0.031067994186870156 0.0017699571762517328 0.010123957122985045 -0.11038598667021637 -0.060047597454263781 0.010640612268801823
leaf_weight=41.756968994654017 120.82583413668908 32.275484509766102 71.799797932384536 3179.3176705566002 85.72096790431533 33.086681061075069 357.4442061027512 8.204380083014259 25.721386835211888 83.54426994419191 9.4038377971155551 24.794481465942226 8.3356050581205618 6.6158868605270973 33.01506315683946 279.54189709050115 287.11953540251125 1.1812483295798291 58.436192034045234 37.93791271536611 10.386909506283699 2660.6979240126675 18.1533561674878 67.400777585338801 18.743929643183947 74.873314285650849 2.4169009849429122 4.2603519521653652 22.445323635824028 5.0817295070737591
leaf_count=5471 1115 294 988 26383 1574 332 2826 77 242 793 89 226 68 54 1655 3456 4085 22 944 324 91 27050 158 585 164 502 17 23 332 60
internal_value=-3.5794e-06 -0.0019972 -0.00165058 0.00166306 0.000369259 0.00734978 0.00453177 -0.00771633 -0.00216674 0.0183914 0.00358846 -0.0197644 -0.0568867 0.0294385 0.0152052 -0.000931738 -0.000173174 0.00685403 0.00893333 0.00644967 0.0210263 -0.000479985 -0.000172547 0.0139668 -0.000550802 -0.0146464 -0.00384169 -0.0667662 -0.0235173 -0.0469979
internal_weight=7670.54 3492.66 3450.9 4177.88 3403.53 774.351 616.906 163.087 146.547 157.445 67.285 34.1983 16.54 90.1602 119.917 3270.02 2990.48 86.9022 453.818 395.382 42.6624 2947.82 3283.62 85.5541 3198.06 180.877 81.5506 6.67725 99.3269 27.5271
internal_count=80000 42369 36898 37631 30541 7090 5596 1502 1357 1494 647 315 145 847 3251 34976 31520 1596 4094 3150 385 31135 27290 743 26547 1922 542 40 1380 392
is_linear=0
shrinkage=0.06


Tree=152
num_leaves=31
num_cat=0
split_feature=7 25 4 6 6 36 11 18 4 21 3 2 13 8 38 15 8 11 10 4 15 21 13 8 3 2 21 2 11 18
split_gain=7.42284 5.48671 5.43022 6.4225 5.54475 6.50451 6.39776 9.29369 5.9719 5.19261 5.11017 5.11541 4.71495 4.56877 4.02326 5.32113 6.38767 5.94041 5.75545 5.42494 5.70418 8.08168 5.11168 6.99814 9.21517 7.5002 6.72187 6.53313 6.12959 7.09252
threshold=1.5000000000000002 1.0000000180025095e-35 34.505000000000003 749.50000000000011 624.50000000000011 1.0000000180025095e-35 25.150000000000002 0.038731485181739682 8.4150000000000009 5955.5000000000009 47950.000000000007 1004.6100000000001 1.5000000000000002 5.5000000000000009 1.0000000180025095e-35 16.150000000000002 4.5000000000000009 107.35000000000001 19050.000000000004 2.6750000000000003 16.550000000000004 4062.2500000000005 3.5000000000000004 17.500000000000004 52450.000000000007 582.69000000000017 2077.1000000000004 580.68000000000018 62.250000000000007 0.12633018950338107
decision_type=2 2 2 2 2 2 2 2 2 2 2 2 2 2 2 2 2 2 2 2 2 2 2 2 2 2 2 2 2 2
left_child=1 2 4 10 5 13 8 -8 -6 -7 12 -12 -4 -1 22 16 -16 18 -18 -17 21 -21 23 -2 26 -26 -25 -24 29 -29
right_child=14 -3 3 -5 6 9 7 -9 -10 -11 11 -13 -14 -15 15 19 17 -19 -20 20 -22 -23 27 24 25 -27 -28 28 -30 -31
leaf_value=0.08733378726061844 -0.0040875265124782397 -0.043663515947255968 0.016937803456194712 -0.026832477660677624 -0.035357881265189871 0.014820872585685834 0.0047175579898651879 -0.0020396588951529415 -0.0061316510045058793 0.054544589440797965 0.014198577578090274 -0.035567120313043779 0.065180245335726278 -0.00093342270042578491 0.062015129945447188 -0.048815566380527274 0.0017684544424175544 0.069015500520097667 -0.035298930102130997 0.062114150075255441 0.0097570246248425922 -0.0095629569103583313 -0.00059065038856528766 0.083049817079793004 0.095312117230487284 0.010798955701518254 -0.034139575239789596 0.016969844264014482 0.050401824222117773 -0.091872143068348733
leaf_weight=2.149380669463425 543.44925149844494 10.840210167516487 16.686885309172798 13.627380106830968 26.339710576634388 51.355960808112286 891.14410045862314 4122.4836863745586 566.37250978156226 15.398467942606656 65.004888202762231 8.396122398786245 12.955765704391522 118.44464122783393 6.3074606165755531 5.4464279081439591 535.99615546851419 4.6241486364742732 15.516417076112701 17.419078958453614 422.90220645151567 8.3908181625884009 92.02391783578787 2.1562183247879174 8.5263034917879832 6.7914134084712705 9.6386635722592455 40.189471210120246 21.582203787518665 2.2774498965591183
leaf_count=28 5013 1613 163 143 637 441 11644 39856 7172 226 537 82 140 1145 58 71 4887 50 130 141 4024 79 875 18 81 62 85 374 202 23
internal_value=-3.18779e-06 -0.00101633 -0.000938109 0.0118778 -0.00119619 0.00895763 -0.0015355 -0.000838602 -0.00743044 0.0239841 0.0169972 0.00850603 0.0380229 0.000639788 0.00343811 0.00587505 0.00197436 0.0012934 0.00072559 0.0107058 0.0114283 0.0388119 2.86994e-05 -0.00260331 0.0271466 0.0578415 -0.0127162 0.00965063 0.024365 0.0111328
internal_weight=7664.44 5921.2 5910.36 116.671 5793.69 187.348 5606.34 5013.63 592.712 66.7544 103.044 73.401 29.6427 120.594 1743.24 1016.6 562.444 556.137 551.513 454.159 448.712 25.8099 726.635 570.562 27.1126 15.3177 11.7949 156.073 64.0491 42.4669
internal_count=80000 63827 62214 1065 61149 1840 59309 51500 7809 667 922 619 303 1173 16173 9440 5125 5067 5017 4315 4244 220 6733 5259 246 143 103 1474 599 397
is_linear=0
shrinkage=0.06


Tree=153
num_leaves=31
num_cat=0
split_feature=20 4 6 11 18 18 3 16 4 12 6 11 3 3 8 17 6 16 18 8 12 3 8 3 2 15 3 18 11 6
split_gain=6.74722 5.5287 5.62413 5.98508 7.72938 7.76958 5.8611 6.52734 5.43752 8.77965 5.78958 5.81726 5.69119 7.50308 6.17847 5.22196 11.722 9.56868 5.17993 6.44509 10.809 4.6827 7.60403 7.44454 7.23443 9.39274 6.85066 6.05104 5.27953 5.15649
threshold=1.0000000180025095e-35 11.455000000000002 649.50000000000011 37.550000000000004 0.040267960908808777 0.029809692216296139 23950.000000000004 0.34056634295920668 4.3250000000000011 30.500000000000004 634.50000000000011 85.050000000000011 76750.000000000015 32250.000000000004 14.500000000000002 0.24971626387090243 694.50000000000011 0.046202020271382739 0.20621279207743434 10.500000000000002 26.500000000000004 53050.000000000007 8.5000000000000018 59050.000000000007 1177.6950000000002 13.550000000000002 61050.000000000007 0.046152895201422225 66.65000000000002 649.50000000000011
decision_type=2 2 2 2 2 2 2 2 2 2 2 2 2 2 2 2 2 2 2 2 2 2 2 2 2 2 2 2 2 2
left_child=1 21 18 6 5 -5 -4 -8 9 12 -10 15 13 -2 -15 17 -17 -12 -3 -20 -21 27 24 -24 -23 -26 -25 28 -1 -29
right_child=8 2 3 4 -6 -7 7 -9 10 -11 11 -13 -14 14 -16 16 -18 -19 19 20 -22 22 23 26 25 -27 -28 29 -30 -31
leaf_value=-0.0013996281563414602 -0.048010886832471109 0.006174526344579251 0.01200589247272528 -0.0066289496927878118 -0.00092269656239074766 0.017779660550200131 -0.008393575958393764 0.015121889239621241 0.021157548785826777 -0.079890703132073013 0.0069457297468328407 0.0123677790616234 -0.036884244215988189 0.0047035998453997347 0.070780964118626166 0.015142028080488331 0.00096883104073556127 -0.0046650738438719364 0.019465491848048241 -0.1641288718677183 0.03922773980566141 0.001950941014796502 -0.041232611155741013 0.034199578922656848 -0.012523004542653328 0.18206189273318008 -0.014817878460407021 0.028393969035806065 0.020339073706380037 -0.019968866550319753
leaf_weight=169.46437691466417 7.9040480600669971 493.92384573863819 62.391031159553677 66.495539177965838 2824.1227215214749 159.70043836318655 761.79758778642281 45.004840399837121 60.982261557364836 6.6699437890201798 367.56661622284446 196.13100874121301 16.644992033368908 27.542579282540828 6.2502618212020016 281.9774280792335 823.80414945143275 838.26017679343931 3.2009768881835035 2.7204984645359218 1.4385087816044686 55.390383384714369 37.694408512907103 10.845652321877422 1.6961287737358355 1.8861562008969484 191.52459191440721 8.8474871478974801 52.734424831345677 77.086197467229795
leaf_count=2546 80 4226 578 954 27506 1930 10505 406 1142 68 3238 1913 198 286 57 3643 6037 7382 48 45 33 1037 605 190 15 26 3866 76 570 794
internal_value=-2.8327e-06 -0.0012915 -0.000554154 -0.00131949 -6.79222e-05 0.0106042 -0.00571172 -0.00708184 0.00245732 -0.0146794 0.00289103 0.00244683 -0.00722413 0.0046159 0.0169251 0.00160508 0.00458304 -0.00112581 0.00543 -0.0445346 -0.0937923 -0.00666011 -0.0120088 -0.0167509 0.00729524 0.0899305 -0.0121909 -0.00146926 0.00375962 -0.0149896
internal_weight=7661.7 5027.97 4420.8 3919.51 3050.32 226.196 869.193 806.802 2633.73 65.0118 2568.72 2507.74 58.3419 41.6969 33.7928 2311.61 1105.78 1205.83 501.284 7.35998 4.15901 607.17 299.037 240.065 58.9727 3.58228 202.37 308.132 222.199 85.9337
internal_count=80000 55956 46231 41879 30390 2884 11489 10911 24044 689 23355 22213 621 423 343 20300 9680 10620 4352 126 78 9725 5739 4661 1078 41 4056 3986 3116 870
is_linear=0
shrinkage=0.06


Tree=154
num_leaves=31
num_cat=0
split_feature=22 16 4 17 15 32 3 11 10 15 10 15 11 2 11 3 6 1 11 12 3 43 10 2 10 20 15 10 14 2
split_gain=6.81411 6.60577 6.5316 6.00067 11.4686 7.10269 6.69743 6.50675 5.39237 10.3257 11.1555 6.89647 6.35236 6.11319 5.52601 5.20611 5.17908 5.09684 4.11525 11.0427 9.12147 6.68582 5.69597 5.21396 3.84915 4.09876 6.20347 5.35242 3.29692 4.79475
threshold=1.0000000180025095e-35 0.013258417571005971 19.135000000000002 0.25167468530620707 22.350000000000005 1.0000000180025095e-35 160150.00000000003 1.0000000180025095e-35 5450.0000000000009 25.250000000000004 7650.0000000000009 25.050000000000004 62.750000000000007 1032.9400000000003 65.050000000000011 66650.000000000015 609.50000000000011 21.205000000000002 78.550000000000011 15.500000000000002 39550.000000000007 1.0000000180025095e-35 8350.0000000000018 154.79500000000004 30850.000000000004 1.0000000180025095e-35 27.650000000000002 25250.000000000004 1.0000000180025095e-35 214.68500000000003
decision_type=2 2 2 2 2 2 2 2 2 2 2 2 2 2 2 2 2 2 2 2 2 2 2 2 2 2 2 2 2 2
left_child=16 28 3 4 5 -3 -6 15 12 11 -11 -10 13 -4 -14 -5 -1 -9 24 20 -20 23 -23 -21 25 27 -27 -18 29 -2
right_child=1 2 8 7 6 -7 -8 17 9 10 -12 -13 14 -15 -16 -17 18 -19 19 21 -22 22 -24 -25 -26 26 -28 -29 -30 -31
leaf_value=0.040881056430319397 -0.061043242597611222 -0.0030950267526005529 0.0030869551454685896 -0.053624591233480352 -0.029030579594248089 -0.027031147287526695 0.028268464180054818 -0.0072190618257604068 -0.0031277370898062373 -0.013260911319545958 0.032502429209054634 -0.06950355000588225 0.031611354053649697 -0.0089085640751747353 0.007833083286256811 0.032995930863090994 -6.2878125274782833e-05 0.0010028175961240826 0.05974210467255732 -0.013117698525096515 -0.077738885977389649 -0.072198400446461045 0.030816624637713484 0.015359107907117888 0.049049112093991577 0.0044633656856334861 0.040262378110560069 -0.051269594044042702 -0.12837396040744201 0.063387187579780624
leaf_weight=12.659390732180325 5.3858153682085668 648.22752507068799 1030.5470965058776 13.995581996161492 107.95335286512272 47.928856413811445 7.8797520052758037 352.01169295492582 1220.4582525295555 28.21901126310695 59.837703097844496 5.6613418648485085 40.68713031988591 179.59807672654279 260.16916638228577 3.0405715150991446 1521.9020598370116 1185.7496774084866 2.1694079062435767 25.437757057137787 8.7228732984513027 6.1496467920951527 2.8175909295678139 256.98938100761734 6.1059348899871102 585.84757846419234 17.960125710116699 7.3841522485017768 1.7157310574548317 1.4058540120604446
leaf_count=309 105 12448 10304 176 2207 1367 166 6029 11425 270 531 55 343 1544 2259 38 13430 8146 18 178 88 49 27 2648 45 5528 174 48 20 25
internal_value=-2.80367e-06 -0.00123257 -0.00114601 -0.00347109 -0.00765164 -0.00474298 -0.0251327 -0.00128781 0.000801825 -0.00200894 0.0178369 -0.00343421 0.00324645 0.0013067 0.0110488 -0.0381648 0.00260314 -0.000879267 0.00240467 0.00895764 -0.0503569 0.0111748 -0.0398301 0.0127942 0.00147868 0.00134251 0.0055282 -0.00031013 -0.05406 -0.0352865
internal_weight=7654.62 5200.47 5191.96 2366.79 811.989 696.156 115.833 1554.8 2825.18 1314.18 88.0567 1226.12 1511 1210.15 300.856 17.0362 2454.15 1537.76 2441.49 302.287 10.8923 291.394 8.96724 282.427 2139.2 2133.09 603.808 1529.29 8.5074 6.79167
internal_count=80000 57458 57308 30577 16188 13815 2373 14389 26731 12281 801 11480 14450 11848 2602 214 22542 14175 22233 3008 106 2902 76 2826 19225 19180 5702 13478 150 130
is_linear=0
shrinkage=0.06


Tree=155
num_leaves=31
num_cat=0
split_feature=7 4 10 11 41 10 22 6 11 10 4 3 18 3 21 9 6 4 18 18 4 16 16 27 6 20 21 16 21 18
split_gain=7.00862 5.41969 5.8729 6.62829 5.48679 5.58994 5.15349 8.16841 7.94292 6.1435 6.65687 6.03926 7.90152 6.42423 5.35626 6.19619 5.08293 5.02476 4.49576 7.74361 5.8741 4.11233 9.45908 7.79404 8.03225 5.20121 5.14565 5.37312 5.37605 5.21706
threshold=1.5000000000000002 14.975000000000003 3350.0000000000005 13.750000000000002 1.0000000180025095e-35 2050.0000000000005 1.0000000180025095e-35 629.50000000000011 40.350000000000001 2250.0000000000005 33.455000000000005 160150.00000000003 0.08067241082548017 63150.000000000007 1437.8750000000002 1.0000000180025095e-35 754.50000000000011 6.3850000000000007 0.029411011081526172 0.028609339654998515 8.4150000000000009 0.29961288265335356 0.29410599066078141 1.0000000180025095e-35 709.50000000000011 1.0000000180025095e-35 9346.7500000000018 0.44172210118444211 3888.7500000000005 0.041611061178332638
decision_type=2 2 2 2 2 2 2 2 2 2 2 2 2 2 2 2 2 2 2 2 2 2 2 2 2 2 2 2 2 2
left_child=1 2 3 -1 17 -6 7 -3 9 10 -8 13 -13 -10 -9 -16 18 -5 19 -4 -20 22 -2 26 -25 -26 27 28 -23 -28
right_child=21 6 16 4 5 -7 8 14 11 -11 -12 12 -14 -15 15 -17 -18 -19 20 -21 -22 23 -24 24 25 -27 29 -29 -30 -31
leaf_value=-0.02176144317721812 0.0038701738754481144 0.044916749108450622 0.0092621790851405619 -0.0089254295724409839 -0.047458995181089619 0.018337069525925589 -0.002818488439306893 -0.011272941675155466 0.0026275878901853883 -0.012028156131905143 0.039858075548876215 0.048847666365698171 0.0038056808692473265 -0.0040993912608560407 0.0021587826399835442 0.0154460806740505 -0.05109896835321822 0.0021146444337570326 -0.034254169733707721 0.15335399923641935 -0.0078500484987839951 0.065261867642449997 0.064022692085853428 -0.0016689789817473078 -0.046856400094731174 0.01316544973810751 -0.15621719243018731 0.045293773321438274 -0.0056622674317209033 0.017444625594084859
leaf_weight=55.801393762754742 1584.4068753704196 16.659522029920481 13.188490019296294 180.85217725145048 16.867073888075542 6.416938191629014 396.35176048264839 92.690998429898173 1313.2594136608532 375.0264585869736 13.609944314928724 21.055036887701135 41.968934192846064 836.67899972666055 1106.6018063283991 142.62804963614326 10.426248252711956 827.44362471182831 32.775355677120388 1.4948481292230997 406.86689452786231 4.3899869252927592 9.4674110270570946 53.336082082241774 33.089700594544411 6.1659029731526962 1.2880659159272903 15.654689213028176 31.13450290216133 1.2056898220907895
leaf_count=1137 14837 448 229 2994 218 67 4899 764 11554 4645 120 292 485 9082 9513 1524 649 10304 427 27 4449 52 73 304 171 55 19 196 429 37
internal_value=-2.85943e-06 -0.000988499 -0.00403288 -0.00162002 -0.000530508 -0.029326 9.61464e-05 0.00316164 -0.00129304 -0.00647847 -0.00140171 0.000546344 0.0188533 9.68863e-06 0.00264327 0.00367583 -0.00967827 0.00013445 -0.00872771 0.0239316 -0.00981848 0.00334389 0.00422747 -0.00628465 -0.0168298 -0.0374287 0.011907 0.0160078 0.00310228 -0.0722546
internal_weight=7648.8 5908.66 1552.13 1087.38 1031.58 23.284 4356.53 1358.58 2997.95 784.988 409.962 2212.96 63.024 2149.94 1341.92 1249.23 464.752 1008.3 454.326 14.6833 439.642 1740.14 1593.87 146.265 92.5917 39.2556 53.6729 51.1792 35.5245 2.49376
internal_count=80000 63827 20501 14720 13583 285 43326 12249 31077 9664 5019 21413 777 20636 11801 11037 5781 13298 5132 256 4876 16173 14910 1263 530 226 733 677 481 56
is_linear=0
shrinkage=0.06


Tree=156
num_leaves=31
num_cat=0
split_feature=9 5 1 4 11 17 3 11 15 4 18 15 21 17 6 15 17 11 16 16 18 18 15 15 15 28 3 10 15 1
split_gain=6.57401 17.5316 6.13944 8.02008 9.00916 7.99988 8.3933 7.76617 7.45248 5.48678 10.8394 9.06302 7.2864 7.10415 7.25186 6.60863 6.22856 7.94511 6.76856 5.80236 9.89494 5.24651 4.82872 8.67988 6.38153 6.74733 5.95253 5.09506 4.53754 4.48341
threshold=1.0000000180025095e-35 1.0000000180025095e-35 25.535000000000004 35.945000000000007 114.95000000000002 0.24971626387090243 101850.00000000001 37.850000000000001 14.250000000000002 10.455000000000002 0.0212835343706449 27.050000000000004 3675.3000000000006 0.11037344856657515 634.50000000000011 3.9500000000000006 0.25731936111845821 82.250000000000014 0.09997652785747578 0.12082239843329161 0.019999527788965788 0.14484158769209624 29.950000000000003 25.950000000000003 25.150000000000002 1.0000000180025095e-35 52750.000000000007 4550.0000000000009 20.450000000000003 26.415000000000003
decision_type=2 2 2 2 2 2 2 2 2 2 2 2 2 2 2 2 2 2 2 2 2 2 2 2 2 2 2 2 2 2
left_child=2 22 3 4 5 7 -7 -1 21 10 13 12 -12 14 -4 -15 19 18 -18 28 -21 -6 23 24 -2 -26 -25 -28 -11 -3
right_child=1 29 9 -5 8 6 -8 -9 -10 16 11 -13 -14 15 -16 -17 17 -19 -20 20 -22 -23 -24 26 25 -27 27 -29 -30 -31
leaf_value=-0.019434856194363585 0.00066106058545919067 0.016650623624743115 -0.09688339458963427 0.02788113258618586 -0.056276434397752713 -0.0015653526389816524 0.022972892737343445 -0.0050964950217344427 0.059942309208829085 0.002328042929915574 -0.00078202074793969241 -0.096974001585546837 -0.028003675926734094 -0.068324829523392652 -0.0054856443284037812 0.018384609767971873 0.040369502865760833 0.03301066081021789 0.0042897466466439689 0.071687421288812642 -0.031772068930316977 0.034679180668554042 -0.032676994017315608 0.056197564722535558 -0.066907837466195455 0.018390460763321761 -0.022634485011582311 0.033114023923078439 -0.0053778588003514337 0.045769136217914883
leaf_weight=160.67890520198853 928.36364440596662 196.61874331836589 4.1004583183676031 31.281145055312663 4.371117685921492 2528.4783305039164 51.198156435741112 885.08993654348888 14.993281217291949 1265.6012665140443 68.908967304974794 4.9980408961419007 72.79185154568404 3.291986937634646 13.140220658387987 81.598670748062432 19.177707067225128 38.635988477617502 781.78201156016439 3.6600212082266799 36.678414599271491 4.7792594614438713 15.382728559314272 16.453066575806588 10.090509299887342 4.9892479917034498 10.270502549712548 13.874794106348416 351.4911265829578 21.076416316325776
leaf_count=6705 8424 1525 31 263 46 21185 428 17554 124 8580 473 38 582 25 108 612 173 957 8198 21 268 33 150 144 88 39 107 127 2379 613
internal_value=-2.85037e-06 0.00404048 -0.000768592 -0.0023703 -0.00262959 -0.00287287 -0.00107835 -0.00729954 0.0339005 0.00137853 -0.00711779 -0.0175667 -0.0147658 0.00789069 -0.0272233 0.0150221 0.0022252 0.00643553 0.00515362 9.23917e-05 -0.0223849 -0.00877014 0.00067966 0.0012011 3.21429e-05 -0.0386863 0.0283658 0.0094007 0.000653088 0.0194698
internal_weight=7643.85 1217.12 6426.73 3680.87 3649.59 3625.45 2579.68 1045.77 24.1437 2745.86 248.83 146.699 141.701 102.131 17.2407 84.8907 2497.03 839.596 800.96 1657.43 40.3384 9.15038 999.424 984.042 943.443 15.0798 40.5984 24.1453 1617.09 217.695
internal_count=80000 11217 68783 46338 46075 45872 21613 24259 203 22445 1869 1093 1055 776 139 637 20576 9328 8371 11248 289 79 9079 8929 8551 127 378 234 10959 2138
is_linear=0
shrinkage=0.06


Tree=157
num_leaves=31
num_cat=0
split_feature=7 11 6 5 3 18 18 15 6 21 13 10 43 4 42 8 18 15 14 11 4 11 15 15 18 18 18 18 12 27
split_gain=6.48983 4.94878 6.20867 6.20142 6.70325 7.50471 5.57808 13.1655 5.42519 7.64411 6.72933 7.51692 5.98172 5.12927 7.01181 9.37299 7.35127 6.68694 5.99867 5.60285 4.94345 4.76019 4.95342 4.83021 4.06983 8.15166 4.95027 3.93977 7.4314 9.38463
threshold=1.5000000000000002 58.850000000000001 739.50000000000011 1.0000000180025095e-35 22150.000000000004 0.12765800466683205 0.07239682509859538 8.1500000000000004 664.50000000000011 8854.0000000000018 4.5000000000000009 3350.0000000000005 1.0000000180025095e-35 21.635000000000002 1.0000000180025095e-35 12.500000000000002 0.088048699316916973 29.350000000000005 1.5000000000000002 9.6500000000000004 35.945000000000007 111.65000000000002 13.050000000000002 28.450000000000003 0.094824180170835715 0.10224514131153915 0.049644656551016401 0.1069750027377205 25.500000000000004 1.0000000180025095e-35
decision_type=2 2 2 2 2 2 2 2 2 2 2 2 2 2 2 2 2 2 2 2 2 2 2 2 2 2 2 2 2 2
left_child=1 2 13 6 -5 -6 20 -8 12 21 11 -11 24 17 16 -16 -15 19 -19 -1 -4 23 -23 -10 26 -26 -3 -2 -29 -30
right_child=27 8 3 4 5 -7 7 -9 9 10 -12 -13 -14 14 15 -17 -18 18 -20 -21 -22 22 -24 -25 25 -27 -28 28 29 -31
leaf_value=-0.017443544484113484 0.0046870481211145048 0.011734961969765959 -0.028628218451692364 0.060960200429790085 -0.0080744161664473568 0.054261590991221388 0.056749349284194048 -0.016155124332351011 -0.00077224896525766949 -0.10192519462388651 -0.1494194850429191 -0.0012845936218866404 0.050996668697751137 0.0037247227766027333 0.037833662788751686 -0.0088960600085244649 -0.0062896793773986968 -0.023268077097177525 -0.12386002179371869 -0.0024005918105838241 0.11495545598707732 -0.0083233629209153864 0.037671942961544358 0.018043759188188933 0.04537152276544125 0.007854845449168155 -0.005825287753737661 -0.0083181984493539054 0.02731359375610903 -0.0064914807790488541
leaf_weight=93.903687980782706 1375.1596379602561 93.399320332566276 98.350212961551733 6.1592489839531472 94.611507087829523 7.5042454376816741 10.483023989014326 59.701079491700511 1957.2665548570803 3.6167480279691508 1.8500380249461148 10.225466599687932 10.890354416449552 761.4511491053272 41.316793367499486 24.684134005801752 403.83665053907316 31.590920408256352 2.2888028454035512 1754.9889012511703 0.8708661706186821 13.024658709065987 23.889483509818092 50.379111918853596 23.855688699986786 165.46441055799369 151.59285456943326 244.40064860333223 57.723890809924342 60.600040460005403
leaf_count=1352 12793 722 4817 50 1332 57 207 1299 19511 34 30 157 101 6534 348 198 3355 359 16 19043 21 112 216 482 239 1871 1364 2258 701 421
internal_value=-2.50459e-06 -0.000952122 -0.00244598 -0.0110427 0.000172973 -0.00349349 -0.0182111 -0.00526577 0.00107018 -0.0002277 -0.0419446 -0.0275804 0.00707634 -0.00167942 0.00133175 0.0203569 0.000254179 -0.00364865 -0.0300637 -0.00316461 -0.027368 9.24824e-05 0.0214431 -0.000300087 0.00597504 0.0125822 0.000869275 0.00321985 -0.00234258 0.0100002
internal_weight=7635.08 5897.2 3391.74 277.68 108.275 102.116 169.405 70.1841 2505.45 2060.25 15.6923 13.8422 445.203 3114.06 1231.29 66.0009 1165.29 1882.77 33.8797 1848.89 99.2211 2044.56 36.9141 2007.65 434.312 189.32 244.992 1737.88 362.725 118.324
internal_count=80000 63827 38988 7783 1439 1389 6344 1506 24839 20542 221 191 4297 31205 10435 546 9889 20770 375 20395 4838 20321 328 19993 4196 2110 2086 16173 3380 1122
is_linear=0
shrinkage=0.06


Tree=158
num_leaves=31
num_cat=0
split_feature=32 4 11 4 15 7 18 4 11 2 21 21 12 2 11 15 17 9 3 11 4 7 13 15 10 21 2 2 2 0
split_gain=6.43501 5.99027 6.39735 6.10721 9.16876 7.72545 7.05266 7.27941 6.19419 5.70339 14.3533 7.1514 6.6137 6.16644 7.7946 7.43838 5.51094 5.92759 5.30699 5.24103 5.02083 4.79317 5.94642 5.35782 5.35068 6.6736 6.41986 4.6062 4.33966 6.45455
threshold=1.0000000180025095e-35 28.745000000000001 68.15000000000002 2.0150000000000001 22.950000000000003 1.0000000180025095e-35 0.060213357268915552 13.245000000000003 29.050000000000004 768.83500000000015 3977.7500000000005 7978.5000000000009 14.500000000000002 713.70000000000016 43.050000000000004 12.250000000000002 0.20201646097520096 1.0000000180025095e-35 26950.000000000004 27.450000000000003 33.935000000000009 3.5000000000000004 5.5000000000000009 24.550000000000004 4550.0000000000009 5690.5000000000009 1319.4400000000003 1405.3250000000003 1239.5550000000001 27500.000000000004
decision_type=2 2 2 2 2 2 2 2 2 2 2 2 2 2 2 2 2 2 2 2 2 2 2 2 2 2 2 2 2 2
left_child=1 2 3 4 -1 -6 8 -8 -5 10 12 16 -3 15 -15 -12 17 -11 -18 -14 27 24 23 -23 26 -26 -4 -13 29 -2
right_child=28 9 21 6 5 -7 7 -9 -10 11 13 20 19 14 -16 -17 18 -19 -20 -21 -22 22 -24 -25 25 -27 -28 -29 -30 -31
leaf_value=-0.035103539693223829 -0.0063557827656256774 0.056924610829542512 0.0079390193481390509 -0.0031376173072637167 0.14719566027430417 -0.012758491805361231 -0.01930216945280255 -0.0028915777933820816 0.0030825905853097899 -0.049449620192568849 0.057373867987965635 0.052782492085179149 -0.012397144664655586 0.10800016612133466 0.032098917156334159 0.0079549048819700322 -0.039868282298074105 0.040983344072347341 0.00029373900721606114 0.006857482711583829 -0.024260943260459095 0.0095705513008815021 0.11779771647919123 0.070976617837942527 -0.0024988962721883747 0.0099081339331299617 -0.025356732512447765 -0.010558494076964716 -0.026148081579508122 0.012925136042318252
leaf_weight=34.82558888325002 608.05087690439541 8.6682191235013288 622.94650606351206 860.42321800725767 1.9186474431771774 2.5078329305397347 102.9095897624502 1787.8139538869145 1745.5794107230322 17.996048718458045 15.81863751914352 17.299644942511812 59.960210548364557 8.0558531191200036 12.319436270743607 35.732398653286509 13.052891753148286 3.0518155321478835 127.95147172606084 336.50174605462234 5.9502027956768861 43.030753432074562 2.1960453893989316 5.8053703047335139 827.56368553562788 192.34816656145267 21.569150136318058 5.4305158723145714 34.635138836922124 69.66610923508415
leaf_count=651 6984 78 6117 10570 47 48 1100 17114 19869 131 191 257 554 68 94 476 101 19 1133 2924 97 413 22 46 7858 1823 148 71 317 679
internal_value=-2.47571e-06 0.000556557 -2.04425e-05 -0.00120081 -0.0247651 0.0565733 -0.000995114 -0.00378478 0.00102887 0.00595808 0.00946419 -0.00281134 0.005079 0.0341641 0.0621083 0.0231193 -0.00769898 -0.0363374 -0.00342409 0.00394545 0.0248052 0.00310065 0.0212133 0.0168702 0.00254531 -0.000159018 0.00682475 0.0376495 -0.00543248 -0.0043738
internal_weight=7631.58 6919.23 6251.44 4535.98 39.2521 4.42648 4496.73 1890.72 2606 667.789 477.057 190.733 405.13 71.9263 20.3753 51.551 162.052 21.0479 141.004 396.462 28.6804 1715.46 51.0322 48.8361 1664.43 1019.91 644.516 22.7302 712.352 677.717
internal_count=80000 72020 65826 49399 746 95 48653 18214 30439 6194 4385 1809 3556 829 162 667 1384 150 1234 3478 425 16427 481 459 15946 9681 6265 328 7980 7663
is_linear=0
shrinkage=0.06


Tree=159
num_leaves=31
num_cat=0
split_feature=5 9 1 4 40 10 2 6 3 16 4 4 1 18 19 21 15 7 16 36 3 6 16 8 1 4 15 15 43 16
split_gain=6.46333 15.8723 6.9359 5.56715 6.15444 8.14689 6.01821 5.2045 7.36125 8.75239 5.25475 5.01896 4.77858 5.14093 5.5598 5.23114 5.00796 11.4786 5.04143 4.76883 6.09669 5.65259 4.76407 5.47463 4.29551 4.13993 7.19738 4.00857 3.96621 3.94995
threshold=1.0000000180025095e-35 1.0000000180025095e-35 16.755000000000006 19.215000000000003 1.0000000180025095e-35 16850.000000000004 1165.7500000000002 689.50000000000011 218950.00000000003 0.093078750813975999 3.2450000000000006 12.015000000000002 20.655000000000005 0.051019453717850126 1.0000000180025095e-35 2704.2500000000005 16.350000000000005 3.5000000000000004 0.44172210118444211 1.0000000180025095e-35 196550.00000000003 709.50000000000011 0.015544388381265442 13.500000000000002 26.415000000000003 31.585000000000004 21.150000000000002 22.650000000000002 1.0000000180025095e-35 0.025271717853924947
decision_type=2 2 2 2 2 2 2 2 2 2 2 2 2 2 2 2 2 2 2 2 2 2 2 2 2 2 2 2 2 2
left_child=2 7 -1 12 19 6 -6 8 9 10 -2 -11 16 15 -15 -14 18 -18 -4 21 -21 -5 23 -9 29 27 -27 -24 -26 -3
right_child=1 24 3 4 5 -7 -8 22 -10 11 -12 -13 13 14 -16 -17 17 -19 -20 20 -22 -23 25 -25 28 26 -28 -29 -30 -31
leaf_value=-0.040268671775994774 -0.063386974097458665 -0.02736878177599485 -0.023094876039138516 0.0020187148888008107 -0.015166295864441471 0.044463561642074718 -0.076742168145749912 0.091196155191703709 0.081222392324544465 -0.00037617131217005637 -0.00061457498522166803 0.02075421995026392 -0.0063962218310343799 -0.0076238724277563541 0.00084641603715178632 0.0024723679366949495 -0.0065495640130541792 0.08521629178495832 0.040764069453361002 0.004931232029280347 -0.032620435902468034 -0.0047734054773893525 -0.001114847548988013 -0.018422396954663838 0.049812197294700239 0.0056346214190441434 0.077977340620377047 -0.012936339574728747 -0.093090591139769988 0.017440241743460302
leaf_weight=16.075245832907967 4.8922956371679893 7.3581594503484657 104.13514817191754 1209.6882734745741 79.419020532397553 7.7981718184892079 6.1571109455544493 4.1812299503944805 4.6615474335849276 56.13319400488399 256.81068980833516 144.99690859764814 308.87520286254585 844.72068746667355 416.54092925507575 1065.051624968648 83.676108820480295 5.212865433888509 4.6492443289607754 1145.2767124083475 15.779035659739746 694.25614120956743 779.2533919767011 2.6988477485720068 19.62415750336368 26.808102040085942 6.0723863104358307 119.03799137938768 0.72502475057262827 188.78592671174556
leaf_count=2756 39 55 4298 9952 772 64 46 37 40 501 1903 2198 4875 7466 3225 9350 3434 111 97 10618 166 7805 6746 25 596 256 55 1027 17 1470
internal_value=-2.407e-06 0.00335841 -0.000909864 -0.00080426 0.00092791 -0.0142466 -0.0195966 0.00102904 0.00620086 0.00544526 -0.00178805 0.014857 -0.00273547 -0.00206054 -0.0048265 0.000478603 -0.0117329 -0.00116798 -0.0203657 0.0013902 0.0044209 -0.00045797 -0.00154843 0.0481961 0.0184815 -0.00191598 0.0189949 -0.00268138 0.0447207 0.0157593
internal_weight=7629.35 1622.04 6007.31 5991.24 3158.37 93.3743 85.5761 1405.55 467.495 462.833 261.703 201.13 2832.86 2635.19 1261.26 1373.93 197.673 88.889 108.784 3065 1161.06 1903.94 938.052 6.88008 216.493 931.172 32.8805 898.291 20.3492 196.144
internal_count=80000 14965 65035 62279 29423 882 818 12827 4681 4641 1942 2699 32856 24916 10691 14225 7940 3545 4395 28541 10784 17757 8146 62 2138 8084 311 7773 613 1525
is_linear=0
shrinkage=0.06


Tree=160
num_leaves=31
num_cat=0
split_feature=22 18 16 32 4 15 6 4 4 6 12 8 10 11 10 7 12 7 16 4 21 11 39 14 21 10 15 13 18 16
split_gain=6.10112 6.08475 5.84512 5.27663 6.65614 6.39109 5.54651 6.14691 5.76861 4.57051 3.72259 5.912 7.86133 6.74061 4.7092 4.33231 5.33601 5.38383 4.87133 4.1353 4.07383 4.26272 3.39011 3.1363 4.32912 2.65779 2.46997 1.8938 1.8021 1.54838
threshold=1.0000000180025095e-35 0.0060411234603431315 0.013258417571005971 1.0000000180025095e-35 7.6350000000000007 31.750000000000004 654.50000000000011 18.815000000000001 31.015000000000004 609.50000000000011 14.500000000000002 3.5000000000000004 3650.0000000000005 75.65000000000002 3050.0000000000005 1.5000000000000002 32.500000000000007 3.5000000000000004 0.056843321800415146 20.665000000000003 1094.7500000000002 77.15000000000002 1.0000000180025095e-35 1.0000000180025095e-35 1541.75 550.00000000000011 5.7500000000000009 1.0000000180025095e-35 0.0060411234603431315 0.070439880953158077
decision_type=2 2 2 2 2 2 2 2 2 2 2 2 2 2 2 2 2 2 2 2 2 2 2 2 2 2 2 2 2 2
left_child=9 22 23 6 25 -6 8 -8 -4 28 11 19 14 -14 -13 20 18 -18 -17 -11 -12 -22 26 24 27 -5 29 -3 -1 -2
right_child=1 2 3 4 5 -7 7 -9 -10 10 15 12 13 -15 -16 16 17 -19 -20 -21 21 -23 -24 -25 -26 -27 -28 -29 -30 -31
leaf_value=-0.029394049157035272 0.096295642033178197 -0.021765813674042903 0.0036433286638122573 -0.003859944749598877 -0.0065375544000154627 0.066503199929658779 -0.0039929674530135234 0.00077940760179298217 0.036638286113326542 0.099319821007158804 -0.049621273398234876 -0.0084221949582855976 -0.027753585729689927 -0.10598287616361898 0.059507395537685866 -0.0014670362446419262 0.052643270206579315 -0.034050856884170679 0.011634036372439451 -0.0097074831504911398 0.00043626589400976934 0.0086853576614448688 0.047382334385365724 -0.12885703555564251 0.060750583380682344 -0.062730396954333953 -0.044737532391817839 -0.093549924838479501 0.047092589322303917 -0.02417817441451154
leaf_weight=1.2351873666048039 0.7459403023822293 2.5858524978975748 682.06919397087768 3.7346258630859657 435.75715834915172 4.3557842902373514 1671.0483316925529 2321.281806829269 19.624461594969034 2.718067603185772 5.615370344836264 24.563093921402473 17.474640900734816 5.1290101280901572 4.3201010720804325 166.62209757743403 16.198568954365332 3.0670480765402308 264.15038378955796 2.3225266989320517 1657.7555251282756 261.02514214336406 1.7774512716568995 1.5376850979519074 1.3821133398450909 10.587028829206245 19.377975564479129 2.7092561039316934 10.850469759549012 0.79164703923743218
leaf_count=6 25 45 5637 122 5190 48 23227 21839 302 25 182 222 176 53 40 1304 148 28 2857 17 14665 2516 39 18 16 267 599 66 303 18
internal_value=-2.4131e-06 -0.00116825 -0.00103182 -0.000951132 -0.00712458 -0.00581467 -0.000353472 -0.00121814 0.00456611 0.00246921 0.00228623 -0.012931 -0.0190023 -0.0455046 0.00173813 0.0026485 0.00794823 0.0388417 0.00656656 0.0490839 0.00140911 0.00155845 -0.0321691 -0.0516027 -0.0338119 -0.0473789 -0.0389295 -0.0584943 0.0392754 0.0342681
internal_weight=7622.41 5179.37 5156.67 5148.46 454.435 440.113 4694.02 3992.33 701.694 2443.05 2430.96 56.5274 51.4868 22.6037 28.8832 2374.43 450.038 19.2656 430.772 5.04059 1924.4 1918.78 22.693 8.21491 6.67722 14.3217 20.9156 5.29511 12.0857 1.53759
internal_count=80000 57458 56777 56632 5627 5238 51005 45066 5939 22542 22233 533 491 229 262 21700 4337 176 4161 42 17363 17181 681 145 127 389 642 111 309 43
is_linear=0
shrinkage=0.06


Tree=161
num_leaves=31
num_cat=0
split_feature=20 1 6 17 11 34 8 12 10 10 13 4 10 11 21 21 11 7 4 18 10 12 21 11 15 18 12 1 15 11
split_gain=6.1287 5.38824 5.29748 6.12094 6.25052 5.97623 5.33777 9.26626 5.51764 6.12861 5.70975 5.30692 6.18967 4.69328 7.28954 5.92472 5.45518 5.38335 4.8078 8.60179 4.91464 6.58181 5.2506 4.52188 4.51381 4.5005 5.29106 5.64742 4.60604 5.29493
threshold=1.0000000180025095e-35 14.625000000000002 764.50000000000011 0.42979019077726605 83.850000000000009 1.0000000180025095e-35 19.500000000000004 34.500000000000007 1650.0000000000002 1250.0000000000002 1.0000000180025095e-35 9.6050000000000022 950.00000000000011 60.45000000000001 2251.1000000000008 2265.3000000000006 109.35000000000001 1.0000000180025095e-35 4.3250000000000011 0.016128725147502868 2550.0000000000005 11.500000000000002 5519.0000000000009 37.250000000000007 20.050000000000004 0.18157458864691592 23.500000000000004 18.075000000000003 4.3500000000000005 44.850000000000001
decision_type=2 2 2 2 2 2 2 2 2 2 2 2 2 2 2 2 2 2 2 2 2 2 2 2 2 2 2 2 2 2
left_child=2 -2 6 25 -5 -6 7 11 9 10 -8 12 -1 18 16 -16 -15 -17 19 -3 22 -22 -20 -13 -10 28 -27 -28 29 -4
right_child=1 13 3 4 5 -7 8 -9 24 -11 -12 23 -14 14 15 17 -18 -19 20 -21 21 -23 -24 -25 -26 26 27 -29 -30 -31
leaf_value=0.0015843421031071043 -0.063685206120125473 -0.0071449627430593609 0.14539923921810674 -0.0091873054088169297 0.087211489837837691 -0.042183961725252378 -0.070075118971369352 0.024563174584635729 -0.016652659917695472 0.079153858423645015 0.029727469416077443 -0.0039387508281367827 -0.014321886503580215 -0.0048725501244465536 0.081754503725220987 0.0036310256890499577 0.05347911797884599 0.014308893529233358 0.0021072915242700712 -0.081947694999045237 -0.089684253626262617 -0.001684053160513146 0.014508602389737144 0.0006148522861567715 -0.057974479504136069 -0.035525831459989131 0.20498036723199464 0.022144297980834247 -0.040507507177169708 -0.035909668277638383
leaf_weight=147.00393445885857 4.4405423724092534 30.48297068302054 1.0571568839077365 28.87043788540177 5.1078933717217287 1.716869486030191 3.4434803894837369 51.561831077677198 45.411035044526216 4.0645268470980218 5.1500156706897542 1020.0861999476328 219.68963673146209 222.56188777938951 4.0071079903282216 366.47633850597776 5.9211808126419774 317.00587121257558 621.77886607998516 6.7618365902453652 3.0703999707475296 878.92497107252711 153.18733916757628 3407.6933207590482 12.03987734968541 3.0086345692398018 0.87947048363275859 1.9715498252771793 42.183309231273597 1.284328465524595
leaf_count=2545 301 343 59 872 58 29 55 552 440 49 63 12100 3348 1989 31 3375 51 3172 5630 69 23 7702 1358 32366 139 73 32 32 3064 80
internal_value=-2.29939e-06 0.0023518 -0.00123277 -0.0159887 0.00302004 0.0546602 -0.000974398 -0.000736598 -0.0174115 0.0184482 -0.0102642 -0.00100868 -0.00794523 0.00246415 0.00592431 0.00901001 -0.00336036 0.00858353 0.000593413 -0.0207255 0.00107261 -0.0019904 0.00455865 -0.000434222 -0.0253124 -0.0294556 0.0199753 0.0785448 -0.0359609 0.0459495
internal_weight=7616.84 2614.62 5002.22 86.0797 35.6952 6.82476 4916.14 4846.03 70.1089 12.658 8.5935 4794.47 366.694 2610.18 915.972 687.489 228.483 683.482 1694.21 37.2448 1656.96 881.995 774.966 4427.78 57.4509 50.3844 5.85965 2.85102 44.5248 2.34149
internal_count=80000 24044 55956 4299 959 87 51657 50911 746 167 118 50359 5893 23743 8618 6578 2040 6547 15125 412 14713 7725 6988 44466 579 3340 137 64 3203 139
is_linear=0
shrinkage=0.06


Tree=162
num_leaves=31
num_cat=0
split_feature=17 1 17 16 6 20 11 4 16 10 18 11 3 1 8 16 10 20 1 1 21 15 6 29 3 7 11 13 37 11
split_gain=5.99938 8.56995 8.33632 7.87666 5.82218 10.968 8.60737 7.88408 8.2333 7.34858 6.99122 8.83871 7.64071 6.89924 6.85196 6.54965 5.54202 5.50664 7.02076 7.84582 5.05465 9.76643 4.93907 4.68638 9.49933 8.51565 11.069 5.38323 5.0669 4.63424
threshold=0.24971626387090243 18.465000000000003 0.23671188596397777 0.11076421030909099 694.50000000000011 1.0000000180025095e-35 60.750000000000007 24.005000000000006 0.26501454728302182 550.00000000000011 0.060735121995426668 38.550000000000004 101850.00000000001 27.315000000000001 7.5000000000000009 0.25372185206700543 15850.000000000002 1.0000000180025095e-35 25.365000000000006 24.335000000000004 2355.3000000000006 24.050000000000004 729.50000000000011 1.0000000180025095e-35 182450.00000000003 1.0000000180025095e-35 42.45000000000001 4.5000000000000009 1.0000000180025095e-35 64.550000000000011
decision_type=2 2 2 2 2 2 2 2 2 2 2 2 2 2 2 2 2 2 2 2 2 2 2 2 2 2 2 2 2 2
left_child=1 -1 23 16 5 20 13 10 15 -8 11 -6 -12 -7 -10 -9 17 18 19 -2 21 -5 29 25 -25 26 -3 -27 -26 -4
right_child=3 2 22 4 7 6 9 8 14 -11 12 -13 -14 -15 -16 -17 -18 -19 -20 -21 -22 -23 -24 24 28 27 -28 -29 -30 -31
leaf_value=-0.036182445211111178 0.0063001065728513651 -0.01590869242608374 -0.018357280441747448 0.03328884110408642 -0.0069829923109230628 0.0040969487879543263 -0.039993676554285727 0.0069934483855927749 0.026489192623063637 0.035192750572377467 -0.007984915359847345 0.0058336173241602205 0.036176987817995214 0.036597443670017465 -0.012326099061236174 0.044294109661248734 0.084458258486606944 0.025543530258882275 0.019706331828704741 -0.02681361905129041 0.00052062008585221668 -0.066757455334167687 -0.045671929636976971 0.005230350465750387 -0.015021027928032621 0.0025174088258052732 -0.0024769689951268745 -0.0088947101278724922 -0.071835361615692317 0.0028353794811622579
leaf_weight=25.971679677662905 89.346015428367537 291.82408852508524 107.23921100154985 33.665565030649304 325.3330438802368 205.51968702394515 4.9876341987401238 469.8483799113892 18.639389312826097 75.823441558517516 809.74207164871041 478.7740805731155 14.353960197418926 26.551690699532628 134.61426431615837 17.580916998907924 3.6874562650918952 65.384598502889276 77.646092122653499 36.193424811586738 1256.254340417916 3.9218670772388569 16.273328704410233 624.46870837104507 22.380199852399532 1234.0370932612568 908.50140070298221 169.20664153480902 7.5599516676738849 56.831163955852389
leaf_count=4107 766 5675 1134 279 4167 1629 31 3600 124 1598 6406 5041 104 1184 985 134 54 758 736 184 9820 31 394 4697 158 13256 10635 1790 50 473
internal_value=-2.79807e-06 -0.00184593 -0.00158656 0.00153658 0.000843585 0.00360709 0.0136879 -0.0011134 0.00452496 0.0305523 -0.00333205 0.000648156 -0.00721571 0.00781539 -0.00760521 0.00833883 0.0114014 0.0103983 0.00552467 -0.00324669 0.00116931 0.02285 -0.0141436 -0.000891471 0.00364748 -0.00203234 -0.0057425 0.00114131 -0.0293668 -0.0110165
internal_weight=7612.16 3464.29 3438.32 4147.87 3875.61 1606.72 312.882 2268.89 640.683 80.8111 1628.2 804.107 824.096 232.071 153.254 487.429 272.258 268.57 203.186 125.539 1293.84 37.5874 180.344 3257.98 654.409 2603.57 1200.33 1403.24 29.9402 164.07
internal_count=80000 42369 38262 37631 35133 14572 4442 20561 4843 1629 15718 9208 6510 2813 1109 3734 2498 2444 1686 950 10130 310 2001 36261 4905 31356 16310 15046 208 1607
is_linear=0
shrinkage=0.06


Tree=163
num_leaves=31
num_cat=0
split_feature=7 1 5 9 3 18 1 21 1 13 15 15 18 3 4 18 12 27 13 4 4 21 4 16 7 21 4 12 8 1
split_gain=5.71707 5.30124 4.15988 10.9791 5.84867 7.19788 5.26589 5.21341 4.85515 5.53347 4.04675 4.01004 5.35605 4.23613 3.84338 3.69925 6.49591 8.33482 13.6746 9.86213 7.88895 7.87122 5.70518 7.1573 7.28308 6.84504 6.47433 6.26953 5.46027 5.20535
threshold=1.5000000000000002 15.725000000000003 1.0000000180025095e-35 1.0000000180025095e-35 218950.00000000003 0.071426715575716698 20.385000000000002 8698.7500000000018 26.215000000000003 6.5000000000000009 36.750000000000007 11.350000000000003 0.16231933433084419 46150.000000000007 6.1050000000000013 0.1069750027377205 25.500000000000004 1.0000000180025095e-35 2.5000000000000004 18.065000000000001 16.085000000000004 2511.8000000000006 20.115000000000006 0.34056634295920668 2.5000000000000004 1067.2500000000002 24.875000000000004 29.500000000000004 9.5000000000000018 28.665000000000003
decision_type=2 2 2 2 2 2 2 2 2 2 2 2 2 2 2 2 2 2 2 2 2 2 2 2 2 2 2 2 2 2
left_child=1 -1 6 4 7 -6 11 -4 9 -5 14 13 -13 -3 -8 22 29 20 21 -20 -18 -19 -2 25 26 -24 -25 -27 -22 -17
right_child=15 2 3 8 5 -7 10 -9 -10 -11 -12 12 -14 -15 -16 16 17 18 19 -21 28 -23 23 24 -26 27 -28 -29 -30 -31
leaf_value=-0.050176707920411352 0.0016879235892979768 -0.043870051188753492 -0.00083779848922065482 0.013984879701777326 0.08475270546480794 -0.024040158469753773 -0.011852365600702457 0.042251588176630737 0.043491582880142043 -0.069528656071058847 -0.078477187688185637 -0.010561568473586311 0.02483344016326313 -0.0091258077216380129 -0.00091104649118139416 -0.0094999922940172763 -0.058695723890230179 0.051337389470191445 0.040950927499614362 -0.058616158653642302 0.11056649948429646 -0.0058292169608290291 -0.070036378959753565 -0.01524582327245127 0.012943566779298282 0.015107311480278064 -0.093739246585063857 -0.0078776668842302049 0.026903671152098203 0.041867968058159885
leaf_weight=7.8477837716345666 907.67906987044262 24.394848110794555 1094.3350585505832 154.50820892769843 6.2377325836569053 3.3732376229017973 118.80509329319466 10.202669066027736 20.488252148032188 2.9099787436425677 2.4414111569058141 125.71760003347299 17.537940891110338 26.201664943655487 4255.5817834797781 236.53181699791458 3.7292955950833848 14.524588841944931 4.3565056994557407 20.126401014626026 2.9743010159581891 21.514328388031572 3.6454671302344641 9.4953384483233112 13.987495226319878 380.91191094845999 6.2881596130318931 48.118617612868547 50.333608378074132 7.3216117492411277
leaf_count=1440 8640 775 9601 1138 54 35 1573 294 529 21 23 6802 322 1749 39471 1968 43 88 26 139 41 168 76 86 105 3408 52 426 617 290
internal_value=-2.51472e-06 -0.000896121 -0.000830154 0.00217586 -3.42699e-05 0.0465688 -0.00167991 -0.00043978 0.0160169 0.0124411 -0.00125131 -0.0113569 -0.00622836 -0.0258776 -0.0012082 0.00302715 -0.00237256 0.0092127 -0.00629668 -0.0408991 0.0256696 0.0172104 0.00445149 0.00987576 -0.0185806 0.0118337 -0.0465177 0.0125294 0.0315716 -0.00795769
internal_weight=7602.12 5870.58 5862.74 1292.06 1114.15 9.61097 4570.68 1104.54 177.906 157.418 4376.83 193.852 143.256 50.5965 4374.39 1731.54 361.412 117.559 60.5218 24.4829 57.0372 36.0389 1370.13 462.447 29.771 432.676 15.7835 429.031 53.3079 243.853
internal_count=80000 63827 62387 11672 9984 89 50715 9895 1688 1159 41067 9648 7124 2524 41044 16173 3380 1122 421 165 701 256 12793 4153 243 3910 138 3834 658 2258
is_linear=0
shrinkage=0.06


Tree=164
num_leaves=31
num_cat=0
split_feature=32 20 6 11 11 11 1 21 1 16 12 8 12 21 10 12 10 6 21 21 1 8 12 2 0 6 6 3 6 18
split_gain=5.67142 4.80016 4.97021 6.05963 5.59611 4.90641 4.59545 4.33957 10.6864 4.38967 4.23174 7.00093 4.85607 5.42893 5.08019 4.73816 4.90222 4.48006 4.97258 4.22843 3.88452 3.85795 4.38151 4.04283 6.01336 9.22743 6.49174 5.29411 4.35807 5.75334
threshold=1.0000000180025095e-35 1.0000000180025095e-35 669.50000000000011 93.950000000000017 90.750000000000014 2.2500000000000004 14.625000000000002 1437.8750000000002 27.055000000000003 0.015544388381265442 37.500000000000007 19.500000000000004 38.500000000000007 3141.3000000000006 2450.0000000000005 35.500000000000007 5550.0000000000009 764.50000000000011 4689.5000000000009 2027.6250000000002 17.855000000000004 4.5000000000000009 17.500000000000004 1239.5550000000001 27500.000000000004 729.50000000000011 679.50000000000011 27850.000000000004 704.50000000000011 0.01567361269031944
decision_type=2 2 2 2 2 2 2 2 2 2 2 2 2 2 2 2 2 2 2 2 2 2 2 2 2 2 2 2 2 2
left_child=1 10 3 4 5 -3 -4 8 -8 -9 11 17 13 -12 -14 16 -13 20 -19 -6 -1 22 -2 24 28 26 -26 -27 -23 -30
right_child=21 2 6 -5 19 -7 7 9 -10 -11 12 15 14 -15 -16 -17 -18 18 -20 -21 -22 23 -24 -25 25 27 -28 -29 29 -31
leaf_value=-0.044502292626343608 0.01193911354958733 -0.030347386494406593 -0.063518589665673905 0.063398759889449638 -0.20853927735504119 0.0099597979616866169 -0.0038464374323001274 0.057401041710021444 -0.067911607950496305 0.002322709126779776 0.022455259639020068 -0.0014195908403345577 0.067462451836511547 0.13340505653264637 -0.030003171993730378 -0.062691538557911791 -0.041568836038605582 -0.025457437251438991 0.0066272356805927189 -0.033316395957125162 -0.00012294256162773018 -0.002789106100635153 0.11685746057813146 -0.025931198852320987 -0.0079366256528517493 0.072970832345369135 0.037308130179084097 -0.044064570919516204 0.041173766272347638 -0.015412228861592148
leaf_weight=7.1118182075733776 6.2245318709174153 11.226253946078939 3.9005414510029359 7.2683304809033862 0.68552779033780042 344.33281031809747 139.92775869520847 5.22423899360001 10.046242337673901 1812.5833566202782 3.6753650996834031 34.178924909239868 2.8591510988189821 2.795113434898667 5.8938472562585957 8.5097030481556413 16.107771262468304 51.860768249898683 26.162033469503513 1.7913382691331206 4393.2441125009791 393.12330702785403 1.8614380602957679 33.495083214947954 16.3844862843398 1.5661393566988397 37.650143081089482 12.473089055391027 6.6860505400109096 198.81667966532405
leaf_count=1135 70 91 280 193 5 4127 1460 37 84 15342 44 385 39 31 61 96 172 3355 464 56 44563 3450 18 312 148 20 326 174 295 3167
internal_value=-2.33202e-06 0.000523285 0.00273374 0.00916212 0.00806108 0.00868716 0.00154272 0.00167168 -0.00813794 0.002481 -0.000611456 -0.000717419 0.0309696 0.0703833 0.0018338 -0.0212868 -0.0142801 -0.000447365 -0.014699 -0.0818132 -0.000194668 -0.00511496 0.0360919 -0.00559083 -0.00456892 0.012329 0.0235889 -0.0310087 -0.0064905 -0.0135712
internal_weight=7597.67 6889.39 2336.99 365.304 358.036 355.559 1971.68 1967.78 149.974 1817.81 4552.4 4537.18 15.2235 6.47048 8.753 58.7964 50.2867 4478.38 78.0228 2.47687 4400.36 708.281 8.08597 700.195 666.7 68.0739 54.0346 14.0392 598.626 205.503
internal_count=80000 72020 21675 4472 4279 4218 17203 16923 1544 15379 50345 50170 175 75 100 653 557 49517 3819 61 45698 7980 88 7892 7580 668 474 194 6912 3462
is_linear=0
shrinkage=0.06


Tree=165
num_leaves=31
num_cat=0
split_feature=11 18 4 35 8 3 16 17 8 7 3 14 4 16 11 6 4 18 4 10 18 10 8 0 11 18 1 18 16 11
split_gain=5.78613 5.25295 10.2488 7.48065 7.92323 8.6951 6.69995 9.1778 12.1098 7.62187 11.3573 7.31202 6.38724 6.19874 5.24284 4.96485 4.95131 6.55676 4.81659 9.88097 7.57962 7.33561 6.42811 6.17925 5.81444 7.42232 5.96139 4.80131 10.3712 5.09341
threshold=52.750000000000007 0.051019453717850126 9.4450000000000021 1.0000000180025095e-35 8.5000000000000018 69350.000000000015 0.16666927910346777 0.24971626387090243 16.500000000000004 1.0000000180025095e-35 60750.000000000007 1.0000000180025095e-35 16.905000000000005 0.031488209991563716 67.550000000000011 789.50000000000011 39.015000000000008 0.14308201382727118 13.445000000000002 9550.0000000000018 0.020872568227677097 3650.0000000000005 6.5000000000000009 11000.000000000002 29.450000000000003 0.037922794147099113 29.425000000000004 0.089463564938056156 0.37015641049188797 59.850000000000001
decision_type=2 2 2 2 2 2 2 2 2 2 2 2 2 2 2 2 2 2 2 2 2 2 2 2 2 2 2 2 2 2
left_child=15 2 3 4 13 -6 7 14 -9 10 -8 -11 -3 -2 -4 18 27 -18 19 20 23 24 -22 -1 26 -26 -20 28 -14 -29
right_child=1 12 6 -5 5 -7 9 8 -10 11 -12 -13 16 -15 -16 -17 17 -19 21 -21 22 -23 -24 -25 25 -27 -28 29 -30 -31
leaf_value=-0.014769356841979503 0.113920115922214 -0.0037092652989917257 0.0017215870463036548 -0.016429587622717637 0.0079981556346593943 -0.022227005245797814 0.022873933974510315 0.0366023895392538 -0.042588091462601944 -0.019648232970665629 -0.048958633707624197 0.040281833572682731 0.008243523439247849 0.021643252718425425 0.022792237115072545 -0.039742040778053128 -0.047404368564697846 0.063447010984816796 -0.0038434741900022513 0.1179222859521422 0.019677547224879546 -0.004377736180592234 -0.013693381849090875 0.0057106777135964432 0.012858320532318536 0.0015575887846590679 0.012309657419488461 -0.0065652461427790744 -0.02977932588877363 0.0019432999488471067
leaf_weight=69.579369662358658 2.8259964939788906 910.26672202383634 121.22916751651792 94.781082112516742 104.28255076723872 51.031629192701075 68.418884077575058 100.18755402555689 7.470092669595032 62.817980690626428 8.9617010527290386 8.2971412794431654 586.50050357735017 36.078122673439793 65.471447937481571 12.324407286272615 2.4113521275576195 9.4447745120851305 717.45605004299432 2.3054692707373752 21.987181423930451 1111.7140090196044 378.53657599919825 223.07637267836253 294.05954504298279 725.32073650229722 92.900411617243662 310.90657100122189 27.014676106162369 1366.4921821940225
leaf_count=1673 36 9170 1639 1182 1211 800 566 902 57 528 70 71 5588 423 743 897 29 104 7968 41 283 11368 4858 3261 3166 6646 814 2884 239 12783
internal_value=-2.32339e-06 0.00159058 0.00617814 -0.00261122 0.00413233 -0.00193294 0.0119139 0.0171557 0.0311076 0.0015234 0.0145548 -0.0126561 0.000545649 0.0283462 0.00911056 -0.00172427 0.00222758 0.0409016 -0.00159544 -0.0060859 -0.00649834 -0.000533709 -0.0118614 0.000841517 0.00180185 0.0048175 -0.00199166 0.00202743 0.00656928 0.000366237
internal_weight=7594.15 3944.89 731.853 288.999 194.218 155.314 442.854 294.358 107.658 148.496 77.3806 71.1151 3213.04 38.9041 186.701 3649.26 2302.77 11.8561 3636.94 695.485 693.179 2941.45 400.524 292.656 1829.74 1019.38 810.356 2290.91 613.515 1677.4
internal_count=80000 39025 8228 3652 2470 2011 4576 3341 959 1235 636 599 30797 459 2382 40975 21627 133 40078 10116 10075 29962 5141 4934 18594 9812 8782 21494 5827 15667
is_linear=0
shrinkage=0.06


Tree=166
num_leaves=31
num_cat=0
split_feature=22 18 16 4 11 36 4 18 2 15 6 4 21 39 1 30 11 18 1 12 4 10 1 8 12 12 16 39 11 10
split_gain=5.76314 5.48959 5.13483 4.75645 6.31264 7.19235 5.94443 5.55475 9.94822 7.84902 4.21944 4.09979 3.34585 4.98387 4.62228 3.77459 3.75385 6.54766 5.09313 4.17223 4.14119 4.27974 3.80917 3.50004 3.32891 4.28881 5.57391 3.03876 2.9705 6.41565
threshold=1.0000000180025095e-35 0.0060411234603431315 0.013258417571005971 20.435000000000006 1.0000000180025095e-35 1.0000000180025095e-35 20.355000000000004 0.088048699316916973 1319.4400000000003 5.5500000000000007 629.50000000000011 16.985000000000003 9052.5000000000018 1.0000000180025095e-35 26.075000000000003 1.0000000180025095e-35 51.550000000000004 0.15984401169890516 18.815000000000001 23.500000000000004 32.965000000000011 550.00000000000011 28.065000000000001 17.500000000000004 29.500000000000004 20.500000000000004 0.030694431975589159 1.0000000180025095e-35 40.050000000000004 1850.0000000000002
decision_type=2 2 2 2 2 2 2 2 2 2 2 2 2 2 2 2 2 2 2 2 2 2 2 2 2 2 2 2 2 2
left_child=10 27 -3 4 5 -4 -6 8 -5 -9 11 24 16 14 -14 -15 17 18 -12 -19 21 -18 -22 -16 25 -1 -27 -2 -13 -30
right_child=1 2 3 7 6 -7 -8 9 -10 -11 12 28 13 15 23 -17 20 19 -20 -21 22 -23 -24 -25 -26 26 -28 -29 29 -31
leaf_value=0.035757652608938977 -0.037480726556412353 -0.048794990881375219 -0.065286760677271169 0.0053763338420168699 -0.0021629917884803508 0.008706836184545385 -0.033099317194778655 -0.019454015857441942 -0.020244326862353227 -0.00045957182642572368 -0.058254253896360672 0.07334419776022319 0.10227840485029434 -0.16618722943183073 0.022508987662380152 0.001794193750956778 0.031288134183727521 -0.12762681714466192 -3.4340912982651475e-05 -0.012795062094844847 0.047818299263057307 0.0032432536306345231 -0.0078642093504514825 -0.066856698825747352 0.074832506879633442 -0.12262660978858329 -0.0058076398489912816 0.043608830337281163 -0.20326919746370561 0.034148734822309949
leaf_weight=7.9097796464338961 20.434713048016423 8.0824229777208512 12.102640370401788 1070.770071908948 2644.3061341842404 7.7623585189285214 22.550881369796116 83.643843147146981 57.488307362189516 1230.1568997413851 5.4342476969468398 7.5938348126364854 2.5317410565912715 0.88316389964893338 34.356431015534326 1.0589933157898486 19.936875485582277 2.3649019668810061 1179.9060944071971 2.1974838278256357 14.424595598015005 1122.6840666823555 6.3785275155678383 1.6536764325574029 2.3794001080095759 1.6597723066806782 12.887607134529388 1.8111277695279557 0.439610713161528 6.0318229149561375
leaf_count=107 642 145 221 10672 33375 136 231 709 417 10871 284 145 23 20 615 23 188 22 10052 23 127 10135 154 30 42 18 213 39 14 307
internal_value=-2.503e-06 -0.00113769 -0.00100889 -0.000933582 -0.0026756 -0.0363734 -0.00242459 0.000982962 0.00407088 -0.00166886 0.00240491 0.0220066 0.00208636 0.0191888 0.0239146 -0.0745926 0.00179215 -0.000577382 -0.000301253 -0.0723178 0.0042156 0.00373259 0.0307453 0.0184051 0.00734855 0.000198437 -0.019136 -0.0308789 0.0478898 0.0180207
internal_weight=7591.82 5159.11 5136.86 5128.78 2686.72 19.865 2666.86 2442.06 1128.26 1313.8 2432.71 38.9018 2393.81 40.484 38.5418 1.94216 2353.33 1189.9 1185.34 4.56239 1163.42 1142.62 20.8031 36.0101 24.8366 22.4572 14.5474 22.2458 14.0653 6.47143
internal_count=80000 57458 56777 56632 33963 357 33606 22669 11089 11580 22542 846 21696 711 668 43 20985 10381 10336 45 10604 10323 281 645 380 338 231 681 466 321
is_linear=0
shrinkage=0.06


Tree=167
num_leaves=31
num_cat=0
split_feature=17 1 17 16 12 15 12 18 12 3 1 11 15 8 6 3 13 11 16 11 32 1 16 18 2 10 3 42 11 15
split_gain=5.8546 7.55412 7.54213 7.11365 6.42494 6.70349 12.8297 6.7705 6.32532 5.69091 5.6742 5.63625 5.63324 5.62784 4.67723 4.65729 6.10608 4.618 4.5802 6.03623 4.35169 4.26778 10.012 5.35669 4.23086 4.21158 6.21464 4.14811 3.9623 5.59187
threshold=0.24971626387090243 18.175000000000004 0.23671188596397777 0.12855330657734679 13.500000000000002 8.3500000000000032 23.500000000000004 0.16491999460977821 37.500000000000007 89450.000000000015 28.805000000000003 50.95000000000001 10.350000000000003 10.500000000000002 724.50000000000011 67050.000000000015 4.5000000000000009 114.95000000000002 0.13383987971126618 58.150000000000013 1.0000000180025095e-35 23.735000000000003 0.040735336216365936 0.01912018470142109 247.27500000000001 18350.000000000004 84550.000000000015 1.0000000180025095e-35 98.450000000000017 10.050000000000002
decision_type=2 2 2 2 2 2 2 2 2 2 2 2 2 2 2 2 2 2 2 2 2 2 2 2 2 2 2 2 2 2
left_child=1 8 20 4 -2 6 7 -6 -1 17 28 15 -11 -8 -4 16 -12 -7 19 -13 25 22 -22 -23 -16 27 -27 -3 -5 -30
right_child=3 2 14 10 5 9 13 -9 -10 12 11 18 -14 -15 24 -17 -18 -19 -20 -21 21 23 -24 -25 -26 26 -28 -29 29 -31
leaf_value=-0.040692581960048137 0.057977126249112526 -0.0014162594817258066 -0.0099516136068078746 -0.0004698522504076268 0.019202909832597499 0.0058572826310696333 -0.073270786204803443 -0.061913660552613187 0.36165578891764377 0.063363785431223063 -0.0060704987815428466 -0.19426220861298135 0.016990743924316303 -0.020118723683077499 0.073388474611870175 0.042404975455463297 0.04845944590657196 0.084042383591886802 0.041670610126792455 0.020550867369874631 0.023646502513833434 -0.037379868018992984 -0.042615118566933868 -0.0024029925882450231 -0.045541032752271185 0.05690224081224874 0.0058987377525361118 0.0090238667463518 -0.016979653578003535 0.020743562887051509
leaf_weight=20.581077974056829 8.7121558953076583 2639.0756863919087 157.42706561053637 3170.5457452491391 48.943831079697702 560.55576446355553 8.5479112726170552 4.0075978040695182 0.14163125195773218 10.770312759093938 65.758555502980016 0.69713217811659278 75.801714050932787 44.533352091326378 1.1351614673621977 10.700853915419428 8.3288930058479291 2.7328781370306379 28.717181507963687 1.4512570766964925 11.058891411405055 17.002303220331669 31.85772549698595 216.24549894267693 20.959935820254032 9.0200214427895826 184.8668986906996 144.50879354798235 17.976987215690315 66.386523360968567
leaf_count=3606 83 29778 1521 26547 476 5165 77 35 15 95 1245 25 733 403 18 191 160 23 1548 82 426 229 1276 1715 491 83 1636 1575 158 585
internal_value=-2.09762e-06 -0.00182557 -0.00160757 0.00152095 0.00674592 0.00615544 -0.00783275 0.0130636 -0.0379427 0.00843779 0.000335676 0.0133956 0.02276 -0.028678 -0.0135798 0.005404 5.97444e-05 0.00623661 0.0353488 -0.049154 -0.000946985 -0.00815202 -0.0255406 -0.00495259 -0.0394309 -0.000278709 0.00827153 -0.000874264 -0.000128372 0.0127051
internal_weight=7589.05 3453.88 3433.16 4135.17 764.606 755.893 106.033 52.9514 20.7227 649.861 3370.56 115.654 86.572 53.0813 179.522 84.7883 74.0874 563.289 30.8656 2.14839 3253.64 276.164 42.9166 233.248 22.0951 2977.47 193.887 2783.58 3254.91 84.3635
internal_count=80000 42369 38748 37631 7090 7007 991 511 3621 6016 30541 3251 828 480 2030 1596 1405 5188 1655 107 36718 3646 1702 1944 509 33072 1719 31353 27290 743
is_linear=0
shrinkage=0.06


Tree=168
num_leaves=31
num_cat=0
split_feature=9 5 4 3 4 3 4 40 15 4 18 18 11 33 12 11 18 18 4 1 3 10 2 18 15 27 1 2 15 15
split_gain=5.38032 13.268 4.99175 4.79294 6.93067 5.65785 6.53505 5.66065 6.00657 5.02936 4.99392 7.09081 4.82819 4.42512 4.34387 4.29551 6.94696 7.09928 10.5557 6.55453 7.34198 6.63031 7.76923 6.38897 5.63956 6.34642 4.75202 4.29349 4.24936 7.53394
threshold=1.0000000180025095e-35 1.0000000180025095e-35 11.685 53050.000000000007 11.565000000000003 55350.000000000007 9.7450000000000028 1.0000000180025095e-35 29.150000000000002 10.045000000000002 0.07239682509859538 0.089463564938056156 109.35000000000001 1.0000000180025095e-35 11.500000000000002 62.750000000000007 0.20073211508009256 0.060735121995426668 12.535000000000002 30.755000000000006 157250.00000000003 4550.0000000000009 1319.4400000000003 0.044871147691895326 8.4500000000000011 1.0000000180025095e-35 20.275000000000002 1319.4400000000003 29.950000000000003 25.950000000000003
decision_type=2 2 2 2 2 2 2 2 2 2 2 2 2 2 2 2 2 2 2 2 2 2 2 2 2 2 2 2 2 2
left_child=2 14 3 4 10 6 -5 8 -7 -8 12 -12 -1 -6 -2 16 17 26 -19 21 -21 22 -17 -23 -18 -26 -4 -3 29 -16
right_child=1 27 15 5 13 7 9 -9 -10 -11 11 -13 -14 -15 28 19 24 18 -20 20 -22 23 -24 -25 25 -27 -28 -29 -30 -31
leaf_value=0.0021478924351007833 -0.075195408227301738 0.018288501099991649 -0.013788768828065767 -0.057965467377403566 -0.082288795097945705 -0.0053669365110114251 0.085579580299399535 -0.04728209880703884 -0.061836367260274576 -0.019259463504763555 -0.043162597245861231 0.016211659976567278 0.07627766895981318 -9.3639525347453313e-05 0.00036216286135799428 0.0082091099525309907 -0.042975129288832944 -0.052541302313896851 -0.0038064565915952296 0.038157204281683253 -0.079423297149746552 0.05539043288950337 -0.027734590591142774 -0.00094163054423160232 0.015848827567213574 0.1004315132446322 0.0017238923229332195 -0.052999881089023419 -0.030485371022306796 0.026951678796234221
leaf_weight=376.10637898163986 2.7035092520527533 210.0734713897109 74.038210804137634 17.30190579791088 5.9990077484981139 400.25993548048427 2.1091024436755088 12.520906454825306 6.8980000108422237 7.5230981583008543 20.367231183452535 11.235576723236589 3.1898411461152127 3.8849661704152822 933.00198265828658 597.22750190983061 2.5257248342968515 16.154964270361234 1664.0330699995393 27.871168286190372 2.0526090804487458 7.2886622530058949 22.463120468892157 1301.0785849815584 6.8811147389933449 5.9591325530782342 1785.2012387228897 3.0860957873519501 15.229261290864086 40.007177814317401
leaf_count=4694 24 2094 4049 255 73 6675 18 208 129 92 188 93 27 45 8527 5409 22 209 16206 884 38 79 142 11887 72 40 17249 44 150 378
internal_value=-2.03338e-06 0.00367657 -0.00069628 -0.00492723 -0.000332286 -0.00925643 -0.0359139 -0.00754561 -0.00632363 0.00369648 0.000861999 -0.0220536 0.00277132 -0.0499814 0.000755441 -3.05701e-05 -0.00127357 -0.00144833 -0.00427504 0.00222614 0.0300918 0.00179366 0.00690619 -0.000627815 0.0389822 0.0551035 0.00110615 0.0172564 0.000963219 0.00145544
internal_weight=7584.27 1204.1 6380.17 867.396 420.783 446.613 26.9341 419.679 407.158 9.6322 410.899 31.6028 379.296 9.88397 990.942 5512.78 3554.79 3539.43 1680.19 1957.98 29.9238 1928.06 619.691 1308.37 15.366 12.8402 1859.24 213.16 988.238 973.009
internal_count=80000 11217 68783 12497 5120 7377 365 7012 6804 110 5002 281 4721 118 9079 56286 37847 37713 16415 18439 922 17517 5551 11966 134 112 21298 2138 9055 8905
is_linear=0
shrinkage=0.06


Tree=169
num_leaves=31
num_cat=0
split_feature=7 1 11 13 2 34 15 17 1 3 1 17 18 12 38 13 4 2 2 15 4 17 8 18 18 4 11 11 13 17
split_gain=5.60079 4.68682 4.11488 4.71758 4.46851 5.98553 5.46175 4.23886 11.6847 7.16067 6.42408 6.33472 6.48739 4.91524 3.57352 4.75724 6.3464 6.52224 8.98579 6.9019 5.7468 7.69097 5.48303 4.76957 9.01474 7.1278 6.52338 5.99937 4.56945 8.7225
threshold=1.5000000000000002 15.725000000000003 85.050000000000011 7.5000000000000009 154.79500000000004 1.0000000180025095e-35 28.950000000000003 0.25167468530620707 22.275000000000002 171750.00000000003 22.325000000000003 0.2798429148681511 0.034295564591430454 36.500000000000007 1.0000000180025095e-35 4.5000000000000009 25.705000000000002 768.83500000000015 778.37500000000011 21.550000000000004 25.385000000000002 0.27173482304541224 15.500000000000002 0.025876160897725421 0.022139935462766411 10.585000000000003 78.250000000000014 20.850000000000005 3.5000000000000004 0.2458971043577145
decision_type=2 2 2 2 2 2 2 2 2 2 2 2 2 2 2 2 2 2 2 2 2 2 2 2 2 2 2 2 2 2
left_child=1 -1 7 4 5 -4 -6 8 9 -3 -10 12 -9 -13 28 16 20 19 -19 -18 22 -22 -16 24 -17 26 -25 -27 -2 -30
right_child=14 2 3 -5 6 -7 -8 11 10 -11 -12 13 -14 -15 15 23 17 18 -20 -21 21 -23 -24 25 -26 27 -28 -29 29 -31
leaf_value=-0.049090380080063736 -0.0027253311066467163 -0.022883673047504195 -0.053294381297053578 0.068193567802453559 0.0035349575743910439 0.039977631428127672 0.047722285852426029 0.02165018785879666 0.056127330414569347 0.034686075628657692 -0.002360994661496198 -0.0010852583507004344 0.0029636174598408954 0.032690689401783435 0.0072223829850360105 -0.0045822233274944038 0.032286331617968074 -0.092977315893105525 0.0061939318439201028 -0.0076655504719039744 -0.072099609385878088 0.042856939619103564 -0.0079809609269596658 -0.10056800320934703 0.085684338624735332 -0.087682364783762512 0.012988587013585242 -0.003519289265982781 -0.0045058945268838116 0.024054724583712626
leaf_weight=7.2527165153005617 565.49438358208863 138.8556563865568 10.194011850748209 4.0897542017046353 549.44048880739138 3.2718297597020856 10.258222372969611 89.178821114473976 6.7819933443097389 8.2395244788203836 2127.2018592921086 2616.125275318569 267.51315315254033 15.603241169359533 630.7610631219577 14.069329863181339 91.819979313295335 3.6306326035410157 34.972962877945974 18.744576569879428 7.4595092032104713 2.9134584343992174 98.769609460257925 5.7086216509342176 5.5556990869808933 3.1604650467634192 2.6743418574333191 86.494473916129209 81.910835288232192 72.628096559201367
leaf_count=1440 5259 10064 67 35 5078 21 96 868 163 552 19633 23441 2240 129 5951 146 828 25 373 182 51 32 877 59 46 26 17 827 777 697
internal_value=-1.98182e-06 -0.000887728 -0.000827934 0.00398127 0.00352309 -0.0306318 0.00434483 -0.00135477 -0.00330255 -0.0196589 -0.00217511 0.000131994 0.00763557 -0.000885004 0.00300083 0.00530918 0.00680963 0.0180997 -0.00313303 0.0255131 0.0045335 -0.0398117 0.00516403 -0.00602838 0.0209716 -0.0114332 -0.0643411 -0.00648616 -0.000226645 0.00891664
internal_weight=7580.77 5854.01 5846.75 577.254 573.165 13.4658 559.699 5269.5 2281.08 147.095 2133.98 2988.42 356.692 2631.73 1726.77 1006.73 889.072 149.168 38.6036 110.565 739.904 10.373 729.531 117.663 19.625 98.0379 8.38296 89.6549 720.033 154.539
internal_count=80000 63827 62387 5297 5262 88 5174 57090 30412 10616 19796 26678 3108 23570 16173 9440 8319 1408 398 1010 6911 83 6828 1121 192 929 76 853 6733 1474
is_linear=0
shrinkage=0.06


Tree=170
num_leaves=31
num_cat=0
split_feature=22 11 15 15 4 21 15 11 12 18 18 18 10 15 10 11 2 18 3 4 34 6 12 5 2 35 3 3 4 43
split_gain=5.19558 5.0873 5.51132 7.89336 16.284 11.0231 6.83787 7.85966 8.10892 7.19013 5.27406 5.03581 5.53759 8.75272 7.47916 6.91989 6.68573 7.04607 6.65075 4.46569 4.33124 3.96381 3.49142 6.62361 6.5553 4.71204 4.11299 3.77069 3.74507 5.48992
threshold=1.0000000180025095e-35 45.750000000000007 17.350000000000005 16.750000000000004 23.255000000000006 3399.3000000000006 17.550000000000004 41.850000000000001 18.500000000000004 0.12633018950338107 0.1552690517492063 0.0089598447688068444 5150.0000000000009 28.450000000000003 15450.000000000002 114.95000000000002 1340.3800000000003 0.12499609142936254 44050.000000000007 18.815000000000001 1.0000000180025095e-35 609.50000000000011 14.500000000000002 1.0000000180025095e-35 989.96500000000003 1.0000000180025095e-35 61050.000000000007 83550.000000000015 5.8150000000000004 1.0000000180025095e-35
decision_type=2 2 2 2 2 2 2 2 2 2 2 2 2 2 2 2 2 2 2 2 2 2 2 2 2 2 2 2 2 2
left_child=21 2 3 10 5 -5 -4 9 -9 -8 19 -3 16 15 -15 -14 18 -18 -13 -2 -6 -1 23 24 25 -23 -25 -28 29 -24
right_child=1 11 6 4 20 -7 7 8 -10 -11 -12 12 13 14 -16 -17 17 -19 -20 -21 -22 22 28 26 -26 -27 27 -29 -30 -31
leaf_value=0.037554686596188859 -0.0071868094148294084 -0.043012544757673618 -0.039919075963026185 0.003206418035231575 -0.043574517017843567 0.068550765163637173 -0.003136322559987382 0.019822898787829592 -0.028065330941493348 -0.066330511307573226 0.10009762017101384 0.00010098256226626622 -0.0032825925017426144 0.015772637924859528 0.092895595027829223 0.029610240212094647 -0.020909780564948001 0.072166218711797112 0.0076586594860037988 0.00087850666764004604 0.014231456369007259 -0.011718455840317839 -0.011900170508801334 0.079137522604859553 0.079530258830692813 -0.051946396075640007 -0.061454350857203008 0.043926252335384094 0.0029649292201342991 0.06437878399794969
leaf_weight=11.418220065301282 420.04000901890686 9.6442306219541916 23.200954428553814 15.276534399046794 13.215924860094676 23.730815470044035 546.70428133785026 14.732050751394125 93.64133529557148 6.5594069750513873 1.8090020166710008 947.87232497151126 1552.3818685737206 29.424525153066497 5.3497937619686118 23.371621670434251 60.363069202983752 3.0772915123961857 751.52000239648623 600.41650248356746 7.2130443000933147 28.269965481362306 92.87480596487876 4.0670876274816674 2.1961311213672152 16.659515659208409 2.1754310431424528 2.7901344448328018 2263.1817245731363 3.5256561220157883
leaf_count=309 6839 277 285 337 133 235 7279 190 1105 53 17 8526 15591 316 56 199 408 27 9332 6188 65 266 949 47 18 152 15 35 20719 32
internal_value=-2.17321e-06 -0.00108085 -0.00369061 -0.00102401 0.0202321 0.0429598 -0.0079025 -0.00677981 -0.0215555 -0.00388554 -0.00225988 0.000281911 0.000405687 -0.00213764 0.0276375 -0.00279473 0.00272927 -0.016395 0.0034432 -0.00244134 -0.0231644 0.00228639 0.00211969 -0.0126659 -0.0216872 -0.0266347 0.0344007 -0.00224135 0.00247159 -0.00911042
internal_weight=7576.7 5149.54 1766.54 1081.7 59.4363 39.0073 684.838 661.637 108.373 553.264 1022.27 3383 3373.36 1610.53 34.7743 1575.75 1762.83 63.4404 1699.39 1020.46 20.429 2427.16 2415.74 56.1583 47.1256 44.9295 9.03265 4.96557 2359.58 96.4005
internal_count=80000 57458 22726 13814 770 572 8912 8627 1295 7332 13044 34732 34455 16162 372 15790 18293 435 17858 13027 198 22542 22233 533 436 418 97 50 21700 981
is_linear=0
shrinkage=0.06


Tree=171
num_leaves=31
num_cat=0
split_feature=5 1 4 18 12 22 6 17 4 1 4 12 17 21 12 15 21 15 1 17 3 15 36 17 8 14 18 4 7 15
split_gain=5.09236 5.4256 4.86603 4.51654 8.4575 4.94086 4.38756 8.3242 7.20002 5.04793 4.34684 5.58555 6.36252 7.00668 5.25728 5.50766 5.44786 4.26805 4.72486 4.21356 4.75393 5.40957 4.46185 4.12777 4.95807 4.09223 3.93923 3.65237 4.91765 3.64449
threshold=1.0000000180025095e-35 16.755000000000006 32.965000000000011 0.21284346632035481 23.500000000000004 1.0000000180025095e-35 689.50000000000011 0.24971626387090243 3.2450000000000006 26.755000000000006 19.215000000000003 15.500000000000002 0.087106749322027624 3600.6000000000008 21.500000000000004 32.050000000000004 2795.5000000000005 21.150000000000002 20.755000000000006 1.497793791136049 19050.000000000004 15.750000000000002 1.0000000180025095e-35 0.037128492169499532 12.500000000000002 1.0000000180025095e-35 0.0212835343706449 23.715000000000003 1.0000000180025095e-35 18.350000000000005
decision_type=2 2 2 2 2 2 2 2 2 2 2 2 2 2 2 2 2 2 2 2 2 2 2 2 2 2 2 2 2 2
left_child=1 -1 3 6 5 -5 7 8 -2 -9 11 12 26 -14 16 -16 -13 18 -4 20 21 -12 -22 24 -8 -25 -3 -21 -29 -7
right_child=2 10 17 4 -6 29 23 9 -10 -11 19 14 13 -15 15 -17 -18 -19 -20 27 22 -23 -24 25 -26 -27 -28 28 -30 -31
leaf_value=-0.037657339864619825 -0.063664522905670484 0.043893334444015115 -0.049257744172696745 -0.10572467249792002 0.068295208168205904 -0.016956127434879804 0.10076597735488542 0.014316080957570579 0.0030476955010066906 0.04586860370915858 0.03654718555325475 -0.0057083905964586366 0.0053893097210962627 -0.025555178645460915 -0.0034614817446549928 -0.048206178608881135 0.0049208915832441519 0.073854338692426136 0.026938373022693366 -0.064687085803676186 -0.0011571330674710002 0.00098676810855837633 0.0035625017316854059 -0.0016831162306346439 -0.0056365712982415321 0.010101681926437799 -0.085836568226286936 0.050572096523521654 -0.047837327562407238 0.063386854313335406
leaf_weight=14.350609596876891 5.9206633577123275 0.96826322685228561 3.421261443756527 1.5699453136185173 10.509810067014767 6.1897937897592801 3.200542783830314 119.79179753316566 356.91522283549421 21.535011346684769 28.62279691756703 240.31528029032052 47.720718494383618 58.799330088368151 1822.5028058600146 9.9575557219213788 625.17413657222642 5.6845838354201979 20.391526964958757 6.5578004550188762 1907.1714876379119 33.337491328828037 1159.5325071174884 924.37932974664727 3.1070884122746065 119.82696876162663 6.4938330438453704 3.3493100395426154 4.0247378777712584 3.0263202148489654
leaf_count=2756 50 35 29 36 146 74 33 1169 2692 1306 233 4129 696 545 21173 110 6070 73 290 52 17944 276 10867 8045 28 955 98 22 29 39
internal_value=-2.20102e-06 -0.000809051 0.00299754 0.00254562 0.0299899 -0.00733428 0.00216969 0.00677076 0.0019591 0.019124 -0.000720245 -0.00243403 -0.0154441 -0.0116921 -0.00188438 -0.00370462 0.00196952 0.0271422 0.015991 0.000813216 0.000959823 0.017414 0.000627379 -3.84492e-05 0.0483529 -0.000330762 -0.0690031 -0.0321103 -0.00313953 0.00942631
internal_weight=7574.35 5968.88 1605.47 1575.97 21.2959 10.7861 1554.68 504.163 362.836 141.327 5954.53 2811.93 113.982 106.52 2697.95 1832.46 865.489 29.4974 23.8128 3142.6 3128.66 61.9603 3066.7 1050.51 6.30763 1044.21 7.4621 13.9318 7.37405 9.21611
internal_count=80000 65035 14965 14573 295 149 14278 5217 2742 2475 62279 32856 1374 1241 31482 21283 10199 392 319 29423 29320 509 28811 9061 61 9000 133 103 51 113
is_linear=0
shrinkage=0.06


Tree=172
num_leaves=31
num_cat=0
split_feature=7 1 11 18 8 16 15 1 16 16 16 21 20 11 1 18 3 16 2 21 16 18 3 16 16 11 18 3 8 18
split_gain=5.18115 4.28386 3.80916 7.17675 9.62026 10.1031 6.47617 5.80147 9.22141 8.01259 7.1425 6.32508 6.21441 5.79151 5.96648 4.47895 3.58008 8.20719 3.29333 4.38032 3.58028 3.40979 6.95939 7.07853 6.5037 6.08738 6.38076 5.41705 1.07125 1.05751
threshold=1.5000000000000002 15.725000000000003 24.650000000000002 0.038731485181739682 20.500000000000004 0.15610659237231519 29.550000000000004 22.755000000000006 0.24677573814369488 0.25753734856206401 0.20401065930177295 6256.2500000000018 1.0000000180025095e-35 37.550000000000004 28.315000000000001 0.044154983995680054 132350.00000000003 0.10902035034168223 1435.3650000000002 9052.5000000000018 0.31121171822093063 0.066493921971693126 20750.000000000004 0.27885170588632263 0.24677573814369488 34.850000000000001 0.036722385826990493 114150.00000000001 8.5000000000000018 0.24202163791358258
decision_type=2 2 2 2 2 2 2 2 2 2 2 2 2 2 2 2 2 2 2 2 2 2 2 2 2 2 2 2 2 2
left_child=1 16 7 4 6 -6 -4 11 10 -10 -9 12 -3 14 -5 -15 29 -18 19 21 -20 25 24 -24 -23 27 -27 -2 -21 -1
right_child=18 2 3 13 5 -7 -8 8 9 -11 -12 -13 -14 15 -16 -17 17 -19 20 28 -22 22 23 -25 -26 26 -28 -29 -30 -31
leaf_value=-0.062283932972105271 0.001434617659929444 -0.043063563731793403 0.0045676882833111847 -0.011270068063603861 0.12795579749810052 -0.050347702921605987 -0.038773782558981972 -0.0040625911219341415 0.072116507656089887 0.0091983378289449379 -0.03080055330685344 -0.062509580912585322 -0.0028180056682731544 -0.0097385227952301989 0.0062756931972295831 -0.00011502208227632915 -0.060556870576254355 0.66768405011925569 0.0074994891607756461 0.0031321717718009374 -0.12633873723668052 0.082479174143881048 0.00053776201037021045 -0.021429979753566943 0.011293129897154601 0.00045536145660866927 0.013523364541657232 -0.023519074628016071 0.0593232084911764 0.049292306887001314
leaf_weight=6.2697692016372448 319.42966563417576 18.864008728443878 922.92788145146915 355.18571723857895 4.3356902602827168 1.5540974973700938 12.580372594646176 399.83194773294963 8.0624423678964359 75.717884348938242 39.521406946470961 11.003715708968228 51.577732611563988 182.78349573098239 86.827115003368817 3667.1774716076034 0.17474197151022952 0.081787526607513428 1.4014571914449327 1.5232828350272019 1.4788107303902505 6.7061503578443107 690.6871247215895 57.176279402570799 14.854906072840093 207.23689735244261 383.2948073556181 34.722419994301163 6.163272614357993 0.32148434408009041
leaf_count=1326 3008 2037 11994 3920 57 19 164 3914 57 534 289 205 866 2016 749 35566 107 1 23 44 20 63 6343 494 132 2074 3396 393 183 6
internal_value=-1.96848e-06 -0.000854677 -0.000799044 -0.000278124 0.00446611 0.0809081 0.00398485 -0.00530825 -0.00298914 0.0152531 -0.00646777 -0.0202041 -0.0135956 -0.00131872 -0.00782345 -0.000571914 -0.0482832 0.171623 0.0028878 0.00299503 -0.0612168 0.00279238 -0.000172837 -0.00114173 0.0334342 0.00520748 0.00893737 -0.00101194 0.0481876 -0.0568419
internal_weight=7569.47 5844.8 5837.95 5233.37 941.398 5.88979 935.508 604.579 523.134 83.7803 439.353 81.4455 70.4417 4291.97 442.013 3849.96 6.84778 0.256529 1724.68 1721.79 2.88027 1714.11 769.424 747.863 21.5611 944.684 590.532 354.152 7.68656 6.59125
internal_count=80000 63827 62387 54485 12234 76 12158 7902 4794 591 4203 3108 2903 42251 4669 37582 1440 108 16173 16130 43 15903 7032 6837 195 8871 5470 3401 227 1332
is_linear=0
shrinkage=0.06


Tree=173
num_leaves=31
num_cat=0
split_feature=9 8 12 21 8 12 0 2 15 32 4 17 6 10 11 1 15 22 15 2 21 21 6 18 4 12 2 6 8 18
split_gain=4.99112 5.06409 8.24119 6.36683 5.70529 11.0055 6.95723 6.24421 5.25827 4.93653 5.02751 4.85791 4.66294 6.53294 6.36053 5.36505 7.10797 4.97703 4.55243 4.43067 6.32128 7.89509 4.62161 6.5981 4.63023 4.11626 4.00988 3.92122 5.87514 5.27922
threshold=1.0000000180025095e-35 15.500000000000002 26.500000000000004 8401.5000000000018 6.5000000000000009 13.500000000000002 27500.000000000004 192.26000000000002 20.050000000000004 1.0000000180025095e-35 29.095000000000002 0.85747024012487982 649.50000000000011 21050.000000000004 101.55000000000001 30.525000000000002 18.450000000000003 1.0000000180025095e-35 26.350000000000005 1073.5850000000003 7233.7500000000009 7748.2500000000009 634.50000000000011 0.034681245635543728 15.995000000000003 23.500000000000004 443.42000000000002 704.50000000000011 10.500000000000002 0.1222339759374851
decision_type=2 2 2 2 2 2 2 2 2 2 2 2 2 2 2 2 2 2 2 2 2 2 2 2 2 2 2 2 2 2
left_child=9 4 8 11 5 -2 7 -7 26 10 12 18 13 14 -1 17 -17 -14 -4 22 25 -22 23 -6 -24 -21 -3 28 29 -11
right_child=1 2 3 -5 19 6 -8 -9 -10 27 -12 -13 15 -15 -16 16 -18 -19 -20 20 21 -23 24 -25 -26 -27 -28 -29 -30 -31
leaf_value=0.0029622492794703415 -0.042495912107426911 0.0763573288418532 0.0023735268884100586 -0.098887991198125802 -0.0071711713048433663 0.10789498133830162 0.082209617432550605 0.015481530174184735 -0.0066726759093354666 0.012191654920317071 0.005399327225471485 0.065282193832972207 0.0014892556763052532 0.057362892370687459 0.067449010826520162 -0.0046795250661450715 -0.062767758262917944 -0.0026231191023745114 0.056429718171373294 -0.041651588311584498 0.03822694272016227 -0.015166199294929798 -0.0043774598426650413 0.059874199338047399 0.0047808355890048074 -0.0073834902855840247 0.030788397177853605 -0.012941096405662652 -0.008551385377040947 -0.015095760605917231
leaf_weight=571.1850921290461 9.2435665644006786 12.391964540351184 103.75467834237497 2.0436671978095537 9.5952948823105562 2.7749614324420682 7.4188274934422216 51.143595866451506 7.19286786019802 123.34739904128946 534.70558862749022 5.0854162513278416 1639.1896814400097 8.2480789697729033 5.5598287694156161 21.219070013146847 11.801184351323171 2995.6854256463266 5.9291123037692151 27.355263877427205 16.333297424949706 25.589978891774081 309.80656565606478 11.76141803502105 554.32852706575068 23.424959759693593 15.835213060723616 192.87584480282385 230.10626900871284 32.183577130315825
leaf_count=5177 88 108 941 38 101 26 66 483 87 1144 4894 46 14098 75 90 326 151 37099 49 197 118 336 2974 284 4959 169 147 3440 2050 239
internal_value=-2.30203e-06 0.00354541 0.0137716 0.00608439 0.00206105 0.0185357 0.0277332 0.0202377 0.0391237 -0.000671603 -0.000143361 0.00795361 -0.000707566 0.00434216 0.0035839 -0.00134041 -0.0254398 -0.00116872 0.00529561 0.000872326 -0.0116077 0.00563575 0.00217888 0.0297516 0.00149744 -0.0258437 0.0507935 -0.00595627 -0.00246282 0.00654515
internal_weight=7567.12 1201.01 152.233 116.813 1048.78 70.581 61.3374 53.9186 35.42 6366.11 5787.59 114.769 5252.89 584.993 576.745 4667.9 33.0203 4634.88 109.684 978.195 92.7035 41.9233 885.492 21.3567 864.135 50.7802 28.2272 578.513 385.637 155.531
internal_count=80000 11217 1416 1074 9801 663 575 509 342 68783 61910 1036 57016 5342 5267 51674 477 51197 990 9138 820 454 8318 385 7933 366 255 6873 3433 1383
is_linear=0
shrinkage=0.06


Tree=174
num_leaves=31
num_cat=0
split_feature=17 1 17 17 15 11 4 35 0 17 8 2 1 18 15 11 11 1 40 6 11 11 13 34 4 6 6 2 6 18
split_gain=5.33721 6.81486 6.38119 4.98726 7.22182 5.89232 5.57063 9.74901 9.53216 7.26233 6.93893 6.15611 5.28402 6.12347 8.09193 6.23752 5.05424 12.8943 9.30199 7.93013 7.45853 5.04016 4.82994 4.59143 4.56586 4.40995 4.29005 14.3229 4.13881 4.76713
threshold=0.24971626387090243 19.835000000000004 0.23671188596397777 0.32119398511651009 7.6500000000000012 102.65000000000002 5.8150000000000004 1.0000000180025095e-35 13500.000000000002 0.4015943295285479 13.500000000000002 560.69000000000017 26.215000000000003 0.013381169257241945 10.15 43.350000000000001 62.750000000000007 23.975000000000005 1.0000000180025095e-35 674.50000000000011 62.050000000000004 95.350000000000009 4.5000000000000009 1.0000000180025095e-35 31.845000000000002 794.50000000000011 719.50000000000011 184.51000000000002 729.50000000000011 0.042439474017635086
decision_type=2 2 2 2 2 2 2 2 2 2 2 2 2 2 2 2 2 2 2 2 2 2 2 2 2 2 2 2 2 2
left_child=1 26 -3 4 5 21 7 9 -9 22 -11 -10 13 14 -6 -15 20 19 -19 -18 25 24 -5 -22 -2 -8 27 -1 -4 -30
right_child=3 2 28 6 12 -7 16 8 11 10 -12 -13 -14 15 -16 -17 17 18 -20 -21 23 -23 -24 -25 -26 -27 -28 -29 29 -31
leaf_value=0.57337053634482993 -0.010625718536811626 -0.00077278472833912793 -0.0098509794103422785 -0.037518108506731859 0.097430741523198597 -0.10696512424534388 -0.00040558711965467376 -0.11090169649647373 0.041907145841673848 0.026047793602753323 -0.024046789268685476 -0.035673767784630432 0.016046644127928823 -0.0053295220428298123 0.017046919964649285 0.0066903834094515433 -0.092666520122714632 0.016026639191906885 -0.041273436250843176 -0.00023812108996781474 -0.015209825047426071 0.073760349470319828 0.054137179822907576 -0.066006275921640989 0.054250902069270551 -0.045540835797056353 -0.023550580431483014 -0.0012378771989601347 0.044895658311819513 -0.058556798238714979
leaf_weight=0.18754458846524247 121.18034830171382 3202.5153240013169 162.3871481831884 20.597146612301007 5.1143777586403294 2.1486397297121576 1912.801295348967 5.4975813630735493 4.2458148614969131 36.671638667874504 13.663170226034707 27.734575221547857 175.64476748241577 215.20778955309652 38.046463725797366 559.4630982473027 3.3599751442670813 307.42939213314094 10.549227620474992 615.54344494594261 21.217726997798309 2.7377271605655542 2.3010318425949654 9.1764611644903216 4.0352893141098312 7.8248736709356299 61.1325003971142 0.93339769815793261 1.8584302878007282 11.691204429022035
leaf_count=5 1124 33345 1575 237 56 24 17168 64 65 416 169 309 2353 1889 437 4140 18 3942 117 4464 182 27 20 85 40 285 7070 118 62 194
internal_value=-1.81437e-06 -0.00174645 -0.00138397 0.0014544 0.00486379 -0.0084288 0.000176899 -0.0130312 -0.0379198 -0.000294057 0.0124498 -0.0253739 0.00660453 0.00457666 0.0265721 0.00335119 0.000683245 0.00430548 0.0141257 -0.000739907 -0.00105616 -0.00677414 -0.0283077 -0.030546 -0.00853496 -0.000589474 -0.0214178 0.0948997 -0.0125092 -0.0443675
internal_weight=7562.9 3440.71 3378.45 4122.19 1123.58 130.102 2998.61 110.711 37.478 73.233 50.3348 31.9804 993.476 817.832 43.1608 774.671 2887.9 936.882 317.979 618.903 1951.02 127.953 22.8982 30.3942 125.216 1920.63 62.2534 1.12094 175.937 13.5496
internal_count=80000 42369 35176 37631 10090 1215 27541 1280 438 842 585 374 8875 6522 493 6029 26261 8541 4059 4482 17720 1191 257 267 1164 17453 7193 123 1831 256
is_linear=0
shrinkage=0.06


Tree=175
num_leaves=31
num_cat=0
split_feature=5 9 1 32 10 21 21 12 1 17 8 10 16 14 12 1 16 12 16 12 2 17 4 21 4 15 10 17 38 17
split_gain=4.91322 11.5717 4.77842 4.19088 4.4077 4.17314 5.16249 5.58959 8.78284 5.25917 4.25322 4.99031 4.4793 3.96236 6.14451 7.42874 5.41311 5.31222 4.50279 5.38029 4.0721 4.06383 3.92888 4.20815 6.83125 5.27393 4.11634 8.4803 3.89852 3.89038
threshold=1.0000000180025095e-35 1.0000000180025095e-35 16.755000000000006 1.0000000180025095e-35 34050.000000000007 8698.7500000000018 7867.0000000000009 18.500000000000004 24.295000000000005 1.1201935904131537 14.500000000000002 11650.000000000002 0.2087293893796616 1.0000000180025095e-35 20.500000000000004 20.805000000000003 0.056244012056119647 14.500000000000002 0.025271717853924947 23.500000000000004 1319.4400000000003 0.19116548514634232 39.015000000000008 2140.6500000000005 7.8250000000000011 32.350000000000001 14650.000000000002 0.20692281361192125 1.0000000180025095e-35 0.21367315912585064
decision_type=2 2 2 2 2 2 2 2 2 2 2 2 2 2 2 2 2 2 2 2 2 2 2 2 2 2 2 2 2 2
left_child=2 5 -1 22 -5 6 10 8 -8 -9 12 -12 -2 14 15 -3 -16 28 19 -19 -20 -18 23 24 -4 -25 27 -24 -15 -17
right_child=1 13 3 4 -6 -7 7 9 -10 -11 11 -13 -14 17 16 29 21 18 20 -21 -22 -23 26 25 -26 -27 -28 -29 -30 -31
leaf_value=-0.036303333088683498 0.0010719983339080232 -0.074770689569819179 -0.031705934563411468 -0.0054440537272543981 -0.097509078229008478 0.037840747576242832 0.0090696467494848498 -0.0035143385741181637 -0.16464763035423546 -0.10526299973036526 -0.0082250788689477196 0.022077531258437547 0.011316682343576197 0.11745731386169449 0.08596916121657544 -0.0045455049206053763 8.9609073743439004e-06 -0.095652476635540898 0.01281244519462116 0.017174675499982871 -0.066432984611243584 0.048359256222193669 -0.040878996751754139 0.00053284153132044374 -0.0032061469878531027 -0.028712654788831629 0.067872712269813631 0.055437156705051539 0.015218818904280168 0.076501830338533056
leaf_weight=13.612409360939635 908.83897113235435 3.8020743085071436 31.525814444583375 535.77178472286323 1.878647471196017 10.957721327780744 1.8567834272980714 18.654807077487934 2.4045707117766142 2.0275503280572584 238.36563618894434 21.313947823597118 184.90259582374711 2.8961570891551665 8.4303701915778202 5.8672768366523069 9.7859037313610333 3.1435094519983968 148.83895651926287 2.9488379741087556 2.3715837995987377 17.359273266920354 6.4769110232591647 4567.2074927155045 764.62086830526823 22.30668672878528 6.0430103577673426 6.6901737817097455 2.5031703473068774 3.3492467643227428
leaf_count=2756 8322 35 1015 6232 21 354 12 195 29 21 2095 189 1610 20 80 46 74 24 1494 31 32 217 50 43600 11012 217 56 76 26 59
internal_value=-2.01022e-06 0.00294923 -0.000795111 -0.000713773 -0.00576575 0.000959703 0.000666507 -0.0263815 -0.0889545 -0.013489 0.001165 -0.00573791 0.00280391 0.0160309 0.0310653 -0.00420398 0.0439718 0.0115405 0.00953193 -0.0410415 0.0115696 0.0309289 -0.000211228 -0.000307841 -0.00433468 0.000390698 0.0268749 0.00805908 0.0700587 0.0249068
internal_weight=7556.75 1600.62 5956.13 5942.52 537.65 1389.32 1378.36 24.9437 4.26135 20.6824 1353.42 259.68 1093.74 211.296 48.5941 13.0186 35.5755 162.702 157.303 6.09235 151.211 27.1452 5404.87 5385.66 796.147 4589.51 19.2101 13.1671 5.39933 9.21652
internal_count=80000 14965 65035 62279 6253 12827 12473 257 41 216 12216 2284 9932 2138 511 140 371 1627 1581 55 1526 291 56026 55844 12027 43817 182 126 46 105
is_linear=0
shrinkage=0.06


Tree=176
num_leaves=31
num_cat=0
split_feature=7 4 15 21 12 11 18 41 18 22 6 11 15 18 15 6 21 42 6 21 21 17 13 2 34 21 8 40 12 21
split_gain=4.97309 3.85522 6.45726 4.9923 4.6095 4.41882 5.81507 5.58672 4.25952 4.20344 6.36862 5.92478 5.80326 5.02733 4.15919 4.31293 4.1098 3.86568 3.37664 7.2953 7.93025 6.01486 5.80806 5.7602 4.99939 5.65165 4.70259 3.5277 5.60367 6.9051
threshold=1.5000000000000002 14.975000000000003 29.350000000000005 4308.2500000000009 40.500000000000007 13.750000000000002 0.046152895201422225 1.0000000180025095e-35 0.10224514131153915 1.0000000180025095e-35 629.50000000000011 40.350000000000001 28.550000000000004 0.087331823264771 26.350000000000005 699.50000000000011 1437.8750000000002 1.0000000180025095e-35 654.50000000000011 3977.7500000000005 5122.2500000000009 0.32419693238518421 4.5000000000000009 598.32000000000005 1.0000000180025095e-35 3246.6000000000008 13.500000000000002 1.0000000180025095e-35 15.500000000000002 6699.0000000000009
decision_type=2 2 2 2 2 2 2 2 2 2 2 2 2 2 2 2 2 2 2 2 2 2 2 2 2 2 2 2 2 2
left_child=1 2 5 8 9 14 7 -7 -4 10 -3 13 -13 -11 15 -1 -12 -8 19 23 -21 22 -22 24 25 -2 -26 -20 -29 -30
right_child=18 4 3 -5 -6 6 17 -9 -10 11 16 12 -14 -15 -16 -17 -18 -19 27 20 21 -23 -24 -25 26 -27 -28 28 29 -31
leaf_value=-0.013157778896535898 -0.014730837293172738 0.041649755654854535 -0.025397595621105926 -0.074808926339853685 -0.085005990651301183 0.0016757027853874021 -0.0078571134195129771 -0.03265680881967311 0.087997458133011811 -0.0040969181376555534 -0.009786952462744079 -1.0850252459303797e-05 0.020825732387028825 -0.02069369174213909 0.098871977901916167 -0.054777822618935483 0.0033832082862898178 0.012772925712009353 0.0025268068865962365 0.060178881333215972 -0.00020948454208802227 0.038253279373023578 -0.11347715194039992 -0.089715814116960835 0.012756784753637986 0.0319333393528402 0.077151852943364088 0.078282074196750678 -0.011805890480137929 -0.097298678381869633
leaf_weight=41.124889026861638 48.621182861039415 15.107914508727843 12.199868155264996 7.711489440931472 2.2908517700852817 811.54477506152762 589.71097882874892 17.429168965871213 1.3217479725135479 698.90329927121638 91.634072389628273 2140.1896964484185 49.226378747378476 72.521979759039823 1.0411909820395511 11.461391453893155 1233.678616968682 34.618030162964715 1533.5522377447924 18.995184205123223 17.165332765318457 16.908779009070713 1.8007207992486645 2.454357123002409 19.23185467522126 11.566184405237435 5.1827936186455181 2.2378466005902728 40.095983130740933 3.7162809744477263
leaf_count=503 439 448 227 97 20 11879 6560 255 11 9003 764 20927 477 655 23 596 11032 350 13943 278 211 436 27 18 200 151 56 25 350 39
internal_value=-1.62698e-06 -0.000838109 -0.00342696 -0.0362841 8.11736e-05 -0.00296399 -0.00233986 0.000953862 -0.0143131 0.000126491 0.00291417 -0.00113554 0.000457635 -0.00565719 -0.0198778 -0.022229 0.0024726 -0.00671321 0.00283197 0.011697 0.0288316 0.0122336 -0.0109636 0.000897353 0.0035261 -0.0057634 0.0264267 0.00203546 -0.0143273 -0.0190576
internal_weight=7553.25 5831.72 1528.16 21.2331 4303.55 1506.93 1453.3 828.974 13.5216 4301.26 1340.42 2960.84 2189.42 771.425 53.6275 52.5863 1325.31 624.329 1721.53 141.926 54.87 35.8748 18.9661 87.0564 84.602 60.1874 24.4146 1579.6 46.0501 43.8123
internal_count=80000 63827 20501 335 43326 20166 19044 12134 238 43306 12244 31062 21404 9658 1122 1099 11796 6910 16173 1816 952 674 238 864 846 590 256 14357 414 389
is_linear=0
shrinkage=0.06


Tree=177
num_leaves=31
num_cat=0
split_feature=20 4 12 2 16 21 18 11 18 11 18 16 11 21 18 6 11 15 18 15 12 16 22 12 37 11 4 16 4 11
split_gain=4.60196 4.29483 5.40445 5.98939 9.39642 8.18286 7.63156 4.45678 4.54376 11.1101 8.45047 5.37941 5.18414 6.73373 4.82383 4.20346 5.82893 5.03926 6.78381 6.59367 4.58892 4.745 5.71982 6.82479 5.15895 7.56614 6.16937 5.05745 4.40898 10.7918
threshold=1.0000000180025095e-35 16.825000000000003 34.500000000000007 582.69000000000017 0.11076421030909099 4924.5000000000009 0.039095501119689853 114.95000000000002 0.038731485181739682 24.650000000000002 0.0212835343706449 0.067419976089137051 60.45000000000001 2010.3750000000002 0.13636104927662071 679.50000000000011 13.750000000000002 18.550000000000004 0.029411011081526172 16.450000000000003 37.500000000000007 0.033464184045919172 1.0000000180025095e-35 28.500000000000004 1.0000000180025095e-35 84.250000000000014 24.565000000000001 0.34056634295920668 11.205000000000002 50.050000000000004
decision_type=2 2 2 2 2 2 2 2 2 2 2 2 2 2 2 2 2 2 2 2 2 2 2 2 2 2 2 2 2 2
left_child=15 2 -2 4 6 -5 -4 8 9 10 -3 -11 14 -14 -10 20 17 18 19 -17 21 24 27 -24 25 -1 -26 -23 29 -18
right_child=1 7 3 5 -6 -7 -8 -9 12 11 -12 -13 13 -15 -16 16 28 -19 -20 -21 -22 22 23 -25 26 -27 -28 -29 -30 -31
leaf_value=-0.0083033302318127004 -0.00031589697383165933 0.012492861309734364 0.075365500647014305 0.090492876913759013 -0.12034959281948557 -0.039748114432854434 -0.060506212206905483 0.061229034815786773 -0.0021380030889383665 0.045385471939180175 -0.015519540958577795 0.016774108020049434 -0.0067636966536970839 0.010535010477152407 0.016449289228950635 -0.010878374866138475 -0.027855074290958702 -0.036613000914684175 -0.078085155308685941 0.042272134624693265 0.053222190284247191 0.0074798087436940943 0.0017802959450236549 -0.010307478114531202 -0.045198933564718387 0.046639151599349074 0.018245316454125811 0.061681728616955124 -0.0012445798684741149 -0.0014219129748530674
leaf_weight=102.33031153224874 1034.9614145143132 92.121129664999899 2.3290405683219451 2.7951853093691161 5.1137308527249843 4.5858238991349936 4.1220663203857839 4.8966486743302076 695.45567195722833 33.709579266665969 66.940529289189726 79.329903978039511 101.31546510301996 404.16738678299589 54.180547324940562 51.925946362374816 79.461816365757841 31.489094650780316 4.5626145047717719 10.024827666929921 6.0737026697024694 371.4193341700593 1169.2837478127331 196.39348374353722 24.48395632579923 9.8957792613655311 7.1229299698024979 6.3024969333782783 2707.4127564554074 185.18392150843283
leaf_count=799 9718 825 30 19 33 42 40 67 6153 282 540 683 820 4250 542 1224 2800 709 56 263 50 3728 8918 1498 196 72 46 142 31872 3583
internal_value=-1.3443e-06 0.00205095 -0.000897224 -0.0326536 -0.0596045 0.0095741 -0.0114525 0.00407892 0.00389569 0.0109246 0.000703942 0.0253063 0.00237188 0.00706778 -0.000794592 -0.00107063 -0.00244184 -0.0168392 -0.00747777 -0.0022776 0.00115283 0.000985254 0.0018494 4.19935e-05 -0.00948906 -0.00345866 -0.0309011 0.0083842 -0.0019671 -0.00935866
internal_weight=7549.39 2586.02 1053.91 18.9458 11.5648 7.38101 6.45111 1532.12 1527.22 272.101 159.062 113.039 1255.12 505.483 749.636 4963.37 3070.06 98.0025 66.5134 61.9508 1893.31 1887.23 1743.4 1365.68 143.833 112.226 31.6069 377.722 2972.06 264.646
internal_count=80000 24044 9882 164 103 61 70 14162 14095 2330 1365 965 11765 5070 6695 55956 40507 2252 1543 1487 15449 15399 14286 10416 1113 871 242 3870 38255 6383
is_linear=0
shrinkage=0.06


Tree=178
num_leaves=31
num_cat=0
split_feature=17 17 16 3 6 8 15 33 28 6 18 13 11 4 15 11 2 6 5 11 7 4 3 40 16 37 8 17 34 17
split_gain=4.95818 6.1107 5.67374 5.91892 4.87261 4.74359 5.24435 4.47393 4.37954 6.95698 6.06085 5.47936 5.36934 11.3132 5.25613 5.67505 4.90986 4.26302 5.96218 5.97267 6.33769 5.6992 8.6894 6.30197 4.91199 14.7434 11.7124 8.2166 5.4547 6.04922
threshold=0.24971626387090243 0.23671188596397777 0.12082239843329161 91350.000000000015 669.50000000000011 8.5000000000000018 22.050000000000004 1.0000000180025095e-35 1.0000000180025095e-35 709.50000000000011 0.088768518018880666 6.5000000000000009 66.65000000000002 21.305000000000003 19.250000000000004 98.450000000000017 401.23000000000008 699.50000000000011 1.0000000180025095e-35 68.750000000000014 1.5000000000000002 21.065000000000001 74550.000000000015 1.0000000180025095e-35 0.27885170588632263 1.0000000180025095e-35 17.500000000000004 0.88492312235187309 1.0000000180025095e-35 0.52630563269993635
decision_type=2 2 2 2 2 2 2 2 2 2 2 2 2 2 2 2 2 2 2 2 2 2 2 2 2 2 2 2 2 2
left_child=1 -1 3 4 -2 -5 -7 -8 11 12 -11 14 13 -10 15 -3 -14 18 21 20 -20 22 -4 -23 28 26 -26 -27 -19 -30
right_child=2 8 17 5 -6 6 7 -9 9 10 -12 -13 16 -15 -16 -17 -18 24 19 -21 -22 23 -24 -25 25 27 -28 -29 29 -31
leaf_value=-0.0010911289822020383 0.037116448936716749 -0.017863060705548297 0.00084552300693611535 0.059070318978982309 0.0036901244226263232 0.0089282628780086876 0.1007787629436144 -0.00065023429392394635 -0.035003358872475257 0.0070233471325092016 -0.08667161453090759 0.10496400531482043 0.074609396537949554 0.024198142931752546 -0.045246213182881564 0.06049035504292178 0.011895463448431672 0.0026955074097311633 0.0040246659706069769 0.037349048702518012 0.040969455734382751 0.0081556127451565645 -0.01704961134195709 -0.032271965678390552 -0.0032672127343092079 -0.043386503021465024 0.056321267435477898 -0.0081091292342782024 -0.0088217024859334591 0.0087116572589574191
leaf_weight=3253.9284370952519 16.324835965933744 67.184227279300103 984.24901083484292 11.808323482109698 409.88423568051076 42.737682921113446 4.481432288652285 2.4061062702676281 24.665593853220344 4.2165371701121312 6.0539385117590427 1.2285746093839396 6.0555513426661518 21.971875673159957 26.65997753245756 3.5012161555932826 17.428941803984344 998.20376488246256 150.24498813715763 29.605541138793342 18.808365568402223 461.18058441823814 108.44682443072088 14.311852379469199 307.67146522249095 53.602130398154259 12.351390147232449 42.704993752879091 353.62613640743075 88.584076517261565
leaf_count=40149 396 1153 7192 126 3675 438 53 28 206 28 33 33 35 140 458 34 100 9344 1802 755 437 4526 774 133 2786 494 114 400 3351 807
internal_value=-1.49535e-06 -0.0016848 0.00140407 0.00748008 0.00497043 0.0248913 0.0167585 0.0653454 -0.0124789 -0.00208557 -0.0482052 -0.0209552 0.00466938 -0.00711231 -0.0225443 -0.013982 0.0280665 0.000586397 0.00269608 0.0124887 0.00813503 0.00145554 -0.000930516 0.00693878 -0.00142114 -0.00716137 -0.000967375 -0.0277436 0.000237984 -0.0053094
internal_weight=7544.13 3432.89 4111.23 487.643 426.209 61.4335 49.6252 6.88754 178.966 80.3924 10.2705 98.574 70.122 46.6375 97.3454 70.6854 23.4845 3623.59 1766.85 198.659 169.053 1568.19 1092.7 475.492 1856.74 416.33 320.023 96.3071 1440.41 442.21
internal_count=80000 42369 37631 4716 4071 645 519 81 2220 542 61 1678 481 346 1645 1187 135 32915 15619 2994 2239 12625 7966 4659 17296 3794 2900 894 13502 4158
is_linear=0
shrinkage=0.06


Tree=179
num_leaves=31
num_cat=0
split_feature=11 43 2 22 16 3 11 17 4 3 4 12 10 17 12 17 3 11 17 6 21 1 3 12 10 4 18 43 16 17
split_gain=4.39976 5.33583 6.32929 4.70649 5.43647 5.5642 10.4759 7.3501 6.80638 6.55816 4.60039 4.14319 3.93542 7.11225 9.04802 7.99944 6.7719 6.46023 7.51288 4.67896 3.80132 6.34741 5.74899 3.54646 4.21458 3.4085 6.36717 5.76247 5.61443 4.50522
threshold=93.950000000000017 1.0000000180025095e-35 460.30500000000001 1.0000000180025095e-35 0.013258417571005971 160150.00000000003 89.550000000000011 0.25167468530620707 18.975000000000005 182450.00000000003 17.535000000000004 36.500000000000007 11750.000000000002 0.15686110472154566 17.500000000000004 0.24389896891811649 124950.00000000001 107.35000000000001 0.088651172412529275 699.50000000000011 2370.5000000000005 27.055000000000003 31450.000000000004 25.500000000000004 9050.0000000000018 5.8150000000000004 0.024206748988543525 1.0000000180025095e-35 0.15067083929688724 0.080774900546050118
decision_type=2 2 2 2 2 2 2 2 2 2 2 2 2 2 2 2 2 2 2 2 2 2 2 2 2 2 2 2 2 2
left_child=3 12 -3 25 -5 7 9 8 -6 -7 -4 -9 16 17 -15 -16 20 18 -14 -19 21 -2 -22 24 -18 26 27 29 -28 -1
right_child=1 2 10 4 5 6 -8 11 -10 -11 -12 -13 13 14 15 -17 23 19 -20 -21 22 -23 -24 -25 -26 -27 28 -29 -30 -31
leaf_value=-0.06214266595538661 0.028513591622815693 -0.09899694524685726 -0.063874837970192791 -0.051848035089905417 -0.0094784571922242513 0.029825973324482405 -0.093743506901216425 5.4073882692252342e-05 -0.0018366833442391339 0.0017315321971507578 0.03652954419599503 0.030233884461956382 -0.033347253257908993 -0.094674692185333684 -0.035404230129325552 0.01829012691228861 -0.0089919291562460361 0.016970320952424792 0.021955577642814063 0.082023666310369767 -0.021338257455154361 -0.032156963208140217 0.0098849538330282281 0.12332463801928929 0.09832681519546628 0.0023675295814439691 -0.019772281009032514 0.073867404368746989 -0.094107074221689083 -0.001456769920637926
leaf_weight=4.7147863573627538 59.777886533120181 3.67597100837156 2.6525847846642137 7.6729616887459988 663.29273236886365 53.386083748860983 3.3326271753758183 2909.5388019338134 1142.049374009337 68.026962602074491 4.3156379051506519 16.468539065914229 15.345560423331333 5.1452858567936337 21.24452992901206 18.852576552191749 2.994203168549574 9.6123793339356798 20.8704902153695 6.7931590483058235 24.876662992639467 6.9272719228174529 144.7999491514056 2.6302807456813753 2.3523142400663346 2229.8873700471013 12.194242262048649 3.4561110322829327 5.2252129400148979 66.800862588163
leaf_count=74 591 38 21 147 14260 808 32 25678 12995 1016 36 143 147 49 180 214 34 77 194 65 250 67 1338 25 23 20617 109 29 39 704
internal_value=-1.37485e-06 0.00653972 -0.0352958 -0.000322572 -0.0013836 -0.00130386 0.0112042 -0.00163364 -0.00464431 0.0140848 -0.00169127 0.000223936 0.00784094 -0.00232611 -0.0197704 -0.0101586 0.0119128 0.0126719 -0.00147748 0.0439074 0.0100779 0.022213 0.00530725 0.066286 0.0382252 0.00189963 -0.00939317 -0.0018008 -0.0420701 -0.00545759
internal_weight=7538.91 352.867 10.6442 7186.05 4863.77 4856.1 124.746 4731.35 1805.34 121.413 6.96822 2926.01 342.223 97.864 45.2424 40.0971 244.359 52.6216 36.2161 16.4055 236.382 66.7052 169.677 7.9768 5.34652 2322.28 92.3912 74.9718 17.4195 71.5156
internal_count=80000 3349 95 76651 55079 54932 1856 53076 27255 1824 57 25821 3254 926 443 394 2328 483 341 142 2246 658 1588 82 57 21572 955 807 148 778
is_linear=0
shrinkage=0.06


Tree=180
num_leaves=31
num_cat=0
split_feature=7 1 10 11 43 18 18 10 10 11 3 11 7 15 3 18 18 15 17 1 3 3 15 3 18 3 36 2 11 16
split_gain=4.76554 3.92071 3.44199 5.32761 6.57284 4.96041 6.08194 4.97392 4.7236 7.71205 7.20311 6.60021 5.67577 5.43223 4.81447 4.26691 8.47459 7.79616 4.3518 3.97146 3.86081 3.61497 10.5748 8.53915 7.06587 6.82306 5.9562 4.15459 3.33337 6.15116
threshold=1.5000000000000002 15.725000000000003 4350.0000000000009 79.250000000000014 1.0000000180025095e-35 0.10896744030392268 0.11201956244588668 12450.000000000002 3150.0000000000005 39.150000000000013 54350.000000000007 40.650000000000013 4.5000000000000009 4.9500000000000011 55950.000000000007 0.093343724399960817 0.085298012198811876 20.850000000000005 0.64443431989158362 18.175000000000004 80950.000000000015 81950.000000000015 13.65 55050.000000000007 0.17772025300207681 84050.000000000015 1.0000000180025095e-35 150.33500000000001 17.650000000000002 0.29961288265335356
decision_type=2 2 2 2 2 2 2 2 2 2 2 2 2 2 2 2 2 2 2 2 2 2 2 2 2 2 2 2 2 2
left_child=1 -1 8 21 5 7 -7 -5 15 13 11 -11 -12 -10 -15 16 20 19 -19 -17 -2 22 23 -4 -24 26 -23 -27 29 -3
right_child=2 28 3 4 -6 6 -8 -9 9 10 12 -13 -14 14 -16 17 -18 18 -20 -21 -22 25 24 -25 -26 27 -28 -29 -30 -31
leaf_value=-0.047743303508377792 0.0043654264798068786 -0.0093302828853631531 0.0021814967453796289 0.033111732541494687 -0.09548717968929471 -0.089354575421867283 0.0055943002612412708 -0.025312317358739265 0.077746647789382492 0.10526485252465236 0.027525227355342033 0.0031200905014738601 0.095885865815443089 0.02230984185619618 -0.020829545490604028 0.1342700321721568 -0.045737417571583956 0.022221467640784507 -0.085216827094799996 0.035365175215803284 -0.0094261121629458482 0.074019676006834734 -0.0029085864160782234 -0.034317339138801986 0.036804647482169113 0.062554633385198066 -0.016413872253752654 -0.0012261955275810609 -0.00041014323119500468 0.016445791727695929
leaf_weight=6.4037720075721145 668.74881012452533 304.94057486113161 33.739513896405697 45.155058619682677 2.1047374724876127 2.4959454964846364 90.080108163820114 5.9354242337867609 2.6134924641810349 2.3468290374148628 82.205104276537895 76.912812064983882 4.6179756983183315 12.104066396597771 40.393121664994396 1.5774814086034954 13.144994085887445 2.4436025274917474 3.0528517414350063 19.889792478992604 82.036720781004988 8.3312723687849921 145.93018626491539 73.012059170403518 18.132706999778748 3.7268517687916747 3.8259015136864027 272.85322323895525 5469.9230642018665 37.419087374815717
leaf_count=1440 6222 4351 338 389 23 22 919 49 27 21 740 785 39 119 347 16 111 24 26 187 994 73 1330 639 164 23 37 2509 57662 374
internal_value=-1.60958e-06 -0.000821317 0.00277561 -0.000442011 0.00977462 0.0113167 0.00303438 0.0263243 0.00501796 0.0127689 0.0192225 0.00614453 0.0311612 -0.00668002 -0.0108831 0.00285023 0.00202226 0.026308 -0.0374521 0.042633 0.00285845 -0.00310359 -0.00808324 -0.0227816 0.00148064 0.00156696 0.0455599 -0.000366764 -0.00076962 -0.00651302
internal_weight=7536.1 5818.69 1717.41 705.323 145.771 143.667 92.5761 51.0905 1012.09 221.193 166.083 79.2596 86.8231 55.1107 52.4972 790.894 763.931 26.9637 5.49645 21.4673 750.786 559.552 270.814 106.752 164.063 288.737 12.1572 276.58 5812.28 342.36
internal_count=80000 63827 16173 6515 1402 1379 941 438 9658 2078 1585 806 779 493 466 7580 7327 253 50 203 7216 5113 2471 977 1494 2642 110 2532 62387 4725
is_linear=0
shrinkage=0.06


Tree=181
num_leaves=31
num_cat=0
split_feature=9 5 6 16 1 10 17 1 10 16 2 6 4 3 10 12 3 40 4 11 17 18 11 15 4 11 11 4 8 12
split_gain=4.35391 10.2322 4.73759 6.99143 9.25771 7.63452 7.46945 8.24267 6.39629 5.59676 7.28606 5.43391 5.34359 4.53751 4.36796 4.03331 7.59282 7.25345 7.45485 7.09365 6.44559 5.25054 10.8001 5.18844 4.72359 4.6292 4.93619 4.11578 4.00039 9.52423
threshold=1.0000000180025095e-35 1.0000000180025095e-35 679.50000000000011 0.022118193636738427 26.465000000000003 6850.0000000000009 0.25731936111845821 19.415000000000003 40850.000000000007 0.12855330657734679 784.39000000000021 714.50000000000011 22.625000000000004 87850.000000000015 19550.000000000004 29.500000000000004 60750.000000000007 1.0000000180025095e-35 28.585000000000004 67.850000000000009 0.21367315912585064 0.19047068843439111 64.550000000000011 33.250000000000007 16.905000000000005 12.850000000000003 54.850000000000001 18.975000000000005 15.500000000000002 26.500000000000004
decision_type=2 2 2 2 2 2 2 2 2 2 2 2 2 2 2 2 2 2 2 2 2 2 2 2 2 2 2 2 2 2
left_child=2 28 15 4 13 -6 7 11 -9 10 -8 -5 -11 -4 -15 19 25 18 -18 21 24 23 -23 -1 -21 27 -27 -17 -2 -30
right_child=1 -3 3 6 5 -7 9 8 -10 12 -12 -13 -14 14 -16 16 17 -19 -20 20 -22 22 -24 -25 -26 26 -28 -29 29 -31
leaf_value=0.00056464054018261006 -0.00069112012548183395 0.015340077650061902 -0.054148558684671673 0.31303272182469521 0.095693941050956036 0.024286054590557583 0.0027170301558348707 -0.005172393338908776 0.064196696769461825 -0.0037915670726260766 0.024504954539144305 -0.038693401864185503 0.0026064003345544055 0.016998359935057415 -0.019223521223836894 0.010759248029666548 -0.023223319781020962 0.069945137488069478 0.028545308244274998 -0.0070147247356425746 0.017081649746108277 -0.099549864665660015 0.03784021687844006 0.062200554941838529 0.0093397774370527643 0.02040508417929271 -0.0059216356921883012 -0.090774728833513924 0.041052151517740207 0.0016676720269434662
leaf_weight=1500.2031986468937 861.97627697477583 210.1256838128902 4.7522321300348258 0.15897464018780993 7.492257202044132 19.20993487816304 411.41464932175586 1449.7900345582166 4.8010270451195529 1356.5220270782593 63.825902961485554 29.647209512768313 719.0584565846948 42.5167155812087 16.689704220596468 2.5567061915062359 109.34751260955818 3.434716908261179 11.023538294713942 105.62801190838218 200.58208490902325 5.2920318476390076 3.3723540341015905 4.9328391344752154 159.699556654552 57.125964099308476 46.516171855619177 3.2825024649500847 28.82454353797948 94.814995480584912
leaf_count=12487 7943 2138 78 10 52 110 3584 20518 38 12992 609 5083 5462 1020 215 22 902 27 95 787 2410 72 40 39 1171 488 448 24 278 858
internal_value=-1.52113e-06 0.00331932 -0.000627951 -0.00182926 0.0146486 0.0443221 -0.00219948 -0.00558345 -0.00494343 -0.000230245 0.0056432 -0.0368174 -0.00157507 0.0022601 0.00678777 0.00161176 -0.0058501 -0.0160291 -0.0184824 0.00249106 0.008965 0.00049854 -0.0460749 0.000766642 0.00282898 0.00566077 0.00858925 -0.0463179 0.000756584 0.0108495
internal_weight=7534.62 1195.74 6338.88 4125.88 90.6608 26.7022 4035.22 1484.4 1454.59 2550.82 475.241 29.8062 2075.58 63.9587 59.2064 2213 233.287 123.806 120.371 1979.71 465.91 1513.8 8.66439 1505.14 265.328 109.481 103.642 5.83921 985.616 123.64
internal_count=80000 11217 68783 49771 1475 162 48296 25649 20556 22647 4193 5093 18454 1313 1235 19012 2006 1024 997 17006 4368 12638 112 12526 1958 982 936 46 9079 1136
is_linear=0
shrinkage=0.06


Tree=182
num_leaves=31
num_cat=0
split_feature=32 4 2 2 15 17 43 10 11 1 6 1 11 4 15 16 10 8 1 18 10 4 12 4 6 10 8 21 15 6
split_gain=4.37464 4.42169 4.25132 13.2979 8.45147 7.02799 7.45194 6.30981 5.68645 5.16545 4.04265 6.13518 4.02696 4.91577 8.61 6.55692 4.92768 6.72695 6.00139 4.76024 10.2391 7.79099 6.54628 6.38174 6.93379 5.20146 4.26924 3.98 3.73181 7.21679
threshold=1.0000000180025095e-35 30.055000000000003 768.83500000000015 732.0200000000001 15.050000000000002 0.24971626387090243 1.0000000180025095e-35 7750.0000000000009 43.050000000000004 20.755000000000006 729.50000000000011 22.455000000000002 68.15000000000002 2.0150000000000001 22.950000000000003 0.11893704256331127 2250.0000000000005 12.500000000000002 25.705000000000002 0.027510785300531575 2350.0000000000005 6.6450000000000005 25.500000000000004 10.185 669.50000000000011 9650.0000000000018 8.5000000000000018 1094.7500000000002 14.350000000000003 629.50000000000011
decision_type=2 2 2 2 2 2 2 2 2 2 2 2 2 2 2 2 2 2 2 2 2 2 2 2 2 2 2 2 2 2
left_child=1 12 3 10 8 -4 9 -6 -5 -7 11 -3 13 14 26 -16 17 -15 -18 20 21 -14 -22 25 -25 -21 -1 -12 -2 -30
right_child=28 2 5 4 7 6 -8 -9 -10 -11 27 -13 19 16 15 -17 18 -19 -20 23 22 -23 -24 24 -26 -27 -28 -29 29 -31
leaf_value=0.0096553393682312534 0.00036255699827452439 0.094902667511534713 -0.028999971397192698 0.089497761600253051 0.071321419134931452 -0.040640171268506338 0.10445058611565726 0.18973413533970615 -0.027076176498778609 0.0060577898504704632 0.071719746802876183 0.010042138279804392 0.00016125629612303465 -0.0010308669283221987 0.13773651400222192 -0.0089053763748611608 -0.0046861278417673138 0.0065505729654658984 0.00097511688661887385 -0.011914005195253662 0.05024608693997154 0.052104925050027763 0.18936636330766829 0.011891317924488592 0.0011919874563039456 0.04971292094523299 -0.043531789457311565 -0.0068904079645587084 0.028612076958127546 -0.010264723853686814
leaf_weight=6.8156387712806454 311.95067406154703 3.1071891952306023 29.129602828295901 2.4551070481538755 4.5707085113972425 9.39148110616952 2.6090428286697707 2.5094746444374323 3.8983336444944143 92.678271884680726 2.3910303468583143 237.3155387796578 48.949762638105312 1159.9552402621921 1.9714925029547874 2.4767145488876849 1597.1826360771956 661.65509840863524 1166.4023919379688 146.87305278892745 3.6350693273125207 13.197879474959334 1.8309384452877564 263.88235292362515 1255.5033557263087 5.1017160342307752 26.781790942070074 76.557537712738849 18.028774206526577 369.29600916468189
leaf_count=122 3503 30 212 21 41 86 30 21 30 967 59 2137 597 13253 56 39 19808 7418 9486 1596 43 135 18 2942 11489 67 529 788 167 4310
internal_value=-1.61079e-06 0.000461229 0.00609888 0.00973034 0.0682092 -0.00293321 0.00432055 0.113291 0.0179705 0.00176109 0.00727056 0.0111389 4.77566e-05 -0.000878026 -0.0223563 0.0560879 -0.000699809 0.0017229 -0.00229674 0.00250904 0.0181167 0.0111922 0.0968469 0.00187765 0.00305022 -0.00984522 -0.0327421 -0.00450963 -0.00452151 -0.00845513
internal_weight=7528.1 6828.83 466.613 332.805 13.4336 133.808 104.679 7.08018 6.35344 102.07 319.371 240.423 6362.22 4623.24 38.0456 4.44821 4585.2 1821.61 2763.59 1738.97 67.6136 62.1476 5.46601 1671.36 1519.39 151.975 33.5974 78.9486 699.275 387.325
internal_count=80000 72020 4422 3127 113 1295 1083 62 51 1053 3014 2167 67598 50711 746 95 49965 20671 29294 16887 793 732 61 16094 14431 1663 651 847 7980 4477
is_linear=0
shrinkage=0.06


Tree=183
num_leaves=31
num_cat=0
split_feature=20 1 6 11 13 15 6 17 8 6 21 10 8 12 15 10 21 10 21 15 15 17 13 15 1 1 11 11 15 21
split_gain=4.40386 4.01161 3.90852 5.14275 4.32274 4.71271 3.84772 5.56892 5.19158 5.17322 7.5005 6.11639 4.28658 7.59576 4.66464 3.97932 3.95616 6.81751 4.16008 3.95319 5.23876 4.82388 3.82033 6.24644 5.04826 4.97374 3.76725 6.84016 4.46688 3.66752
threshold=1.0000000180025095e-35 14.625000000000002 634.50000000000011 28.250000000000004 1.0000000180025095e-35 14.15 764.50000000000011 0.42979019077726605 19.500000000000004 769.50000000000011 7313.2500000000009 4650.0000000000009 19.500000000000004 34.500000000000007 19.950000000000003 2450.0000000000005 1037.1250000000002 5450.0000000000009 2140.6500000000005 9.8500000000000032 11.050000000000002 0.31347225380638877 3.5000000000000004 12.550000000000002 19.755000000000006 21.945000000000004 50.050000000000004 50.95000000000001 4.1500000000000012 3020.7000000000012
decision_type=2 2 2 2 2 2 2 2 2 2 2 2 2 2 2 2 2 2 2 2 2 2 2 2 2 2 2 2 2 2
left_child=6 -2 3 4 5 -3 12 22 9 11 -11 -9 13 16 -14 -16 17 -1 -18 21 -21 -15 25 24 -24 -8 28 -28 -5 -6
right_child=1 2 -4 26 29 -7 7 8 -10 10 -12 -13 14 19 15 -17 18 -19 -20 20 -22 -23 23 -25 -26 -27 27 -29 -30 -31
leaf_value=0.090340088207662442 -0.063142810468587537 0.0091293858308803058 0.0017319234224151443 -0.10642866236614178 -0.030553198424310962 -0.093965795965857385 -0.047173518993752071 -0.0049015134583724916 0.16102543988578458 0.0089341707408806571 0.1727792309638303 -0.10688074848963036 -0.0076335498070545637 -0.044995022738966162 -0.0014419966492684392 -0.068137841901855206 -0.0054491776637925907 -0.061562538409789314 -0.0002272742241465603 0.12772407029031119 0.026455428184699915 0.03206864182043568 -0.016380612875341961 -0.03201057831793451 0.10094114209332704 0.025004353275030613 -0.16666267598357279 0.016151817134072172 0.049270245399141849 0.045536356169086876
leaf_weight=4.0198975454841266 3.3977976617461527 2.7974078250117591 2513.8641575943911 0.68379963561892765 3.9024714427068812 3.7174542639404535 28.995296061126282 7.1983771459781547 0.74455365957692166 22.780491374200214 1.0522960871458042 2.9995016665197909 54.467814269883092 6.135510014195459 4.8282140344381324 9.6710134329041448 634.06512807437684 1.4463446085574103 4104.4088116390631 1.9333895321469743 37.667591306380928 5.5867792135104537 2.3440379715466397 9.0395747609290975 3.0232961403671652 3.8991732355207196 0.76350711495615797 21.060857007454615 22.168710849015042 5.486747819930315
leaf_count=517 301 25 22574 11 27 45 2494 175 11 739 6 28 568 75 61 117 9855 161 39826 17 417 43 213 541 50 42 17 586 374 84
internal_value=-1.86394e-06 0.00200886 0.00209485 0.0171546 -0.0121454 -0.0496979 -0.00104978 -0.0139326 0.00429501 0.000865918 0.0161685 -0.0348967 -0.000832404 -0.000618797 -0.0156844 -0.0459283 -0.000867178 0.0501473 -0.000926028 0.0223397 0.0313995 -0.0082669 -0.0273332 -0.00156757 0.049704 -0.0386179 0.0275849 0.00975621 0.0446114 0.013911
internal_weight=7524.15 2577.84 2574.45 60.581 15.9041 6.51486 4946.31 82.0766 34.7752 34.0307 23.8328 10.1979 4864.23 4795.26 68.967 14.4992 4743.94 5.46624 4738.47 51.3233 39.601 11.7223 47.3014 14.4069 5.36733 32.8945 44.6769 21.8244 22.8525 9.38922
internal_count=80000 24044 23743 1169 181 70 55956 4299 959 948 745 203 51657 50911 746 178 50359 678 49681 552 434 118 3340 804 263 2536 988 603 385 111
is_linear=0
shrinkage=0.06


Tree=184
num_leaves=31
num_cat=0
split_feature=7 6 4 5 21 17 17 27 18 21 16 15 6 17 11 22 4 6 10 15 10 26 6 16 21 6 16 3 15 16
split_gain=4.64222 3.83649 6.86094 6.40447 6.55519 6.14763 11.1787 5.20272 8.8735 5.89284 5.14066 4.30315 3.9476 3.8053 3.78155 4.00727 5.69792 5.59014 3.86733 5.42836 4.5098 3.51524 3.92031 3.80328 3.08799 3.0538 6.65041 5.95175 6.10661 3.95399
threshold=1.5000000000000002 744.50000000000011 34.505000000000003 2.5000000000000004 1723.7500000000002 0.080774900546050118 0.075986879599276788 1.0000000180025095e-35 0.024206748988543525 2571.8000000000006 0.18001988320955617 3.3500000000000001 714.50000000000011 0.22950371150619733 90.15000000000002 1.0000000180025095e-35 8.5950000000000006 739.50000000000011 950.00000000000011 12.750000000000002 5350.0000000000009 1.0000000180025095e-35 749.50000000000011 0.10476018228057381 2952.2500000000009 654.50000000000011 0.15759163817987995 33450.000000000007 3.0500000000000003 0.14304149408659886
decision_type=2 2 2 2 2 2 2 2 2 2 2 2 2 2 2 2 2 2 2 2 2 2 2 2 2 2 2 2 2 2
left_child=1 2 14 4 10 6 -6 8 -4 -10 11 -3 24 -7 15 17 -17 -1 19 -16 -20 23 -23 -5 -9 26 27 -2 -29 -30
right_child=25 3 7 21 5 13 -8 12 9 -11 -12 -13 -14 -15 18 16 -18 -19 20 -21 -22 22 -24 -25 -26 -27 -28 28 29 -31
leaf_value=0.0020207223738229001 -0.070732751375927799 0.047827272117969 0.086594559305399957 -0.016488274809617984 0.028009568875386338 -0.01864050796098041 0.29370011741374824 0.032571148547842335 0.029559366990899089 -0.011366433224188231 0.1198539895518991 -0.038471728468235725 0.022559131200498093 -0.00098410520082343458 -0.087636846507740354 -0.01300751257020794 -0.0017102205144881575 -0.017367584921794084 0.016161040568665956 0.0060519234202080505 0.0014959085214071017 0.048122088720987596 -0.042612116293756476 -0.12462447379955997 0.1051744287885524 0.001985313893626486 0.040241423216505305 -0.068379756895559571 0.012060038050212937 -0.06392686302364349
leaf_weight=1561.3982668725657 3.5882397964596739 2.2221606716339002 4.5905287032946935 1.8451879611820885 3.9783579559298223 50.837908772213268 0.66544387314934272 4.0035781562328356 17.637171623762697 44.935015633236617 0.8110562888905396 32.530251891235821 21.900460124947131 323.98853227218206 3.8248825173359347 169.37453479255782 3145.4141906397999 55.436698733828962 113.69547315628733 5.3271712325513363 224.64851920079673 2.1468445400241771 8.5079957001144049 3.2041398405563086 4.456455921754241 1573.4928438016796 23.640645488107111 3.6694292549509546 106.95931854186347 2.5234115894418201
leaf_count=13392 52 85 31 36 183 2684 39 27 127 510 37 2382 170 5136 33 3316 31919 520 1001 42 1937 24 132 34 30 14357 595 36 1067 66
internal_value=-2.10368e-06 -0.000811886 -0.000375391 -0.00626039 -0.00483724 -0.00252882 0.0660823 0.015394 0.0060764 0.000169289 -0.0294686 -0.0329535 0.0360061 -0.00337885 -0.000666704 -0.00109298 -0.00228747 0.00135595 0.00538288 -0.0331031 0.00642391 -0.0438719 -0.0243301 -0.085108 0.0708161 0.00274181 0.0112211 0.00534433 0.00775686 0.0103087
internal_weight=7521.25 5807.38 5376.64 430.738 415.034 379.47 4.6438 97.5232 67.1627 62.5722 35.5635 34.7524 30.3605 374.826 5279.12 4931.62 3314.79 1616.83 347.496 9.15205 338.344 15.7042 10.6548 5.04933 8.46003 1713.87 140.381 116.74 113.152 109.483
internal_count=80000 63827 53055 10772 10546 8042 222 895 668 637 2504 2467 227 7820 52160 49147 35235 13912 3013 75 2938 226 156 70 57 16173 1816 1221 1169 1133
is_linear=0
shrinkage=0.06


Tree=185
num_leaves=31
num_cat=0
split_feature=5 9 1 1 16 37 3 1 8 3 3 43 17 7 6 10 1 1 21 21 16 17 8 8 1 16 6 10 15 7
split_gain=4.22369 9.38478 4.12854 3.8085 3.76762 6.10348 13.5163 5.61258 5.12216 6.59772 5.73755 3.76584 3.73216 8.10806 7.86433 5.31356 4.84685 4.45147 3.73613 4.5092 4.93212 3.93486 3.56598 3.42733 3.54714 3.53059 3.46412 5.68463 5.08839 6.94626
threshold=1.0000000180025095e-35 1.0000000180025095e-35 16.755000000000006 26.415000000000003 0.12654883134731446 1.0000000180025095e-35 32650.000000000004 20.275000000000002 12.500000000000002 113050.00000000001 126350.00000000001 1.0000000180025095e-35 0.055678770612936669 1.0000000180025095e-35 729.50000000000011 2350.0000000000005 25.445000000000004 21.455000000000002 8698.7500000000018 7867.0000000000009 0.34944660005072098 0.17727432205874913 9.5000000000000018 21.500000000000004 28.125000000000004 0.31121171822093063 704.50000000000011 45350.000000000007 13.450000000000001 3.5000000000000004
decision_type=2 2 2 2 2 2 2 2 2 2 2 2 2 2 2 2 2 2 2 2 2 2 2 2 2 2 2 2 2 2
left_child=2 12 -1 4 8 7 -7 -6 9 -3 -10 -5 13 15 22 -2 -17 -16 19 21 -21 -14 -15 26 25 -25 27 -4 -28 -30
right_child=1 3 23 11 5 6 -8 -9 10 -11 -12 -13 18 14 17 16 -18 -19 -20 20 -22 -23 -24 24 -26 -27 28 -29 29 -31
leaf_value=-0.034761342341435672 0.15553141599247344 -0.010947138872657912 0.0005770387145260169 0.046717481391397017 0.012559742198239566 -0.10017720141963883 0.030377631553316006 0.053912708372884081 0.031502955770039233 0.031971164653380554 -0.022964330503357448 -0.093044384664766347 -0.0039461938403905798 0.016895885900797131 0.016861449880831762 0.012483364409536383 0.072305364776533501 0.1483259116559473 0.036142838557156769 -0.010099533763798475 -0.072310300463271984 0.0029865021579966711 -0.040597409462446131 -0.046942823362640392 0.033814276489290938 0.041909598984653955 -0.006248627736845723 -0.088019659410896914 -0.0011519653682941372 0.01999918749421661
leaf_weight=12.812592062095062 1.4401639721472772 66.802409819094464 3750.8983020629385 17.157915993244391 22.280262330546975 4.2196713131852439 8.8258154508657736 25.156077840132639 39.697340126382187 15.979100423166527 8.4432031614705902 0.72330084478016843 450.77403359126765 5.5373193277046147 2.249902156530879 12.25972928281408 8.0952278506010753 1.5772536769509313 10.43572691164445 19.020289191976193 6.0461832825094453 851.42334842000855 13.005169839598237 14.43173136474798 3.0167783529032013 1.8120981873944391 812.64676892227726 2.6089865155518046 1269.0344882743375 58.47212717612274
leaf_count=2756 19 509 32447 596 122 40 87 307 290 114 56 17 4068 45 42 119 57 8 354 198 59 7761 97 175 28 16 11197 27 17833 556
internal_value=-2.24762e-06 0.00274245 -0.00073924 0.014583 0.0121091 0.0244943 -0.0118514 0.0344897 0.00638751 -0.00266273 0.0219501 0.0410641 0.000949184 0.0181101 -0.00726583 0.0441549 0.0362748 0.0710408 0.000382609 0.000101441 -0.0251051 0.000586651 -0.0234283 -0.000665518 -0.0259344 -0.0370308 -0.000582939 0.000515457 -0.00250936 -0.000220329
internal_weight=7516.88 1591.15 5925.73 209.285 191.404 60.4818 13.0455 47.4363 130.922 82.7815 48.1405 17.8812 1381.86 44.1648 22.3696 21.7951 20.355 3.82716 1337.7 1327.26 25.0665 1302.2 18.5425 5912.92 19.2606 16.2438 5893.66 3753.51 2140.15 1327.51
internal_count=80000 14965 65035 2138 1525 556 127 429 969 623 346 613 12827 387 192 195 176 50 12440 12086 257 11829 142 62279 219 191 62060 32474 29586 18389
is_linear=0
shrinkage=0.06


Tree=186
num_leaves=31
num_cat=0
split_feature=11 18 4 18 16 16 36 17 7 6 8 14 17 6 10 7 4 1 10 6 6 11 1 4 1 40 21 21 9 2
split_gain=4.18714 4.56691 7.82917 6.04832 8.89827 5.61634 8.35224 7.95264 6.98638 9.42311 6.81691 6.54597 4.58007 5.27108 4.67217 4.67163 9.8163 6.69242 4.47157 6.01144 6.99652 5.25158 4.31448 4.14216 6.53779 5.69075 5.35689 5.25049 5.49101 5.6043
threshold=52.750000000000007 0.051019453717850126 9.4450000000000021 0.051458369631161939 0.18001988320955617 0.16666927910346777 1.0000000180025095e-35 0.25362077466676297 1.0000000180025095e-35 694.50000000000011 16.500000000000004 1.0000000180025095e-35 1.497793791136049 709.50000000000011 2050.0000000000005 1.0000000180025095e-35 23.075000000000003 27.425000000000004 2650.0000000000005 604.50000000000011 679.50000000000011 109.35000000000001 27.205000000000002 18.975000000000005 17.375000000000004 1.0000000180025095e-35 1141.7500000000002 7748.2500000000009 1.5000000000000002 811.92000000000019
decision_type=2 2 2 2 2 2 2 2 2 2 2 2 2 2 2 2 2 2 2 2 2 2 2 2 2 2 2 2 2 2
left_child=23 2 18 4 -3 6 10 -8 9 -7 -4 -10 15 14 -14 17 -17 -5 21 -20 -21 22 -2 24 -1 -25 -26 28 29 -27
right_child=1 3 5 12 -6 8 7 -9 11 -11 -12 -13 13 -15 -16 16 -18 -19 19 20 -22 -23 -24 25 26 27 -28 -29 -30 -31
leaf_value=-0.049495897494323704 -0.002563788480680351 -0.075349835850983801 0.011204852835208006 -0.0032247977600490716 0.044946791410535834 0.037506090072096321 0.017574146208960847 0.052168116754281811 -0.01916295157088178 -0.0048615563960610324 -0.02965452608553603 0.038091265422664146 -0.031066514268077036 -0.070321536902618539 0.073680312021523711 -0.00036541820772622875 0.0098216692934702844 0.0072154383589215724 0.1091377056759656 -0.042711097287391059 0.0014450894114413717 0.085796675955289392 0.022295731683911107 0.00093569106984975141 -0.045589261443908541 -0.019182782728776611 -0.0031064847510008072 -0.082453239311370247 -0.10508064315466929 0.031034615767462071
leaf_weight=11.145914660693959 201.08054362863186 8.3243630446959269 165.08824162391829 1369.4449861000176 3.015486405696719 33.539014012785628 75.916589286818635 34.93001229967922 62.167555773747154 43.293531063012779 16.136432527040597 8.1288909758441132 4.6661980382632446 7.0378438173793256 2.2830376427154988 1006.3988778940984 514.66995007626247 263.58067956339801 1.3097846601158369 26.298980592051521 25.389725947403349 2.6309581133536986 28.72316970047541 1910.4902231377782 10.756307800824287 39.606847556715365 1620.1991441955324 4.2633323171176007 2.2397764325141898 10.025618818821384
leaf_count=1765 2624 97 1920 12851 29 256 921 317 528 380 183 71 39 53 24 9669 4966 3069 9 204 535 29 251 18760 727 408 19167 37 18 93
internal_value=-1.75225e-06 0.0013601 0.00565862 0.000380404 -0.0433606 0.0106863 0.0155019 0.0284754 0.00112669 0.0136328 0.00756669 -0.0125422 0.000536971 -0.0337211 0.00334604 0.000688891 0.00308149 -0.00153968 -0.00207761 -0.0178047 -0.0210214 0.0015084 0.000543403 -0.00147505 -0.00369963 0.000382441 -0.00338666 -0.0184466 -0.013186 -0.00903901
internal_weight=7512.78 3904.05 724.633 3179.42 11.3398 439.2 292.071 110.847 147.129 76.8325 181.225 70.2964 3168.08 13.9871 6.94924 3154.09 1521.07 1633.03 285.433 52.9985 51.6887 232.435 229.804 3608.73 1642.1 1966.63 1630.96 56.1356 51.8722 49.6325
internal_count=80000 39025 8228 30797 126 4576 3341 1238 1235 636 2103 599 30671 116 63 30555 14635 15920 3652 748 739 2904 2875 40975 21659 19316 19894 556 519 501
is_linear=0
shrinkage=0.06


Tree=187
num_leaves=31
num_cat=0
split_feature=22 11 16 12 18 10 15 20 11 40 2 15 1 1 1 6 9 11 12 10 43 10 17 16 17 11 2 10 6 14
split_gain=4.1619 4.7932 4.29553 4.13993 6.96961 9.84076 5.90784 4.7124 6.04186 4.51837 3.56985 3.64768 5.08711 4.36458 3.6473 3.3652 3.31037 2.90428 8.49322 7.03511 5.80349 4.89335 4.24234 3.39212 7.29344 7.15051 6.74754 5.58124 4.95878 2.61075
threshold=1.0000000180025095e-35 1.0000000180025095e-35 0.013258417571005971 28.500000000000004 0.13797913565327097 6150.0000000000009 22.550000000000004 1.0000000180025095e-35 85.050000000000011 1.0000000180025095e-35 1360.7750000000003 21.150000000000002 27.765000000000004 30.205000000000002 20.955000000000002 609.50000000000011 1.0000000180025095e-35 78.550000000000011 15.500000000000002 3650.0000000000005 1.0000000180025095e-35 8350.0000000000018 0.10893068196376583 0.022118193636738427 0.085518082799302689 73.250000000000014 386.32500000000005 11150.000000000002 679.50000000000011 1.0000000180025095e-35
decision_type=2 2 2 2 2 2 2 2 2 2 2 2 2 2 2 2 2 2 2 2 2 2 2 2 2 2 2 2 2 2
left_child=15 10 29 7 5 -5 -6 9 -9 -4 11 13 16 14 -2 -1 -13 23 19 -19 22 -22 -20 26 25 -25 27 -17 -26 -3
right_child=1 2 3 4 6 -7 -8 8 -10 -11 -12 12 -14 -15 -16 17 -18 18 20 -21 21 -23 -24 24 28 -27 -28 -29 -30 -31
leaf_value=0.035446476705362877 0.035408376186240528 -0.027761521895665213 -0.0011107042514068933 -0.0033694888409401035 0.0040676547233253887 -0.021501541436981752 0.047628482241523384 0.0014604080079609022 0.014752773323146701 -0.015782979822553944 0.062283796898016539 -0.05824298736666287 -0.13567759031208027 0.051245625880222474 -0.028010502754258721 0.0051371970176715531 0.032774428863563056 0.022932636869780219 -0.003826468808862333 -0.079204087573476495 -0.068598492453030124 0.0277482923812357 0.014738085067021966 -0.0092093913511813019 0.007410608923362115 -0.064756952492638631 -0.063624087926226119 0.036959405230702506 -6.1765468202481629e-05 -0.11401792592886999
leaf_weight=10.816059669014065 3.6620598492008858 6.29709240097145 2613.6629812573228 505.97248058456171 99.958223231195007 136.91269779106369 12.623790850397198 1463.6924905283668 134.40722682606429 77.808940833288943 1.8331974805332709 4.9170816331024962 2.2349192313849926 3.2923943754285565 30.083356478484347 59.645936843502568 2.0334979926701635 3.6696534268558008 55.491205553524196 7.17394863080699 6.0613138354383391 2.7626995267346501 220.00079353526235 125.34623343183193 408.96532732516062 8.9376200223341566 4.0322809572098768 29.731779423076659 1464.9678678548371 1.5802443961147217
leaf_count=309 217 130 32544 5989 859 1517 119 13174 1256 1018 16 121 11 20 427 604 20 24 470 82 49 27 2356 1042 4581 70 28 233 12667 20
internal_value=-1.79028e-06 -0.000972264 -0.000792897 -0.000723771 -0.00481934 -0.007231 0.00895212 -2.47016e-06 0.00257835 -0.00153487 -0.0198319 -0.0230885 -0.056934 -0.0146948 -0.0211283 0.00205435 -0.0316145 0.00190366 0.00747686 -0.0446393 0.00946453 -0.0384334 0.0109987 0.00112094 0.000601062 -0.0129065 0.0122977 0.015723 0.001569 -0.0450651
internal_weight=7508.58 5100.97 5052.92 5045.04 755.467 642.885 112.582 4289.57 1598.1 2691.47 48.0565 46.2233 9.1855 37.0378 33.7454 2407.6 6.95058 2396.79 295.16 10.8436 284.316 8.82401 275.492 2101.63 2008.22 134.284 93.41 89.3777 1873.93 7.87734
internal_count=80000 57458 56626 56476 8484 7506 978 47992 14430 33562 832 816 152 664 644 22542 141 22233 3008 106 2902 76 2826 19225 18360 1112 865 837 17248 150
is_linear=0
shrinkage=0.06


Tree=188
num_leaves=31
num_cat=0
split_feature=17 17 2 3 12 21 15 8 11 6 4 2 8 8 15 13 2 6 20 3 11 2 11 4 34 13 32 6 3 15
split_gain=4.22887 5.62524 4.53888 4.51316 6.75155 6.38388 5.86902 4.93582 4.53255 4.026 4.42639 8.57752 6.62599 4.78066 7.14453 5.21484 3.73407 3.68461 8.60724 8.10838 7.17903 6.46051 5.63489 4.6104 3.66869 5.42169 3.5797 4.15009 6.42692 6.05836
threshold=0.24971626387090243 0.23671188596397777 268.42000000000002 97350.000000000015 17.500000000000004 7392.2500000000009 26.950000000000003 7.5000000000000009 89.550000000000011 724.50000000000011 23.535000000000004 359.04500000000002 12.500000000000002 14.500000000000002 18.050000000000004 3.5000000000000004 214.68500000000003 694.50000000000011 1.0000000180025095e-35 95350.000000000015 68.750000000000014 390.41500000000002 57.150000000000013 22.295000000000005 1.0000000180025095e-35 3.5000000000000004 1.0000000180025095e-35 654.50000000000011 24950.000000000004 20.250000000000004
decision_type=2 2 2 2 2 2 2 2 2 2 2 2 2 2 2 2 2 2 2 2 2 2 2 2 2 2 2 2 2 2
left_child=1 26 24 17 5 7 8 -5 -6 10 13 -12 -13 15 -15 -3 -11 18 21 23 -20 -4 -21 -19 -2 -26 27 29 -29 -1
right_child=2 9 3 4 6 -7 -8 -9 -10 16 11 12 -14 14 -16 -17 -18 19 20 22 -22 -23 -24 -25 25 -27 -28 28 -30 -31
leaf_value=0.0076819120191434012 0.031489929265934538 -0.00090875227867771846 0.019842461702191564 0.15395204167262552 0.0079658211133637521 0.016037258285222761 -0.060395017650185609 0.036584548181328821 0.068084782371099953 0.084341260555111541 -0.055329716473125609 -0.0018604785441805672 0.046418929127243096 -0.011667322150136755 -0.086847622854537815 -0.034969720341123035 -0.04078693814514249 -0.0025272883157638512 0.008302414699525397 0.0025260650741559501 0.034569470245482639 -0.00012112957288533579 -0.088019663347274624 0.0030010852348318455 -0.022722459276120738 0.069557649325475993 -0.0075694343922459795 -0.051450402548755395 -0.001269575641920721 -0.0073473058297043791
leaf_weight=428.99851780035533 31.611305519356392 63.250059554353356 61.321275864727795 3.0670630988897738 97.786540894943755 6.566451639868319 4.3525309760589144 2.2262273314408958 4.7331563357729456 0.89437250269111501 7.1008222810924044 28.113017292693257 16.091030878014863 10.872862890013495 7.8259891278576097 21.745219130418263 21.446823268503067 1499.1101166526496 252.38350133533822 4.0045669389073719 43.986407806223724 1207.1462200934766 6.475006373366341 851.52654515928589 11.816952028311787 2.8435784636531016 272.67682680822327 9.2234827444772218 2400.6439024999272 124.60216163890436
leaf_count=3269 322 690 630 28 888 69 37 21 51 20 49 221 121 119 78 243 679 14776 3350 50 1136 9524 51 6545 123 30 3972 126 31817 965
internal_value=-1.70688e-06 -0.00156096 0.00129933 0.00108557 0.0126105 0.0555606 0.00784427 0.10459 0.0107414 -0.0119657 -0.00853354 0.00588128 0.0157141 -0.0156656 -0.0431324 -0.00962292 -0.0357778 0.000737026 0.00299489 -0.000759383 0.0122009 0.000843966 -0.0534194 -0.000524615 0.0199845 -0.00482367 -0.000990784 -0.000385465 -0.00146164 0.0042992
internal_weight=7504.44 3413.49 4090.96 4044.69 118.732 11.8597 106.872 5.29329 102.52 177.34 154.999 51.3049 44.204 103.694 18.6989 84.9953 22.3412 3925.95 1564.84 2361.12 296.37 1268.47 10.4796 2350.64 46.2718 14.6605 3236.14 2963.47 2409.87 553.601
internal_count=80000 42369 37631 37156 1094 118 976 49 939 2220 1521 391 342 1130 197 933 699 36062 14640 21422 4486 10154 101 21321 475 153 40149 36177 31943 4234
is_linear=0
shrinkage=0.06


Tree=189
num_leaves=31
num_cat=0
split_feature=32 4 6 11 13 6 4 1 12 4 2 17 22 3 13 8 12 11 15 12 3 10 4 4 15 2 22 10 3 3
split_gain=3.92679 4.0168 3.5411 6.12437 6.98669 5.60569 5.49556 8.85359 8.00857 4.51803 6.48463 8.97793 3.93066 5.47077 3.60846 3.44276 3.97707 3.38229 6.85953 5.36635 9.89145 4.58453 5.58293 4.72377 5.11095 3.60538 3.4924 3.33399 6.65283 5.68841
threshold=1.0000000180025095e-35 39.015000000000008 649.50000000000011 95.350000000000009 3.5000000000000004 634.50000000000011 10.455000000000002 27.265000000000004 19.500000000000004 5.8150000000000004 399.19500000000005 0.31614293757570061 1.0000000180025095e-35 67450.000000000015 5.5000000000000009 4.5000000000000009 17.500000000000004 36.050000000000004 3.9500000000000006 17.500000000000004 36550.000000000007 550.00000000000011 4.785000000000001 6.6450000000000005 14.350000000000003 1204.0900000000004 1.0000000180025095e-35 14650.000000000002 59950.000000000007 75750.000000000015
decision_type=2 2 2 2 2 2 2 2 2 2 2 2 2 2 2 2 2 2 2 2 2 2 2 2 2 2 2 2 2 2
left_child=1 2 3 6 -5 -6 8 -8 -1 10 11 -4 -11 -14 -12 16 -2 18 -17 20 -20 22 -19 26 -25 -21 -23 28 -3 -30
right_child=15 27 9 4 5 -7 7 -9 -10 12 14 -13 13 -15 -16 17 -18 21 19 25 -22 23 -24 24 -26 -27 -28 -29 29 -31
leaf_value=0.022578360144238276 0.011922908808355661 0.042664536686266477 -0.015955980473971332 0.066369182984543862 -0.11836790494017477 0.043762716217292892 0.030848161451900002 0.003833082394916133 -0.015946061563759276 0.0023752880185809117 -0.0052945211079912504 -0.082799547903127491 0.00068639149277768656 -0.0040054088756122774 0.036420924019349966 -0.078267646831514021 0.11333983899553324 0.00048523296679561193 0.10528486251965481 -0.011285694446912464 -0.0078285634294875221 -0.010546931515307509 0.11318229564633273 0.0044545203526018505 -0.0075435746302726968 -0.051933534988149947 -0.069820768070865541 0.061934099943416351 -0.10341165876938783 0.013207533662676423
leaf_weight=24.465461744461209 6.0913820417190427 9.3533317940309662 37.077802131592762 10.889141201623714 1.512865470722317 1.5586862125201149 47.976617885753512 486.8235469457577 94.310719908215106 1958.3165753854846 111.95745644967246 8.9870004112017323 2634.585437955684 1354.753194910576 7.9983244691393329 5.5365187915740526 1.8043548618443308 3.7912593058426856 3.9807691766181952 122.35497034265427 9.2507286389154597 8.0389264184050244 2.7162619672017172 230.58329327456886 286.77799522990244 8.3945535866077972 6.4494327988650175 6.5420550928683943 2.6763903074897817 3.4425511839799583
leaf_count=190 70 110 1022 194 28 34 359 5246 738 17461 1723 96 26217 18359 121 76 18 83 42 1713 139 88 32 2406 3060 78 175 67 27 28
internal_value=-1.68521e-06 0.000437395 0.000354327 0.00450368 0.043826 -0.0360933 0.00366374 0.00625659 -0.00801082 -9.87302e-05 -0.00986135 -0.0289968 0.00017378 -0.000906913 -0.00251305 -0.004295 0.035099 -0.00474718 -0.0127306 -0.0102105 0.0262022 -0.00252994 0.0475254 -0.0031424 -0.00219613 -0.0138954 -0.0369324 0.0260253 0.0108422 -0.037801
internal_weight=7499 6803.23 6781.21 667.537 13.9607 3.07155 653.576 534.8 118.776 6113.68 166.021 46.0648 5947.66 3989.34 119.956 695.77 7.89574 687.875 149.518 143.981 13.2315 538.357 6.50752 531.85 517.361 130.75 14.4884 22.0143 15.4723 6.11894
internal_count=80000 72020 71788 6789 256 62 6533 5605 928 64999 2962 1118 62037 44576 1844 7980 88 7892 2048 1972 181 5844 115 5729 5466 1791 263 232 165 55
is_linear=0
shrinkage=0.06


Tree=190
num_leaves=31
num_cat=0
split_feature=7 1 18 18 13 15 12 27 13 0 18 8 10 8 10 18 11 1 15 27 11 15 37 15 12 34 3 11 13 15
split_gain=4.42968 3.34272 3.21138 6.12823 6.89156 6.1631 5.88811 7.60355 12.0824 6.43379 6.37774 6.8674 5.5463 5.40985 5.00738 4.97968 4.74874 4.5659 5.41673 5.01066 4.18241 4.81691 4.39775 3.83423 3.49614 3.72749 3.11521 3.09526 6.48967 8.2078
threshold=1.5000000000000002 15.725000000000003 0.1069750027377205 0.098037380762113532 2.5000000000000004 27.050000000000004 25.500000000000004 1.0000000180025095e-35 2.5000000000000004 13500.000000000002 0.19047068843439111 9.5000000000000018 14950.000000000002 13.500000000000002 16050.000000000002 0.13182961826531275 104.15000000000002 28.385000000000002 3.3500000000000001 1.0000000180025095e-35 49.850000000000001 30.850000000000005 1.0000000180025095e-35 7.3500000000000005 22.500000000000004 1.0000000180025095e-35 132350.00000000003 24.650000000000002 4.5000000000000009 5.3500000000000005
decision_type=2 2 2 2 2 2 2 2 2 2 2 2 2 2 2 2 2 2 2 2 2 2 2 2 2 2 2 2 2 2
left_child=1 26 3 12 5 23 16 10 9 -9 11 -8 20 14 -14 -10 17 19 -19 -4 22 -22 -2 -5 25 -6 -1 28 -3 -30
right_child=2 27 6 4 24 -7 7 8 15 -11 -12 -13 13 -15 -16 -17 -18 18 -20 -21 21 -23 -24 -25 -26 -27 -28 -29 29 -31
leaf_value=-0.05607228365090812 0.0029247645344016959 -0.0072950975564633523 -0.021287323426963517 0.094497689839848631 0.00071069509349929545 -0.059797573472630566 0.11712627813291167 0.039873777104747342 -0.00029299744442829156 -0.011140372939206656 0.066503716200433313 0.009471120794494919 -0.084090260757845967 -0.10654620134705621 0.026200282776959335 -0.057884838301266048 0.037383041670749038 -0.16030773523409556 0.04477052233473415 -0.0031598630177375117 0.006844497202604426 0.067938924552593774 -0.0083688179416928632 0.034596502859568688 -0.024271889684757783 0.089409973736033668 0.15003234494139686 -0.00027742667217833095 -0.067617387635978479 0.015820781186836389
leaf_weight=5.5405885829532044 562.02326201205142 517.20325396023691 96.396599054627586 4.2834535019937894 6.4132127445191163 2.3178832549601784 2.2452563754050052 19.119704199954867 8.1076226579025406 16.65056877490133 10.639087367919272 42.729759517707862 2.2393030542880279 3.1572570232674479 4.3818442455958575 16.212968032807112 8.1168288539047335 0.49127798154950042 8.2481265450478514 127.49945861799642 549.76772317953873 4.6854701810516408 159.31399269512622 37.744938831892796 13.700187431997618 2.3235606991220266 0.27721551312424697 5183.8548074513383 4.4984033778309813 75.117475735562039
leaf_count=1332 5468 6901 958 41 60 17 34 123 52 133 163 504 19 27 41 113 87 8 317 888 5069 43 1488 357 140 23 108 54485 63 938
internal_value=-1.61656e-06 -0.000794268 0.00268251 0.00401791 0.0217389 0.0354486 -0.00238379 0.00873979 -0.00605715 0.0161274 0.0247278 0.0148455 0.00309733 -0.0419181 -0.0111005 -0.0386858 -0.00772976 -0.00930378 0.0332422 -0.0109645 0.00344236 0.00736078 0.000430473 0.0407015 -0.00535822 0.0243004 -0.0462515 -0.000748518 -0.00484033 0.0111064
internal_weight=7495.3 5786.49 1708.81 1352.35 66.7832 44.3463 356.457 115.705 60.0909 35.7703 55.6141 44.975 1285.57 9.7784 6.62115 24.3206 240.752 232.635 8.7394 223.896 1275.79 554.453 721.337 42.0284 22.437 8.73677 5.8178 5780.67 596.819 79.6159
internal_count=80000 63827 16173 12793 638 415 3380 1122 421 256 701 538 12155 87 60 165 2258 2171 325 1846 12068 5112 6956 398 223 83 1440 62387 7902 1001
is_linear=0
shrinkage=0.06


Tree=191
num_leaves=31
num_cat=0
split_feature=20 4 3 12 2 4 11 22 11 15 15 6 11 11 3 15 21 2 41 3 37 15 12 12 21 11 3 21 2 21
split_gain=3.92005 3.96874 4.96927 5.33148 4.74619 8.34162 6.06598 4.52393 6.52069 4.02819 6.49313 3.87471 3.72029 3.53467 6.17986 6.03506 4.28442 8.14293 5.49145 5.43075 4.72536 5.03098 3.62241 4.47945 4.26199 3.58125 4.13442 3.34129 6.36194 6.26811
threshold=1.0000000180025095e-35 16.825000000000003 206050.00000000003 34.500000000000007 582.69000000000017 11.795000000000002 49.550000000000004 1.0000000180025095e-35 50.95000000000001 19.150000000000002 20.450000000000003 664.50000000000011 114.95000000000002 13.750000000000002 176850.00000000003 11.950000000000001 3624.6000000000008 600.8900000000001 1.0000000180025095e-35 27350.000000000004 1.0000000180025095e-35 13.550000000000002 37.500000000000007 38.500000000000007 3119.4000000000005 45.750000000000007 68950.000000000015 1899.3 471.37500000000006 5004.5000000000009
decision_type=2 2 2 2 2 2 2 2 2 2 2 2 2 2 2 2 2 2 2 2 2 2 2 2 2 2 2 2 2 2
left_child=13 2 3 9 6 -6 -5 -4 -9 11 -11 -2 27 14 16 -16 20 19 -19 -18 21 -1 -15 24 -24 -25 -27 -3 -29 -30
right_child=1 12 7 4 5 -7 -8 8 -10 10 -12 -13 -14 22 15 -17 17 18 -20 -21 -22 -23 23 25 -26 26 -28 28 29 -31
leaf_value=-0.037795486890385789 0.011415390843120035 -0.002794227547652637 0.0011192701507928093 -0.0067042119225802178 -0.080197511449392259 0.054781460337907879 -0.095488023695212546 0.1317521217783007 0.010053801472452151 -0.024079871099961684 -0.002107097664720327 -0.00040065425927655261 0.057120560053933067 -0.00076803535555611789 0.19265363958498763 0.0039416490387319475 -0.068192464852958254 -0.013066626689371707 0.093153258300530298 0.038118624516070072 -0.055498082107908166 -0.00070442898843510221 0.01437627594615201 0.038421977714674725 0.10748599395531855 0.01276065933116346 -0.10273392208943743 0.010244861709886515 -0.0031382217478759652 0.0077111354663466315
leaf_weight=21.209262225514976 119.50243769661756 240.57763817778323 6.5581790534779429 4.8401763166766631 2.6084003481082609 4.4776680218055844 6.4783680830150843 3.2384576793119759 3.1043409265694208 61.844371458690148 222.9746874331322 609.29225580469938 4.7061919359839512 4724.2323002760386 1.0675390684918959 1.4236872788460457 1.8889768160879636 92.67863495729398 1.7859426499344397 20.53322304575704 12.560451788856879 34.709547545935493 3.3628028454841106 4.3330381289124471 3.7360376749420539 2.5454471206758171 1.9867118881084023 493.95296952105127 444.05396961508086 337.3368104993715
leaf_count=492 1164 2120 41 45 24 36 57 40 36 594 2105 5740 67 52724 21 47 16 1046 15 200 393 821 41 46 38 30 26 4347 3815 3813
internal_value=-1.35319e-06 0.0019006 -0.000946205 -0.00140882 -0.0334128 0.00509535 -0.0575212 0.0360612 0.0721896 -0.000827714 -0.00687817 0.00153685 0.00385682 -0.00099151 -0.00906335 0.0848084 -0.0103249 -0.00334295 -0.0110584 0.0291624 -0.0222424 -0.0147726 -0.000671617 0.0278613 0.0633788 -0.000579482 -0.0378674 0.00369146 0.0049149 0.00154559
internal_weight=7493.6 2565.55 1044.92 1032.02 18.4046 7.08607 11.3185 12.901 6.3428 1013.61 284.819 728.795 1520.63 4928.05 187.857 2.49123 185.366 116.887 94.4646 22.4222 68.4793 55.9188 4740.2 15.964 7.09884 8.8652 4.53216 1515.92 1275.34 781.391
internal_count=80000 24044 9882 9765 162 60 102 117 76 9603 2699 6904 14162 55956 3051 68 2983 1277 1061 216 1706 1313 52905 181 79 102 56 14095 11975 7628
is_linear=0
shrinkage=0.06


Tree=192
num_leaves=31
num_cat=0
split_feature=17 1 12 17 17 4 18 11 10 4 2 1 4 33 15 11 1 15 3 1 4 34 21 11 10 11 36 1 4 1
split_gain=3.96191 5.74065 6.97794 5.0286 4.11377 5.33342 6.83666 7.90129 4.88439 4.57076 4.82534 4.39193 8.47568 4.8054 4.05058 3.96013 5.91942 4.90873 4.88759 3.87948 5.05726 9.96131 4.6625 3.98327 3.85241 5.96488 4.52867 3.81569 3.7918 4.85948
threshold=0.24971626387090243 18.075000000000003 38.500000000000007 0.23671188596397777 0.3438519571286644 31.845000000000002 0.23046865650636728 114.95000000000002 16450.000000000004 25.085000000000004 768.83500000000015 22.675000000000004 34.505000000000003 1.0000000180025095e-35 30.650000000000002 96.850000000000009 22.415000000000003 4.5500000000000007 66250.000000000015 24.455000000000002 26.495000000000001 1.0000000180025095e-35 7867.0000000000009 66.65000000000002 1650.0000000000002 32.250000000000007 1.0000000180025095e-35 23.075000000000003 20.905000000000005 24.415000000000003
decision_type=2 2 2 2 2 2 2 2 2 2 2 2 2 2 2 2 2 2 2 2 2 2 2 2 2 2 2 2 2 2
left_child=1 2 -1 -3 5 6 7 8 -2 -8 -11 12 -7 -14 15 -6 18 -18 -17 20 -5 -22 23 -21 25 -16 -27 -13 -26 -30
right_child=4 3 -4 19 14 11 9 -9 -10 10 -12 27 13 -15 24 16 17 -19 -20 22 21 -23 -24 -25 28 26 -28 -29 29 -31
leaf_value=-0.039637070864688935 0.0030917538047414905 -0.00079854105397933939 0.40421473481730086 -0.036560645496519779 -0.00028085972951608508 0.051036034165613094 -0.083447377779830106 0.078635293369263032 0.042561334611952904 0.019097554017378879 -0.071900954878453813 0.12072114445521082 -0.0031679597285613429 -0.11410580060616636 -0.0016293873398274545 0.0040592425092272249 -0.062226330708251509 0.034571265377030369 -0.065312783475829347 -0.010776383413826966 -0.030157435792962258 0.10357889713129335 -0.06052783495389024 0.012448034623318421 0.015829233622505292 -0.13818747961601138 -0.029207862287215391 0.031867869238954738 -0.096311217084974796 0.013346929287829209
leaf_weight=16.879045080000655 1322.0053476183093 3214.6556575553841 0.12848336971364815 35.890800484397914 2585.8906951313256 4.756624370813368 5.112523842835798 5.0481267459690562 11.384442496811969 5.999468887166584 3.2256935988552868 1.8580526076257253 2.8555502993986011 2.7683477103710175 4.6387414081254992 35.01102757663466 1.9854815646540362 37.64251393196173 4.0825242158025494 86.297696074703708 6.146164810867047 2.9758045912021771 5.4079876402392975 38.423062229063362 10.716161420103164 3.3380922938231379 2.3315079140593298 27.36636491632089 3.06626072525978 2.7682552763726562
leaf_count=3452 11865 36864 12 959 23979 40 42 44 112 68 35 11 21 21 51 255 23 466 30 646 95 43 43 255 87 31 19 365 23 43
internal_value=-1.61101e-06 -0.0015124 -0.036284 -0.00133795 0.00125871 0.00390631 0.00327093 0.0037124 0.00342874 -0.0379407 -0.0127212 0.025609 -0.00791594 -0.0577768 -0.00011097 0.000122721 0.0133798 0.0297214 -0.00318525 -0.0112385 -0.0264217 0.0134706 -0.00598653 -0.00362157 -0.0232949 -0.0520878 -0.0933718 0.0375171 -0.00536165 -0.0442826
internal_weight=7490.66 3406.8 17.0075 3389.8 4083.85 1392.38 1352.78 1338.44 1333.39 14.3377 9.22516 39.6049 10.3805 5.6239 2691.47 2664.61 78.7215 39.628 39.0936 175.142 45.0128 9.12197 130.129 124.721 26.859 10.3083 5.6696 29.2244 16.5507 5.83452
internal_count=80000 42369 3464 38905 37631 12624 12166 12021 11977 145 103 458 82 42 25007 24753 774 489 285 2041 1097 138 944 901 254 101 50 376 153 66
is_linear=0
shrinkage=0.06


Tree=193
num_leaves=31
num_cat=0
split_feature=7 2 21 3 1 10 2 5 41 3 21 3 10 42 12 10 21 10 3 22 3 16 16 8 10 10 3 32 5 14
split_gain=4.04925 3.17131 3.9795 3.06505 3.05677 3.00384 4.18745 6.5519 4.01536 3.65347 10.9908 4.40734 2.82323 2.72689 9.80117 6.88952 5.81501 3.80863 5.42289 3.82485 2.69325 2.9678 1.62029 1.37292 0.431031 0.955872 0.0825003 0.0697457 0.00245507 0.00173494
threshold=1.5000000000000002 1435.3650000000002 9052.5000000000018 60350.000000000007 15.725000000000003 4350.0000000000009 186.93000000000004 1.5000000000000002 1.0000000180025095e-35 81450.000000000015 8401.5000000000018 84550.000000000015 48600.000000000007 1.0000000180025095e-35 28.500000000000004 10550.000000000002 7392.2500000000009 22250.000000000004 188750.00000000003 1.0000000180025095e-35 132350.00000000003 0.10902035034168223 0.090366063642264391 8.5000000000000018 9850.0000000000018 9950.0000000000018 47050.000000000007 1.0000000180025095e-35 1.0000000180025095e-35 1.0000000180025095e-35
decision_type=2 2 2 2 2 2 2 2 2 2 2 2 2 2 2 2 2 2 2 2 2 2 2 2 2 2 2 2 2 2
left_child=4 2 5 -3 20 6 7 -2 -8 10 -7 -11 13 17 15 -15 -16 19 -19 -6 24 -22 -4 26 28 -26 -24 -25 -1 -30
right_child=1 3 22 -5 12 9 8 -9 -10 11 -12 -13 -14 14 16 -17 -18 18 -20 -21 21 -23 23 27 25 -27 -28 -29 29 -31
leaf_value=-0.060333033751772666 0.018270049782556447 -0.11894213543150715 -0.053737484423207194 0.0054052930440781893 0.0010372232747099034 -0.0039969625999978888 0.0033036613827490085 0.12288291693197585 0.030030894929206336 0.028157252752127257 -0.13468818187904572 0.0019421884651155813 -0.058491027860379775 0.013084475165158182 -0.027790279394796828 -0.016260703036043548 0.056166995015879122 0.01853107469056418 -0.013886252005852728 -0.0023500968802572294 -0.060559021530237879 0.31163224139978368 -0.014325512262528184 0.064946417200744455 0.088716423622594562 -0.061675682361557294 0.014992240267336364 0.08006613893140585 -0.062149170250852835 -0.065337899042394842
leaf_weight=1.7654757119016711 30.577117476204876 1.5185859994962805 0.53091832622885604 1.3462554459692908 1809.9517695028335 347.41003865975654 945.77337747317506 2.3186953403055659 20.678180350339971 24.867690120241605 2.3320835137274107 322.51748038531514 3.0433776634745291 224.34044420885039 40.017965702398214 33.044024131959304 3.2079359169583759 75.796291774488054 24.608530921395868 3561.40286434062 0.15306080650771026 0.15546505153179169 0.56882612174376823 3.663147923653014 0.2297365724807604 0.45046027872012928 0.88026112574152648 1.5686643198132513 1.8786399814416657 0.91267952299676824
leaf_count=1025 368 20 7 23 16804 3201 8924 21 186 217 51 2935 34 2373 452 316 30 653 252 41473 107 1 11 150 4 62 32 27 215 26
internal_value=-1.71025e-06 0.00256638 0.00267244 -0.0605084 -0.000759815 0.00248337 0.00459207 0.0256438 0.00387552 -0.00053949 -0.00486841 0.0038188 -0.000717063 -0.000686603 0.00487717 0.00931703 -0.0215595 -0.000992268 0.0105858 -0.00120869 -0.0452847 0.126987 0.0471481 0.0551653 -0.0554337 -0.0108807 0.00348382 0.0694798 -0.0620842 -0.0631918
internal_weight=7487.51 1706.55 1703.69 2.86484 5780.96 1696.47 999.347 32.8958 966.452 697.127 349.742 347.385 5775.41 5772.37 300.61 257.384 43.2259 5471.76 100.405 5371.35 5.54552 0.308526 7.21182 6.6809 5.23699 0.680197 1.44909 5.23181 4.5568 2.79132
internal_count=80000 16173 16130 43 63827 15903 9499 389 9110 6404 3252 3152 62387 62353 3171 2689 482 59182 905 58277 1440 108 227 220 1332 66 43 177 1266 241
is_linear=0
shrinkage=0.06


Tree=194
num_leaves=31
num_cat=0
split_feature=4 40 21 10 10 8 9 17 18 11 11 6 1 6 4 18 11 11 8 12 4 27 21 11 16 10 3 12 2 2
split_gain=3.82925 4.18049 6.5594 13.0192 5.99598 5.9331 5.81386 6.15832 4.19335 9.28598 7.73833 6.67468 6.54721 6.18906 4.95197 4.61811 6.12466 4.79526 4.36639 4.23577 4.2468 4.12791 3.93328 8.63595 6.97047 8.48784 7.563 6.44581 5.77154 5.71416
threshold=19.135000000000002 1.0000000180025095e-35 7748.2500000000009 2450.0000000000005 16450.000000000004 10.500000000000002 1.5000000000000002 0.66663333502048983 0.027776363241356173 23.650000000000002 15.450000000000001 709.50000000000011 26.955000000000002 704.50000000000011 19.215000000000003 0.043332827784759158 56.250000000000007 33.350000000000001 18.500000000000004 33.500000000000007 21.065000000000001 1.0000000180025095e-35 2689.1000000000008 93.950000000000017 0.046202020271382739 2650.0000000000005 167650.00000000003 37.500000000000007 420.79500000000007 576.28500000000008
decision_type=2 2 2 2 2 2 2 2 2 2 2 2 2 2 2 2 2 2 2 2 2 2 2 2 2 2 2 2 2 2
left_child=22 8 4 -4 6 -5 7 -3 10 11 19 13 -13 -10 -12 16 -11 -17 -16 20 -2 -6 23 28 26 -26 29 -27 -1 -24
right_child=1 2 3 5 21 -7 -8 -9 9 15 14 12 -14 -15 18 17 -18 -19 -20 -21 -22 -23 24 -25 25 27 -28 -29 -30 -31
leaf_value=-0.0046788990010580905 -0.017258982542254556 -0.012871753428234116 -0.20229055889193798 0.053978887564154525 0.074159433584100973 -0.083163259157193845 -0.087701999630045588 0.039520131522147749 -0.0087758364580864511 0.0077138270460120695 -0.060102893738916592 -0.025581830320924044 -0.12657519342894807 0.04072521752671867 0.020765683565463981 -0.0071405223297423808 0.052610897192103122 0.0018381996189332688 0.10100817116221789 -0.06329707699410099 0.0066120554890871184 -0.014025122653551908 0.020222762604820775 0.015692439378643418 0.002389130704195306 -0.004409599151590597 -0.007773596464229331 -0.094888373978371868 -0.021396206942721655 0.10604481380258172
leaf_weight=844.56985313566111 33.268521204823628 85.222054479585495 1.8695682785473753 2.2851281345356256 5.3124380934750643 2.2576182205229998 3.4059944013133636 8.9223460354842228 106.30995571496896 220.18901548767462 2.6719196336343876 51.084390820062254 2.4203442167490712 9.9432763077784312 110.35536133233109 231.66616182803409 11.510040290071627 2829.532239574648 2.4965001088567069 3.6532808675547122 138.63477074858383 2.9845012505538762 87.95780089776963 70.093246535456274 1323.501510837872 1164.3680852792022 42.271545929048443 2.8414845409570253 81.523012426070636 2.8845031189266583
leaf_count=13388 429 868 14 23 46 29 29 69 843 2216 21 736 16 90 1141 2274 111 26781 28 39 1479 29 769 714 13291 11183 499 30 2784 31
internal_value=-1.49939e-06 0.00131163 -0.0100975 -0.0690232 -0.00652778 -0.0141769 -0.0106925 -0.00790642 0.00165283 0.0010714 0.00856952 -0.0126133 -0.0301504 -0.00454195 0.0206294 0.00177688 0.00994416 0.00115871 0.0225408 0.00063363 0.00199228 0.0424385 -0.00140386 -0.0046136 -0.000185214 -0.000900145 0.013192 -0.00462986 -0.00615051 0.0229479
internal_weight=7486.01 3866 112.26 6.41231 105.847 4.54275 97.5504 94.1444 3753.74 3462.66 291.08 169.758 53.5047 116.253 115.524 3292.9 231.699 3061.2 112.852 175.557 171.903 8.29694 3620.01 996.186 2623.82 2490.71 133.114 1167.21 926.093 90.8423
internal_count=80000 37311 1107 66 1041 52 966 937 36204 33067 3137 1685 752 933 1190 31382 2327 29055 1169 1947 1908 75 42689 16886 25803 24504 1299 11213 16172 800
is_linear=0
shrinkage=0.06


Tree=195
num_leaves=31
num_cat=0
split_feature=20 4 3 4 15 15 3 22 18 3 15 11 16 11 18 9 21 2 16 16 27 15 8 3 13 11 3 16 8 15
split_gain=3.80632 3.40919 4.41147 4.20486 4.18815 6.9012 6.61131 4.32958 3.64877 9.37869 8.37166 8.61391 6.33519 4.81641 6.11725 6.39145 4.7691 4.42002 6.09692 5.84386 4.38297 4.61935 3.61057 5.67422 3.96316 3.21688 5.36916 4.95357 4.88388 3.97565
threshold=1.0000000180025095e-35 16.825000000000003 206050.00000000003 14.095000000000001 19.150000000000002 20.450000000000003 37750.000000000007 1.0000000180025095e-35 0.038731485181739682 129250.00000000001 10.250000000000002 28.650000000000002 0.076746014866191981 60.45000000000001 0.053714210145116466 1.5000000000000002 1992.3750000000002 464.04000000000002 0.25372185206700543 0.079431756619800592 1.0000000180025095e-35 8.5500000000000025 11.500000000000002 188750.00000000003 6.5000000000000009 13.750000000000002 160150.00000000003 0.030694431975589159 5.5000000000000009 20.650000000000002
decision_type=2 2 2 2 2 2 2 2 2 2 2 2 2 2 2 2 2 2 2 2 2 2 2 2 2 2 2 2 2 2
left_child=25 2 4 -4 22 6 -6 -7 9 10 12 -12 -3 17 15 -15 -16 18 -10 -19 -11 -22 23 -2 -24 26 27 -1 -29 -30
right_child=1 8 3 -5 5 7 -8 -9 13 20 11 -13 -14 14 16 -17 -18 19 -20 -21 21 -23 24 -25 -26 -27 -28 28 29 -31
leaf_value=-0.067066898482935955 -0.0034445458715295398 0.02414220665696298 0.012987245411605326 0.089367128265477616 -0.061641270492392417 0.010819001465890786 -0.014629822399250514 -0.0076005292479483467 0.005026342993462528 -0.0071944639786160067 0.01059559732091191 0.03780249405048499 -0.020172786733267979 0.047331537194852134 -0.006663510205765011 -0.042208936682033536 0.0083188454959331765 -0.020597866996366652 -0.079744744219674063 -0.0016553610662537832 0.032101109203727551 -0.082679415397857933 0.0063443989860621948 0.092673989285603178 -0.04194917170136956 -0.00067273947639118247 0.054567558434200178 -0.063346500579808854 -0.0020494459899869756 -0.024414848232014924
leaf_weight=5.3760491087450637 377.93466047203401 16.534367430605926 9.4772828722489049 3.5729878777347031 13.723866918357087 63.975901008816436 50.020434311911231 162.95561325416202 339.12550478358753 15.760483108402696 128.1745428146678 62.234389692777768 39.021335103898309 21.955267929122787 95.543752578785643 3.301422473974525 383.4400665514404 71.280051193432882 3.0820990093052378 330.39834451739443 1.554164260625839 6.7203840352594852 352.91083676493145 2.2240411614184259 6.2252899232553309 4736.1843818925408 4.7081417103181584 5.6788772365543982 134.99792689499736 36.307987751250039
leaf_count=150 3575 138 88 29 116 554 493 1588 2941 127 1105 546 327 202 774 28 4133 563 30 3161 19 68 3353 18 68 52905 104 89 2148 560
internal_value=-1.62432e-06 0.00187438 -0.00076661 0.033899 -0.00120584 -0.00730759 -0.0247512 -0.00240775 0.00368886 0.0100132 0.0135089 0.0194881 -0.00698385 0.00232074 0.00684782 0.0356273 0.00533029 -0.000747918 0.00426285 -0.00501681 -0.0257597 -0.0611208 0.00119324 -0.00288222 0.00550727 -0.000977549 -0.00869468 -0.010328 -0.00860448 -0.00678975
internal_weight=7484.4 2561.15 1043.02 13.0503 1029.97 290.676 63.7443 226.932 1518.13 270 245.965 190.409 55.5557 1248.13 504.241 25.2567 478.984 743.886 342.208 401.678 24.035 8.27455 739.295 380.159 359.136 4923.25 187.069 182.361 176.985 171.306
internal_count=80000 24044 9882 117 9765 2751 609 2142 14162 2330 2116 1651 465 11832 5137 230 4907 6695 2971 3724 214 87 7014 3593 3421 55956 3051 2947 2797 2708
is_linear=0
shrinkage=0.06


Tree=196
num_leaves=31
num_cat=0
split_feature=17 16 4 1 12 16 11 6 4 1 13 2 1 12 16 16 1 1 10 3 1 11 6 15 4 6 20 2 11 4
split_gain=3.77988 5.31608 8.54968 5.21238 7.98192 4.94601 7.10069 9.69913 6.80499 5.97304 5.89644 5.27125 5.10671 4.99103 16.0426 4.48039 14.5363 4.47679 4.40725 4.17102 4.00808 9.35783 3.96708 6.48982 6.39772 3.56281 7.53548 7.00247 6.65963 4.49247
threshold=0.24971626387090243 0.083491263243104616 12.315000000000003 18.075000000000003 39.500000000000007 0.086975710945321 57.45000000000001 709.50000000000011 28.915000000000003 23.525000000000002 5.5000000000000009 768.83500000000015 21.155000000000005 16.500000000000004 0.10476018228057381 0.018684990038548895 17.755000000000006 25.745000000000001 11550.000000000002 126350.00000000001 24.945000000000004 43.650000000000013 679.50000000000011 6.7500000000000009 28.585000000000004 694.50000000000011 1.0000000180025095e-35 390.41500000000002 68.750000000000014 29.635000000000002
decision_type=2 2 2 2 2 2 2 2 2 2 2 2 2 2 2 2 2 2 2 2 2 2 2 2 2 2 2 2 2 2
left_child=3 2 -2 4 15 8 13 9 22 -8 11 -10 -9 14 -7 16 -1 -15 -12 25 21 -21 23 -5 -24 26 27 -3 -28 -27
right_child=1 19 -4 5 -6 6 7 12 10 -11 18 -13 -14 17 -16 -17 -18 -19 -20 20 -22 -23 24 -25 -26 29 28 -29 -30 -31
leaf_value=-0.063399668274938634 0.17858228432530088 0.019820449182366279 -0.0030608345242306803 0.016894762924466365 0.46820844628324221 0.054590774254536102 0.030172036275127115 0.0024173194437652041 0.012482078370723933 0.0017945226159178859 0.00073384985410007426 -0.022125567515446979 -0.037947199736111298 -0.022934061503918163 -0.043407452339430365 -0.045181426058290529 0.55552768328606628 -0.0084383771885996658 -0.057850689259309682 -0.093473301036709311 0.088132916958044358 0.058882671659616241 -0.0028765130698412992 0.00010949366607518629 -0.040456474998231157 -0.001123592207344511 0.0080965785859268939 0.00023981168370914568 0.033263789543332797 0.0084356127996767487
leaf_weight=0.47849968081573635 1.5850791215198108 69.433888724306598 2.2670888443244621 91.109582748496905 0.11261158023262297 14.608301867730917 29.879637766396627 17.289793290547095 268.73232991620898 251.11046165064909 10.885676917620005 16.836953870253637 32.480803565587848 119.56434480060125 10.221445888979359 15.640781273323226 0.19119152199709788 213.93994817486964 8.0349705219268781 2.1149266827851516 3.8001873198663816 4.6252242792397738 1361.912393388222 922.94844375480898 16.506195436930284 2260.3063538417337 259.91972816048656 1239.4909290035721 44.303229017532431 192.02399585291278
leaf_count=112 19 739 31 723 7 214 481 688 2298 1802 96 133 420 2988 125 3330 15 1497 57 25 40 36 19951 7274 158 20790 3480 9799 1181 1491
internal_value=-1.71552e-06 0.00122982 0.0716812 -0.00147843 -0.0351987 -0.00131488 -0.00585147 0.000487943 -0.000155745 0.0048121 0.00829246 0.0104416 -0.023925 -0.0117031 0.0142487 -0.0386744 0.113299 -0.0136352 -0.0241451 0.00116323 0.0388581 0.0110764 -0.00123095 0.00161759 -0.00332652 0.0010655 0.0032555 0.0012785 0.0117616 -0.000375081
internal_weight=7482.35 4079.87 3.85217 3402.48 16.4231 3386.06 689.095 330.761 2696.97 280.99 304.49 285.569 49.7706 358.334 24.8297 16.3105 0.669691 333.504 18.9206 4076.02 10.5403 6.74015 2392.48 1014.06 1378.42 4065.48 1613.15 1308.92 304.223 2452.33
internal_count=80000 37631 50 42369 3464 38905 8215 3391 30690 2283 2584 2431 1108 4824 339 3457 127 4485 153 37581 101 61 28106 7997 20109 37480 15199 10538 4661 22281
is_linear=0
shrinkage=0.06


Tree=197
num_leaves=31
num_cat=0
split_feature=7 6 36 21 12 16 8 8 8 4 15 18 41 15 10 12 16 16 27 6 2 4 42 16 37 21 10 11 4 3
split_gain=3.86418 3.53423 5.51662 5.01695 4.66666 5.20298 3.8335 3.63454 3.58807 3.55001 6.36678 4.69334 4.38515 7.59197 4.54727 4.37839 2.96893 8.62638 6.22992 6.62238 6.19007 5.44715 4.51571 4.50464 5.17319 4.54716 3.28695 5.48066 8.00995 5.8892
threshold=1.5000000000000002 624.50000000000011 1.0000000180025095e-35 5955.5000000000009 29.500000000000004 0.048518989235854772 5.5000000000000009 6.5000000000000009 12.500000000000002 14.975000000000003 29.350000000000005 0.1197441737293143 1.0000000180025095e-35 9.9500000000000011 3350.0000000000005 40.500000000000007 0.29961288265335356 0.29410599066078141 1.0000000180025095e-35 709.50000000000011 1435.3650000000002 12.845000000000001 1.0000000180025095e-35 0.44172210118444211 1.0000000180025095e-35 5779.0000000000009 4350.0000000000009 30.250000000000004 18.815000000000001 35950.000000000007
decision_type=2 2 2 2 2 2 2 2 2 2 2 2 2 2 2 2 2 2 2 2 2 2 2 2 2 2 2 2 2 2
left_child=1 2 6 4 5 -4 -1 -8 -9 10 12 -12 14 -14 -3 -11 17 26 20 22 23 -19 -20 24 -18 -25 27 29 -29 -2
right_child=16 9 3 -5 -6 -7 7 8 -10 15 11 -13 13 -15 -16 -17 18 21 19 -21 -22 -23 -24 25 -26 -27 -28 28 -30 -31
leaf_value=0.082416681865323096 -0.024623901260334001 -0.00034196521153571484 0.040908775713937598 0.052913695284684918 0.067723737616886381 -0.0056384056952458305 -0.065254230827620566 0.0086075085106152686 -0.013527981431711762 -7.7896210465583086e-05 -0.044362307541784815 0.074332211134761295 0.031556432181316825 -0.039929100935114516 -0.0078534518850683788 -0.086157279181442878 0.014352044997263865 -0.019471689980243168 0.0041701744013642409 -0.033933437294497312 -0.1045393533583448 0.087652821573044687 -0.057136383913289443 -0.0097443840154365201 -0.042494992409798912 0.061801563893195785 -0.00017836847653971815 0.0039255487895886497 0.01879019109095887 0.0016404169410449436
leaf_weight=1.984549254993907 36.132824502943549 968.03222213733534 11.700173588003961 14.344195303739978 4.9829812170937648 33.107864786928985 3.1496578259393564 68.619860904931556 42.808722650981508 4153.7891050109756 19.076164301455723 1.2797411943320174 6.7652830714068832 25.536410944303498 414.31259485067858 2.1283416495425618 27.748318882891908 2.2686353186145407 48.201252964325249 38.911311446689069 1.6229803739115585 6.9247886646771803 4.7516677752137175 4.4841444566845885 7.2735900593688703 11.149305918836033 685.35102453426225 437.78319587139413 185.92996191233397 205.71886111830827
leaf_count=28 344 13745 90 231 43 321 32 688 436 42057 321 9 86 344 5377 19 404 16 279 226 20 57 25 51 100 158 6377 4228 1806 2082
internal_value=-2.22092e-06 -0.000743475 0.00751528 0.0216486 0.0126414 0.00651589 -0.000261131 -0.00169315 0.000103478 -0.0010104 -0.00358335 -0.0369002 -0.00310394 -0.0249571 -0.00259329 -0.000121979 0.00250811 0.00326932 -0.00573073 -0.0151406 0.0108044 0.061218 -0.0013311 0.0145 0.00254566 0.04128 0.00292581 0.00538369 0.00835672 -0.00228349
internal_weight=7475.87 5771.62 180.698 64.1352 49.791 44.808 116.563 114.578 111.429 5590.92 1435 20.3559 1414.65 32.3017 1382.34 4155.92 1704.25 1560.11 144.143 91.8642 52.2783 9.19342 52.9529 50.6554 35.0219 15.6335 1550.92 865.565 623.713 241.852
internal_count=80000 63827 1869 685 454 411 1184 1156 1124 61958 19882 330 19552 430 19122 42076 16173 14910 1263 530 733 73 304 713 504 209 14837 8460 6034 2426
is_linear=0
shrinkage=0.06


Tree=198
num_leaves=31
num_cat=0
split_feature=32 4 20 6 4 2 10 13 6 16 8 8 4 6 8 2 0 6 6 4 4 6 4 4 10 16 10 3 3 1
split_gain=3.70773 3.5142 3.32572 3.8258 5.23723 5.29294 5.17237 3.45436 5.61539 4.57002 3.39721 3.35517 4.40774 3.37764 3.1009 3.24562 5.23742 7.80761 6.18058 5.28746 3.47819 3.37409 4.45232 4.3225 3.15283 3.99155 2.96065 5.92663 5.03157 2.86369
threshold=1.0000000180025095e-35 39.015000000000008 1.0000000180025095e-35 669.50000000000011 16.905000000000005 924.82500000000016 5150.0000000000009 5.5000000000000009 649.50000000000011 0.013258417571005971 2.5000000000000004 19.500000000000004 22.885000000000002 764.50000000000011 4.5000000000000009 1239.5550000000001 27500.000000000004 729.50000000000011 714.50000000000011 22.985000000000003 30.055000000000003 704.50000000000011 14.005000000000001 12.205000000000002 4050.0000000000005 0.12465948966206475 14650.000000000002 59950.000000000007 75750.000000000015 25.145000000000003
decision_type=2 2 2 2 2 2 2 2 2 2 2 2 2 2 2 2 2 2 2 2 2 2 2 2 2 2 2 2 2 2
left_child=1 2 10 7 5 -5 -6 9 -9 -4 -1 13 -13 -12 -2 16 21 18 -18 -19 24 23 -23 -16 29 -26 27 -3 -29 -17
right_child=14 26 3 4 6 -7 -8 8 -10 -11 11 12 -14 -15 15 20 17 19 -20 -21 -22 22 -24 -25 25 -27 -28 28 -30 -31
leaf_value=0.058189571709795246 0.033314316198361331 0.040657870042003205 -0.083572521885391396 -0.00029879908521657906 0.0073100109589036046 -0.013064365040297392 -0.00068236142450945692 0.02250666996277699 -0.040620964326509322 0.0099590624535281433 -0.00023645951106804737 -0.0019440536115543873 -0.034459869142915843 -0.013193613171879353 -0.017554300684200372 -0.072394567344972113 0.013643263450272343 -0.056754361968122488 0.069259955873154228 0.020915216473275426 0.038476169036697323 0.009557390917853105 -0.015569610600475597 0.0004126177753864116 -0.08140408589907544 0.0054970942130104982 0.058750184490891637 -0.096884080064962838 0.0127404782773147 -0.021047817225244649
leaf_weight=3.5352119368035337 7.8494490713928817 9.1822000982938352 1.8913610409945238 614.53685280922218 639.44112492672866 144.40395703981631 535.71953531797044 8.4134793903213012 12.775518160546197 331.61696027184371 4329.4487836535991 39.404808490362484 24.240955629968084 73.65858236659551 56.483904057880864 8.158447941066699 44.531879532150924 8.6209486275911313 8.5789380515925568 4.976976176374591 3.0020431694574645 29.834370202821447 170.29385052614089 328.8739239362767 2.271323107823263 11.727435722947119 6.4122398114996022 2.6954997321590772 3.4192272101063281 7.5093848095275453
leaf_count=39 88 110 11 6067 5435 1083 4560 127 149 4169 45604 519 212 3813 680 112 384 141 90 53 25 960 2502 2770 22 98 67 27 28 55
internal_value=-1.80092e-06 0.000425348 0.000347937 0.00220794 0.00115744 -0.00272771 0.00366653 0.00793616 -0.015555 0.00942863 -0.000604389 -0.000650922 -0.0143285 -0.000453217 -0.00418306 -0.00461283 -0.00368839 0.0122406 0.022627 -0.0283265 -0.0230681 -0.0055033 -0.0118238 -0.00222089 -0.029296 -0.00860277 0.024527 0.0101811 -0.0355843 -0.0477847
internal_weight=7473.51 6780.8 6759.09 2288.8 1934.1 758.941 1175.16 354.697 21.189 333.508 4470.29 4466.75 63.6458 4403.11 692.713 684.863 652.195 66.7087 53.1108 13.5979 32.6686 585.486 200.128 385.358 29.6666 13.9988 21.7092 15.2969 6.11473 15.6678
internal_count=80000 72020 71788 21601 17145 7150 9995 4456 276 4180 50187 50148 731 49417 7980 7892 7580 668 474 194 312 6912 3462 3450 287 120 232 165 55 167
is_linear=0
shrinkage=0.06


Tree=199
num_leaves=31
num_cat=0
split_feature=11 15 17 4 11 8 15 3 1 16 16 15 4 2 8 18 4 12 20 21 3 17 11 1 15 15 2 4 18 4
split_gain=3.66439 5.09124 6.81734 10.8898 10.1596 8.77933 7.99669 6.16099 5.74652 7.37069 10.8941 20.3311 5.90904 6.033 5.53477 5.1763 5.45039 8.01852 5.04013 6.37934 10.0478 4.92305 4.38383 4.2634 4.24139 5.78659 5.59153 3.95864 3.80273 6.6881
threshold=52.750000000000007 20.450000000000003 0.44335184984663273 19.745000000000001 23.150000000000002 12.500000000000002 20.850000000000005 68550.000000000015 22.185000000000006 0.053203979680958989 0.015544388381265442 8.0500000000000025 19.055000000000003 1319.4400000000003 13.500000000000002 0.17444749985947525 30.055000000000003 22.500000000000004 1.0000000180025095e-35 6156.2500000000009 132350.00000000003 0.48470133247410357 30.250000000000004 17.375000000000004 22.250000000000004 21.750000000000004 624.1400000000001 31.845000000000002 0.051019453717850126 9.4450000000000021
decision_type=2 2 2 2 2 2 2 2 2 2 2 2 2 2 2 2 2 2 2 2 2 2 2 2 2 2 2 2 2 2
left_child=1 8 18 6 21 -6 -4 -8 9 10 11 -1 23 -14 -12 16 22 -18 24 27 -21 -5 -10 -11 25 -3 -26 -20 29 -2
right_child=28 2 3 4 5 -7 7 -9 15 12 14 -13 13 -15 -16 -17 17 -19 19 20 -22 -23 -24 -25 26 -27 -28 -29 -30 -31
leaf_value=0.88874896258096658 -0.0019740155642440477 -0.014785623851422087 -0.040720082311000876 -0.050602997357980982 -0.0048841016435316915 -0.04994036763353496 0.023501476676689378 -0.076641697561439653 -0.003518129583733205 -0.056775365599469968 -0.056924200510906631 0.045650798198364512 0.0047463071375285501 -0.056004963229036378 0.0022260623212330076 -0.054472932455509465 0.025306054961363868 0.0002723006553277929 -0.00049930161027187596 -0.011376331645639493 -0.11522831703237374 0.036650614944832627 0.002171614605966341 -0.010055256329375538 -0.014318906254024958 -0.044690384021796419 0.0061148548588375682 0.042908170834986485 0.00037955889611780333 0.0098636979590640151
leaf_weight=0.12624575625523249 283.09645204432309 93.95193649653811 8.0963299683062342 2.6854002126492587 37.077115339809097 26.838100059190765 98.63116087456001 2.2623480662005013 734.70284381578676 7.3008728481654535 21.204195536483898 0.55847032002930064 191.85528796461585 6.0709167460445306 7.7860843641974489 6.0487171034328631 79.979369748267345 108.61838628188707 202.43125317886006 14.614122757920997 4.352796600200235 17.487865013536066 1448.841286713141 190.60526584627223 170.65738136660366 30.973459572269348 67.191073721507564 7.8570054508745661 3160.9932672984141 437.11441204862786
leaf_count=16 3652 1259 90 26 367 236 1001 22 6704 1077 1719 72 3255 54 588 56 642 897 1905 161 32 149 12140 4644 2629 404 754 76 30797 4576
internal_value=-1.83551e-06 -0.00138381 -0.00565441 0.00413595 -0.0120866 -0.0238033 0.0166521 0.021256 -0.000187931 -0.00660975 -0.0354509 0.201099 -0.00444757 0.00288291 -0.0410379 0.000961064 0.00110241 0.0108885 -0.00884734 -0.00188334 -0.0352098 0.0250357 0.000257171 -0.0117788 -0.0132482 -0.0222001 -0.00854646 0.00112253 0.00127602 0.0052106
internal_weight=7470.01 3588.81 785.107 193.078 84.0885 63.9152 108.99 100.894 2803.7 425.507 29.675 0.684716 395.832 197.926 28.9903 2378.19 2372.14 188.598 592.029 229.255 18.9669 20.1733 2183.54 197.906 362.774 124.925 237.848 210.288 3881.2 720.211
internal_count=80000 40975 9111 1891 778 603 1113 1023 31864 11425 2395 88 9030 3309 2307 20439 20383 1539 7220 2174 193 175 18844 5721 5046 1663 3383 1981 39025 8228
is_linear=0
shrinkage=0.06


end of trees

feature_importances:
Column_1=787
Column_11=712
Column_4=465
Column_17=417
Column_7=374
Column_18=348
Column_20=335
Column_16=282
Column_6=257
Column_15=219
Column_3=201
Column_21=187
Column_10=168
Column_5=163
Column_32=142
Column_12=128
Column_2=127
Column_9=122
Column_8=121
Column_22=120
Column_13=59
Column_14=28
Column_29=25
Column_40=22
Column_43=18
Column_28=16
Column_19=15
Column_23=15
Column_27=15
Column_26=12
Column_39=12
Column_34=11
Column_0=10
Column_36=10
Column_37=10
Column_42=10
Column_38=9
Column_35=8
Column_33=7
Column_41=6
Column_30=4
Column_25=3

parameters:
[boosting: gbdt]
[objective: binary]
[metric: binary_logloss]
[tree_learner: serial]
[device_type: cpu]
[data_sample_strategy: bagging]
[data: ]
[valid: ]
[num_iterations: 200]
[learning_rate: 0.06]
[num_leaves: 31]
[num_threads: 10]
[seed: 42]
[deterministic: 0]
[force_col_wise: 0]
[force_row_wise: 0]
[histogram_pool_size: -1]
[max_depth: 6]
[min_data_in_leaf: 20]
[min_sum_hessian_in_leaf: 0.001]
[bagging_fraction: 0.85]
[pos_bagging_fraction: 1]
[neg_bagging_fraction: 1]
[bagging_freq: 0]
[bagging_seed: 400]
[bagging_by_query: 0]
[feature_fraction: 0.85]
[feature_fraction_bynode: 1]
[feature_fraction_seed: 30056]
[extra_trees: 0]
[extra_seed: 12879]
[early_stopping_round: 0]
[early_stopping_min_delta: 0]
[first_metric_only: 0]
[max_delta_step: 0]
[lambda_l1: 0]
[lambda_l2: 0]
[linear_lambda: 0]
[min_gain_to_split: 0]
[drop_rate: 0.1]
[max_drop: 50]
[skip_drop: 0.5]
[xgboost_dart_mode: 0]
[uniform_drop: 0]
[drop_seed: 17869]
[top_rate: 0.2]
[other_rate: 0.1]
[min_data_per_group: 100]
[max_cat_threshold: 32]
[cat_l2: 10]
[cat_smooth: 10]
[max_cat_to_onehot: 4]
[top_k: 20]
[monotone_constraints: ]
[monotone_constraints_method: basic]
[monotone_penalty: 0]
[feature_contri: ]
[forcedsplits_filename: ]
[refit_decay_rate: 0.9]
[cegb_tradeoff: 1]
[cegb_penalty_split: 0]
[cegb_penalty_feature_lazy: ]
[cegb_penalty_feature_coupled: ]
[path_smooth: 0]
[interaction_constraints: ]
[verbosity: -1]
[saved_feature_importance_type: 0]
[use_quantized_grad: 0]
[num_grad_quant_bins: 4]
[quant_train_renew_leaf: 0]
[stochastic_rounding: 1]
[linear_tree: 0]
[max_bin: 255]
[max_bin_by_feature: ]
[min_data_in_bin: 3]
[bin_construct_sample_cnt: 200000]
[data_random_seed: 175]
[is_enable_sparse: 1]
[enable_bundle: 1]
[use_missing: 1]
[zero_as_missing: 0]
[feature_pre_filter: 1]
[pre_partition: 0]
[two_round: 0]
[header: 0]
[label_column: ]
[weight_column: ]
[group_column: ]
[ignore_column: ]
[categorical_feature: ]
[forcedbins_filename: ]
[precise_float_parser: 0]
[parser_config_file: ]
[objective_seed: 16083]
[num_class: 1]
[is_unbalance: 0]
[scale_pos_weight: 1]
[sigmoid: 1]
[boost_from_average: 1]
[reg_sqrt: 0]
[alpha: 0.9]
[fair_c: 1]
[poisson_max_delta_step: 0.7]
[tweedie_variance_power: 1.5]
[lambdarank_truncation_level: 30]
[lambdarank_norm: 1]
[label_gain: ]
[lambdarank_position_bias_regularization: 0]
[eval_at: ]
[multi_error_top_k: 1]
[auc_mu_weights: ]
[num_machines: 1]
[local_listen_port: 12400]
[time_out: 120]
[machine_list_filename: ]
[machines: ]
[gpu_platform_id: -1]
[gpu_device_id: -1]
[gpu_use_dp: 0]
[num_gpu: 1]

end of parameters

pandas_categorical:null
